"table_name","column_name","data_type","length","precision_scale","nullable","default_value","primary_key","foreign_key","foreign_table","foreign_column","classification","approvalStatus","validation_rule"
"organizations","id","BIGINT UNSIGNED","N/A","N/A","NO","N/A","YES","NO","N/A","N/A","P0_CORE","APPROVED","NOT NULL; PRIMARY KEY"
"organizations","code","VARCHAR","80","N/A","NO","N/A","NO","NO","N/A","N/A","P0_CORE","APPROVED","NOT NULL"
"organizations","name","VARCHAR","180","N/A","NO","N/A","NO","NO","N/A","N/A","P0_CORE","APPROVED","NOT NULL"
"organizations","description","TEXT","N/A","N/A","YES","N/A","NO","NO","N/A","N/A","P0_CORE","APPROVED","N/A"
"organizations","status","VARCHAR","40","N/A","NO","active","NO","NO","N/A","N/A","P0_CORE","APPROVED","NOT NULL; ENUM/CHECK; ENUM/CHECK common_status"
"organizations","status_changed_at","DATETIME","N/A","N/A","YES","N/A","NO","NO","N/A","N/A","P0_CORE","APPROVED","Required by service when status is changed"
"organizations","status_changed_by","BIGINT UNSIGNED","N/A","N/A","YES","N/A","NO","YES","user_profiles","id","P0_CORE","APPROVED","FK user_profiles.id; set null if user profile is removed"
"organizations","is_active","TINYINT","1","N/A","NO","1","NO","NO","N/A","N/A","P0_CORE","APPROVED","NOT NULL"
"organizations","metadata_json","JSON","N/A","N/A","YES","N/A","NO","NO","N/A","N/A","P0_CORE","APPROVED","JSON_VALID"
"organizations","created_at","TIMESTAMP","N/A","N/A","NO","CURRENT_TIMESTAMP","NO","NO","N/A","N/A","P0_CORE","APPROVED","NOT NULL; valid timestamp"
"organizations","created_by","BIGINT UNSIGNED","N/A","N/A","YES","N/A","NO","YES","user_profiles","id","P0_CORE","APPROVED","FK user_profiles.id; FOREIGN KEY to user_profiles.id"
"organizations","updated_at","TIMESTAMP","N/A","N/A","YES","CURRENT_TIMESTAMP ON UPDATE CURRENT_TIMESTAMP","NO","NO","N/A","N/A","P0_CORE","APPROVED","valid timestamp"
"organizations","updated_by","BIGINT UNSIGNED","N/A","N/A","YES","N/A","NO","YES","user_profiles","id","P0_CORE","APPROVED","FK user_profiles.id; FOREIGN KEY to user_profiles.id"
"organizations","deleted_at","TIMESTAMP","N/A","N/A","YES","N/A","NO","NO","N/A","N/A","P0_CORE","APPROVED","valid timestamp"
"organizations","deleted_by","BIGINT UNSIGNED","N/A","N/A","YES","N/A","NO","YES","user_profiles","id","P0_CORE","APPROVED","FK user_profiles.id; FOREIGN KEY to user_profiles.id"
"organizations","base_currency","VARCHAR","3","N/A","NO","'THB'","NO","NO","N/A","N/A","P0_CORE","APPROVED","NOT NULL"
"organizations","default_locale","VARCHAR","20","N/A","NO","'th-TH'","NO","NO","N/A","N/A","P0_CORE","APPROVED","NOT NULL"
"organizations","legal_name","VARCHAR","220","N/A","YES","N/A","NO","NO","N/A","N/A","P0_CORE","APPROVED","N/A"
"organizations","tax_id","VARCHAR","40","N/A","YES","N/A","NO","NO","N/A","N/A","P0_CORE","APPROVED","N/A"
"organizations","timezone","VARCHAR","80","N/A","NO","'Asia/Bangkok'","NO","NO","N/A","N/A","P0_CORE","APPROVED","NOT NULL"
"branches","id","BIGINT UNSIGNED","N/A","N/A","NO","N/A","YES","NO","N/A","N/A","P1_PRODUCTION_EXTENSION","APPROVED_DEFERRED","NOT NULL; PRIMARY KEY"
"branches","organization_id","BIGINT UNSIGNED","N/A","N/A","NO","N/A","NO","YES","organizations","id","P1_PRODUCTION_EXTENSION","APPROVED_DEFERRED","NOT NULL; FK organizations.id; FOREIGN KEY to organizations.id"
"branches","code","VARCHAR","80","N/A","NO","N/A","NO","NO","N/A","N/A","P1_PRODUCTION_EXTENSION","APPROVED_DEFERRED","NOT NULL"
"branches","name","VARCHAR","180","N/A","NO","N/A","NO","NO","N/A","N/A","P1_PRODUCTION_EXTENSION","APPROVED_DEFERRED","NOT NULL"
"branches","description","TEXT","N/A","N/A","YES","N/A","NO","NO","N/A","N/A","P1_PRODUCTION_EXTENSION","APPROVED_DEFERRED","N/A"
"branches","status","VARCHAR","40","N/A","NO","active","NO","NO","N/A","N/A","P1_PRODUCTION_EXTENSION","APPROVED_DEFERRED","NOT NULL; ENUM/CHECK; ENUM/CHECK common_status"
"branches","status_changed_at","DATETIME","N/A","N/A","YES","N/A","NO","NO","N/A","N/A","P1_PRODUCTION_EXTENSION","APPROVED_DEFERRED","Required by service when status is changed"
"branches","status_changed_by","BIGINT UNSIGNED","N/A","N/A","YES","N/A","NO","YES","user_profiles","id","P1_PRODUCTION_EXTENSION","APPROVED_DEFERRED","FK user_profiles.id; set null if user profile is removed"
"branches","is_active","TINYINT","1","N/A","NO","1","NO","NO","N/A","N/A","P1_PRODUCTION_EXTENSION","APPROVED_DEFERRED","NOT NULL"
"branches","sort_order","INT","N/A","N/A","NO","0","NO","NO","N/A","N/A","P1_PRODUCTION_EXTENSION","APPROVED_DEFERRED","NOT NULL"
"branches","created_at","TIMESTAMP","N/A","N/A","NO","CURRENT_TIMESTAMP","NO","NO","N/A","N/A","P1_PRODUCTION_EXTENSION","APPROVED_DEFERRED","NOT NULL; valid timestamp"
"branches","created_by","BIGINT UNSIGNED","N/A","N/A","YES","N/A","NO","YES","user_profiles","id","P1_PRODUCTION_EXTENSION","APPROVED_DEFERRED","FK user_profiles.id; FOREIGN KEY to user_profiles.id"
"branches","updated_at","TIMESTAMP","N/A","N/A","YES","CURRENT_TIMESTAMP ON UPDATE CURRENT_TIMESTAMP","NO","NO","N/A","N/A","P1_PRODUCTION_EXTENSION","APPROVED_DEFERRED","valid timestamp"
"branches","updated_by","BIGINT UNSIGNED","N/A","N/A","YES","N/A","NO","YES","user_profiles","id","P1_PRODUCTION_EXTENSION","APPROVED_DEFERRED","FK user_profiles.id; FOREIGN KEY to user_profiles.id"
"branches","deleted_at","TIMESTAMP","N/A","N/A","YES","N/A","NO","NO","N/A","N/A","P1_PRODUCTION_EXTENSION","APPROVED_DEFERRED","valid timestamp"
"branches","deleted_by","BIGINT UNSIGNED","N/A","N/A","YES","N/A","NO","YES","user_profiles","id","P1_PRODUCTION_EXTENSION","APPROVED_DEFERRED","FK user_profiles.id; FOREIGN KEY to user_profiles.id"
"branches","address_line1","VARCHAR","180","N/A","YES","N/A","NO","NO","N/A","N/A","P1_PRODUCTION_EXTENSION","APPROVED_DEFERRED","N/A"
"branches","city","VARCHAR","120","N/A","YES","N/A","NO","NO","N/A","N/A","P1_PRODUCTION_EXTENSION","APPROVED_DEFERRED","N/A"
"branches","country_code","VARCHAR","2","N/A","YES","N/A","NO","NO","N/A","N/A","P1_PRODUCTION_EXTENSION","APPROVED_DEFERRED","non-negative where business rule applies"
"branches","parent_branch_id","BIGINT UNSIGNED","N/A","N/A","YES","N/A","NO","YES","branches","id","P1_PRODUCTION_EXTENSION","APPROVED_DEFERRED","FK branches.id; FOREIGN KEY to branches.id"
"departments","id","BIGINT UNSIGNED","N/A","N/A","NO","N/A","YES","NO","N/A","N/A","P1_PRODUCTION_EXTENSION","APPROVED_DEFERRED","NOT NULL; PRIMARY KEY"
"departments","organization_id","BIGINT UNSIGNED","N/A","N/A","NO","N/A","NO","YES","organizations","id","P1_PRODUCTION_EXTENSION","APPROVED_DEFERRED","NOT NULL; FK organizations.id; FOREIGN KEY to organizations.id"
"departments","branch_id","BIGINT UNSIGNED","N/A","N/A","YES","N/A","NO","YES","branches","id","P1_PRODUCTION_EXTENSION","APPROVED_DEFERRED","FK branches.id; FOREIGN KEY to branches.id"
"departments","code","VARCHAR","80","N/A","NO","N/A","NO","NO","N/A","N/A","P1_PRODUCTION_EXTENSION","APPROVED_DEFERRED","NOT NULL"
"departments","name","VARCHAR","180","N/A","NO","N/A","NO","NO","N/A","N/A","P1_PRODUCTION_EXTENSION","APPROVED_DEFERRED","NOT NULL"
"departments","description","TEXT","N/A","N/A","YES","N/A","NO","NO","N/A","N/A","P1_PRODUCTION_EXTENSION","APPROVED_DEFERRED","N/A"
"departments","status","VARCHAR","40","N/A","NO","active","NO","NO","N/A","N/A","P1_PRODUCTION_EXTENSION","APPROVED_DEFERRED","NOT NULL; ENUM/CHECK; ENUM/CHECK common_status"
"departments","status_changed_at","DATETIME","N/A","N/A","YES","N/A","NO","NO","N/A","N/A","P1_PRODUCTION_EXTENSION","APPROVED_DEFERRED","Required by service when status is changed"
"departments","status_changed_by","BIGINT UNSIGNED","N/A","N/A","YES","N/A","NO","YES","user_profiles","id","P1_PRODUCTION_EXTENSION","APPROVED_DEFERRED","FK user_profiles.id; set null if user profile is removed"
"departments","is_active","TINYINT","1","N/A","NO","1","NO","NO","N/A","N/A","P1_PRODUCTION_EXTENSION","APPROVED_DEFERRED","NOT NULL"
"departments","sort_order","INT","N/A","N/A","NO","0","NO","NO","N/A","N/A","P1_PRODUCTION_EXTENSION","APPROVED_DEFERRED","NOT NULL"
"departments","created_at","TIMESTAMP","N/A","N/A","NO","CURRENT_TIMESTAMP","NO","NO","N/A","N/A","P1_PRODUCTION_EXTENSION","APPROVED_DEFERRED","NOT NULL; valid timestamp"
"departments","created_by","BIGINT UNSIGNED","N/A","N/A","YES","N/A","NO","YES","user_profiles","id","P1_PRODUCTION_EXTENSION","APPROVED_DEFERRED","FK user_profiles.id; FOREIGN KEY to user_profiles.id"
"departments","updated_at","TIMESTAMP","N/A","N/A","YES","CURRENT_TIMESTAMP ON UPDATE CURRENT_TIMESTAMP","NO","NO","N/A","N/A","P1_PRODUCTION_EXTENSION","APPROVED_DEFERRED","valid timestamp"
"departments","updated_by","BIGINT UNSIGNED","N/A","N/A","YES","N/A","NO","YES","user_profiles","id","P1_PRODUCTION_EXTENSION","APPROVED_DEFERRED","FK user_profiles.id; FOREIGN KEY to user_profiles.id"
"departments","deleted_at","TIMESTAMP","N/A","N/A","YES","N/A","NO","NO","N/A","N/A","P1_PRODUCTION_EXTENSION","APPROVED_DEFERRED","valid timestamp"
"departments","deleted_by","BIGINT UNSIGNED","N/A","N/A","YES","N/A","NO","YES","user_profiles","id","P1_PRODUCTION_EXTENSION","APPROVED_DEFERRED","FK user_profiles.id; FOREIGN KEY to user_profiles.id"
"departments","parent_department_id","BIGINT UNSIGNED","N/A","N/A","YES","N/A","NO","YES","departments","id","P1_PRODUCTION_EXTENSION","APPROVED_DEFERRED","FK departments.id; FOREIGN KEY to departments.id"
"teams","id","BIGINT UNSIGNED","N/A","N/A","NO","N/A","YES","NO","N/A","N/A","P1_PRODUCTION_EXTENSION","APPROVED_DEFERRED","NOT NULL; PRIMARY KEY"
"teams","organization_id","BIGINT UNSIGNED","N/A","N/A","NO","N/A","NO","YES","organizations","id","P1_PRODUCTION_EXTENSION","APPROVED_DEFERRED","NOT NULL; FK organizations.id; FOREIGN KEY to organizations.id"
"teams","code","VARCHAR","80","N/A","NO","N/A","NO","NO","N/A","N/A","P1_PRODUCTION_EXTENSION","APPROVED_DEFERRED","NOT NULL"
"teams","name","VARCHAR","180","N/A","NO","N/A","NO","NO","N/A","N/A","P1_PRODUCTION_EXTENSION","APPROVED_DEFERRED","NOT NULL"
"teams","description","TEXT","N/A","N/A","YES","N/A","NO","NO","N/A","N/A","P1_PRODUCTION_EXTENSION","APPROVED_DEFERRED","N/A"
"teams","status","VARCHAR","40","N/A","NO","active","NO","NO","N/A","N/A","P1_PRODUCTION_EXTENSION","APPROVED_DEFERRED","NOT NULL; ENUM/CHECK; ENUM/CHECK common_status"
"teams","status_changed_at","DATETIME","N/A","N/A","YES","N/A","NO","NO","N/A","N/A","P1_PRODUCTION_EXTENSION","APPROVED_DEFERRED","Required by service when status is changed"
"teams","status_changed_by","BIGINT UNSIGNED","N/A","N/A","YES","N/A","NO","YES","user_profiles","id","P1_PRODUCTION_EXTENSION","APPROVED_DEFERRED","FK user_profiles.id; set null if user profile is removed"
"teams","is_active","TINYINT","1","N/A","NO","1","NO","NO","N/A","N/A","P1_PRODUCTION_EXTENSION","APPROVED_DEFERRED","NOT NULL"
"teams","sort_order","INT","N/A","N/A","NO","0","NO","NO","N/A","N/A","P1_PRODUCTION_EXTENSION","APPROVED_DEFERRED","NOT NULL"
"teams","created_at","TIMESTAMP","N/A","N/A","NO","CURRENT_TIMESTAMP","NO","NO","N/A","N/A","P1_PRODUCTION_EXTENSION","APPROVED_DEFERRED","NOT NULL; valid timestamp"
"teams","created_by","BIGINT UNSIGNED","N/A","N/A","YES","N/A","NO","YES","user_profiles","id","P1_PRODUCTION_EXTENSION","APPROVED_DEFERRED","FK user_profiles.id; FOREIGN KEY to user_profiles.id"
"teams","updated_at","TIMESTAMP","N/A","N/A","YES","CURRENT_TIMESTAMP ON UPDATE CURRENT_TIMESTAMP","NO","NO","N/A","N/A","P1_PRODUCTION_EXTENSION","APPROVED_DEFERRED","valid timestamp"
"teams","updated_by","BIGINT UNSIGNED","N/A","N/A","YES","N/A","NO","YES","user_profiles","id","P1_PRODUCTION_EXTENSION","APPROVED_DEFERRED","FK user_profiles.id; FOREIGN KEY to user_profiles.id"
"teams","deleted_at","TIMESTAMP","N/A","N/A","YES","N/A","NO","NO","N/A","N/A","P1_PRODUCTION_EXTENSION","APPROVED_DEFERRED","valid timestamp"
"teams","deleted_by","BIGINT UNSIGNED","N/A","N/A","YES","N/A","NO","YES","user_profiles","id","P1_PRODUCTION_EXTENSION","APPROVED_DEFERRED","FK user_profiles.id; FOREIGN KEY to user_profiles.id"
"teams","department_id","BIGINT UNSIGNED","N/A","N/A","YES","N/A","NO","YES","departments","id","P1_PRODUCTION_EXTENSION","APPROVED_DEFERRED","FK departments.id; FOREIGN KEY to departments.id"
"teams","team_lead_user_id","BIGINT UNSIGNED","N/A","N/A","YES","N/A","NO","YES","user_profiles","id","P1_PRODUCTION_EXTENSION","APPROVED_DEFERRED","FK user_profiles.id; FOREIGN KEY to user_profiles.id"
"positions","id","BIGINT UNSIGNED","N/A","N/A","NO","N/A","YES","NO","N/A","N/A","P1_PRODUCTION_EXTENSION","APPROVED_DEFERRED","NOT NULL; PRIMARY KEY"
"positions","organization_id","BIGINT UNSIGNED","N/A","N/A","NO","N/A","NO","YES","organizations","id","P1_PRODUCTION_EXTENSION","APPROVED_DEFERRED","NOT NULL; FK organizations.id; FOREIGN KEY to organizations.id"
"positions","code","VARCHAR","80","N/A","NO","N/A","NO","NO","N/A","N/A","P1_PRODUCTION_EXTENSION","APPROVED_DEFERRED","NOT NULL"
"positions","name","VARCHAR","180","N/A","NO","N/A","NO","NO","N/A","N/A","P1_PRODUCTION_EXTENSION","APPROVED_DEFERRED","NOT NULL"
"positions","description","TEXT","N/A","N/A","YES","N/A","NO","NO","N/A","N/A","P1_PRODUCTION_EXTENSION","APPROVED_DEFERRED","N/A"
"positions","status","VARCHAR","40","N/A","NO","active","NO","NO","N/A","N/A","P1_PRODUCTION_EXTENSION","APPROVED_DEFERRED","NOT NULL; ENUM/CHECK; ENUM/CHECK common_status"
"positions","status_changed_at","DATETIME","N/A","N/A","YES","N/A","NO","NO","N/A","N/A","P1_PRODUCTION_EXTENSION","APPROVED_DEFERRED","Required by service when status is changed"
"positions","status_changed_by","BIGINT UNSIGNED","N/A","N/A","YES","N/A","NO","YES","user_profiles","id","P1_PRODUCTION_EXTENSION","APPROVED_DEFERRED","FK user_profiles.id; set null if user profile is removed"
"positions","is_active","TINYINT","1","N/A","NO","1","NO","NO","N/A","N/A","P1_PRODUCTION_EXTENSION","APPROVED_DEFERRED","NOT NULL"
"positions","sort_order","INT","N/A","N/A","NO","0","NO","NO","N/A","N/A","P1_PRODUCTION_EXTENSION","APPROVED_DEFERRED","NOT NULL"
"positions","created_at","TIMESTAMP","N/A","N/A","NO","CURRENT_TIMESTAMP","NO","NO","N/A","N/A","P1_PRODUCTION_EXTENSION","APPROVED_DEFERRED","NOT NULL; valid timestamp"
"positions","created_by","BIGINT UNSIGNED","N/A","N/A","YES","N/A","NO","YES","user_profiles","id","P1_PRODUCTION_EXTENSION","APPROVED_DEFERRED","FK user_profiles.id; FOREIGN KEY to user_profiles.id"
"positions","updated_at","TIMESTAMP","N/A","N/A","YES","CURRENT_TIMESTAMP ON UPDATE CURRENT_TIMESTAMP","NO","NO","N/A","N/A","P1_PRODUCTION_EXTENSION","APPROVED_DEFERRED","valid timestamp"
"positions","updated_by","BIGINT UNSIGNED","N/A","N/A","YES","N/A","NO","YES","user_profiles","id","P1_PRODUCTION_EXTENSION","APPROVED_DEFERRED","FK user_profiles.id; FOREIGN KEY to user_profiles.id"
"positions","deleted_at","TIMESTAMP","N/A","N/A","YES","N/A","NO","NO","N/A","N/A","P1_PRODUCTION_EXTENSION","APPROVED_DEFERRED","valid timestamp"
"positions","deleted_by","BIGINT UNSIGNED","N/A","N/A","YES","N/A","NO","YES","user_profiles","id","P1_PRODUCTION_EXTENSION","APPROVED_DEFERRED","FK user_profiles.id; FOREIGN KEY to user_profiles.id"
"positions","department_id","BIGINT UNSIGNED","N/A","N/A","YES","N/A","NO","YES","departments","id","P1_PRODUCTION_EXTENSION","APPROVED_DEFERRED","FK departments.id; FOREIGN KEY to departments.id"
"positions","grade_level","INT","N/A","N/A","YES","N/A","NO","NO","N/A","N/A","P1_PRODUCTION_EXTENSION","APPROVED_DEFERRED","N/A"
"positions","is_managerial","TINYINT","1","N/A","NO","0","NO","NO","N/A","N/A","P1_PRODUCTION_EXTENSION","APPROVED_DEFERRED","NOT NULL"
"system_settings","id","BIGINT UNSIGNED","N/A","N/A","NO","N/A","YES","NO","N/A","N/A","P1_PRODUCTION_EXTENSION","APPROVED_DEFERRED","NOT NULL; PRIMARY KEY"
"system_settings","organization_id","BIGINT UNSIGNED","N/A","N/A","NO","N/A","NO","YES","organizations","id","P1_PRODUCTION_EXTENSION","APPROVED_DEFERRED","NOT NULL; FK organizations.id; FOREIGN KEY to organizations.id"
"system_settings","description","TEXT","N/A","N/A","YES","N/A","NO","NO","N/A","N/A","P1_PRODUCTION_EXTENSION","APPROVED_DEFERRED","N/A"
"system_settings","status","VARCHAR","40","N/A","NO","active","NO","NO","N/A","N/A","P1_PRODUCTION_EXTENSION","APPROVED_DEFERRED","NOT NULL; ENUM/CHECK; ENUM/CHECK common_status"
"system_settings","status_changed_at","DATETIME","N/A","N/A","YES","N/A","NO","NO","N/A","N/A","P1_PRODUCTION_EXTENSION","APPROVED_DEFERRED","Required by service when status is changed"
"system_settings","status_changed_by","BIGINT UNSIGNED","N/A","N/A","YES","N/A","NO","YES","user_profiles","id","P1_PRODUCTION_EXTENSION","APPROVED_DEFERRED","FK user_profiles.id; set null if user profile is removed"
"system_settings","is_active","TINYINT","1","N/A","NO","1","NO","NO","N/A","N/A","P1_PRODUCTION_EXTENSION","APPROVED_DEFERRED","NOT NULL"
"system_settings","metadata_json","JSON","N/A","N/A","YES","N/A","NO","NO","N/A","N/A","P1_PRODUCTION_EXTENSION","APPROVED_DEFERRED","JSON_VALID"
"system_settings","created_at","TIMESTAMP","N/A","N/A","NO","CURRENT_TIMESTAMP","NO","NO","N/A","N/A","P1_PRODUCTION_EXTENSION","APPROVED_DEFERRED","NOT NULL; valid timestamp"
"system_settings","created_by","BIGINT UNSIGNED","N/A","N/A","YES","N/A","NO","YES","user_profiles","id","P1_PRODUCTION_EXTENSION","APPROVED_DEFERRED","FK user_profiles.id; FOREIGN KEY to user_profiles.id"
"system_settings","updated_at","TIMESTAMP","N/A","N/A","YES","CURRENT_TIMESTAMP ON UPDATE CURRENT_TIMESTAMP","NO","NO","N/A","N/A","P1_PRODUCTION_EXTENSION","APPROVED_DEFERRED","valid timestamp"
"system_settings","updated_by","BIGINT UNSIGNED","N/A","N/A","YES","N/A","NO","YES","user_profiles","id","P1_PRODUCTION_EXTENSION","APPROVED_DEFERRED","FK user_profiles.id; FOREIGN KEY to user_profiles.id"
"system_settings","deleted_at","TIMESTAMP","N/A","N/A","YES","N/A","NO","NO","N/A","N/A","P1_PRODUCTION_EXTENSION","APPROVED_DEFERRED","valid timestamp"
"system_settings","deleted_by","BIGINT UNSIGNED","N/A","N/A","YES","N/A","NO","YES","user_profiles","id","P1_PRODUCTION_EXTENSION","APPROVED_DEFERRED","FK user_profiles.id; FOREIGN KEY to user_profiles.id"
"system_settings","setting_key","VARCHAR","160","N/A","NO","N/A","NO","NO","N/A","N/A","P1_PRODUCTION_EXTENSION","APPROVED_DEFERRED","NOT NULL"
"system_settings","setting_scope","VARCHAR","40","N/A","NO","'tenant'","NO","NO","N/A","N/A","P1_PRODUCTION_EXTENSION","APPROVED_DEFERRED","NOT NULL"
"system_settings","setting_value_json","JSON","N/A","N/A","NO","N/A","NO","NO","N/A","N/A","P1_PRODUCTION_EXTENSION","APPROVED_DEFERRED","NOT NULL; JSON_VALID"
"system_settings","value_type","VARCHAR","40","N/A","NO","'json'","NO","NO","N/A","N/A","P1_PRODUCTION_EXTENSION","APPROVED_DEFERRED","NOT NULL"
"status_definitions","id","BIGINT UNSIGNED","N/A","N/A","NO","N/A","YES","NO","N/A","N/A","REJECTED_OR_MERGED","MERGED","NOT NULL; PRIMARY KEY"
"status_definitions","organization_id","BIGINT UNSIGNED","N/A","N/A","NO","N/A","NO","YES","organizations","id","REJECTED_OR_MERGED","MERGED","NOT NULL; FK organizations.id; FOREIGN KEY to organizations.id"
"status_definitions","code","VARCHAR","80","N/A","NO","N/A","NO","NO","N/A","N/A","REJECTED_OR_MERGED","MERGED","NOT NULL"
"status_definitions","name","VARCHAR","180","N/A","NO","N/A","NO","NO","N/A","N/A","REJECTED_OR_MERGED","MERGED","NOT NULL"
"status_definitions","description","TEXT","N/A","N/A","YES","N/A","NO","NO","N/A","N/A","REJECTED_OR_MERGED","MERGED","N/A"
"status_definitions","status","VARCHAR","40","N/A","NO","active","NO","NO","N/A","N/A","REJECTED_OR_MERGED","MERGED","NOT NULL; ENUM/CHECK; ENUM/CHECK common_status"
"status_definitions","status_changed_at","DATETIME","N/A","N/A","YES","N/A","NO","NO","N/A","N/A","REJECTED_OR_MERGED","MERGED","Required by service when status is changed"
"status_definitions","status_changed_by","BIGINT UNSIGNED","N/A","N/A","YES","N/A","NO","YES","user_profiles","id","REJECTED_OR_MERGED","MERGED","FK user_profiles.id; set null if user profile is removed"
"status_definitions","is_active","TINYINT","1","N/A","NO","1","NO","NO","N/A","N/A","REJECTED_OR_MERGED","MERGED","NOT NULL"
"status_definitions","sort_order","INT","N/A","N/A","NO","0","NO","NO","N/A","N/A","REJECTED_OR_MERGED","MERGED","NOT NULL"
"status_definitions","metadata_json","JSON","N/A","N/A","YES","N/A","NO","NO","N/A","N/A","REJECTED_OR_MERGED","MERGED","JSON_VALID"
"status_definitions","created_at","TIMESTAMP","N/A","N/A","NO","CURRENT_TIMESTAMP","NO","NO","N/A","N/A","REJECTED_OR_MERGED","MERGED","NOT NULL; valid timestamp"
"status_definitions","created_by","BIGINT UNSIGNED","N/A","N/A","YES","N/A","NO","YES","user_profiles","id","REJECTED_OR_MERGED","MERGED","FK user_profiles.id; FOREIGN KEY to user_profiles.id"
"status_definitions","updated_at","TIMESTAMP","N/A","N/A","YES","CURRENT_TIMESTAMP ON UPDATE CURRENT_TIMESTAMP","NO","NO","N/A","N/A","REJECTED_OR_MERGED","MERGED","valid timestamp"
"status_definitions","updated_by","BIGINT UNSIGNED","N/A","N/A","YES","N/A","NO","YES","user_profiles","id","REJECTED_OR_MERGED","MERGED","FK user_profiles.id; FOREIGN KEY to user_profiles.id"
"status_definitions","deleted_at","TIMESTAMP","N/A","N/A","YES","N/A","NO","NO","N/A","N/A","REJECTED_OR_MERGED","MERGED","valid timestamp"
"status_definitions","deleted_by","BIGINT UNSIGNED","N/A","N/A","YES","N/A","NO","YES","user_profiles","id","REJECTED_OR_MERGED","MERGED","FK user_profiles.id; FOREIGN KEY to user_profiles.id"
"status_definitions","display_color","VARCHAR","20","N/A","YES","N/A","NO","NO","N/A","N/A","REJECTED_OR_MERGED","MERGED","N/A"
"status_definitions","is_terminal","TINYINT","1","N/A","NO","0","NO","NO","N/A","N/A","REJECTED_OR_MERGED","MERGED","NOT NULL"
"status_definitions","status_group","VARCHAR","80","N/A","NO","N/A","NO","NO","N/A","N/A","REJECTED_OR_MERGED","MERGED","NOT NULL"
"status_transitions","id","BIGINT UNSIGNED","N/A","N/A","NO","N/A","YES","NO","N/A","N/A","REJECTED_OR_MERGED","MERGED","NOT NULL; PRIMARY KEY"
"status_transitions","organization_id","BIGINT UNSIGNED","N/A","N/A","NO","N/A","NO","YES","organizations","id","REJECTED_OR_MERGED","MERGED","NOT NULL; FK organizations.id; FOREIGN KEY to organizations.id"
"status_transitions","description","TEXT","N/A","N/A","YES","N/A","NO","NO","N/A","N/A","REJECTED_OR_MERGED","MERGED","N/A"
"status_transitions","status","VARCHAR","40","N/A","NO","active","NO","NO","N/A","N/A","REJECTED_OR_MERGED","MERGED","NOT NULL; ENUM/CHECK; ENUM/CHECK common_status"
"status_transitions","status_changed_at","DATETIME","N/A","N/A","YES","N/A","NO","NO","N/A","N/A","REJECTED_OR_MERGED","MERGED","Required by service when status is changed"
"status_transitions","status_changed_by","BIGINT UNSIGNED","N/A","N/A","YES","N/A","NO","YES","user_profiles","id","REJECTED_OR_MERGED","MERGED","FK user_profiles.id; set null if user profile is removed"
"status_transitions","is_active","TINYINT","1","N/A","NO","1","NO","NO","N/A","N/A","REJECTED_OR_MERGED","MERGED","NOT NULL"
"status_transitions","metadata_json","JSON","N/A","N/A","YES","N/A","NO","NO","N/A","N/A","REJECTED_OR_MERGED","MERGED","JSON_VALID"
"status_transitions","created_at","TIMESTAMP","N/A","N/A","NO","CURRENT_TIMESTAMP","NO","NO","N/A","N/A","REJECTED_OR_MERGED","MERGED","NOT NULL; valid timestamp"
"status_transitions","created_by","BIGINT UNSIGNED","N/A","N/A","YES","N/A","NO","YES","user_profiles","id","REJECTED_OR_MERGED","MERGED","FK user_profiles.id; FOREIGN KEY to user_profiles.id"
"status_transitions","updated_at","TIMESTAMP","N/A","N/A","YES","CURRENT_TIMESTAMP ON UPDATE CURRENT_TIMESTAMP","NO","NO","N/A","N/A","REJECTED_OR_MERGED","MERGED","valid timestamp"
"status_transitions","updated_by","BIGINT UNSIGNED","N/A","N/A","YES","N/A","NO","YES","user_profiles","id","REJECTED_OR_MERGED","MERGED","FK user_profiles.id; FOREIGN KEY to user_profiles.id"
"status_transitions","deleted_at","TIMESTAMP","N/A","N/A","YES","N/A","NO","NO","N/A","N/A","REJECTED_OR_MERGED","MERGED","valid timestamp"
"status_transitions","deleted_by","BIGINT UNSIGNED","N/A","N/A","YES","N/A","NO","YES","user_profiles","id","REJECTED_OR_MERGED","MERGED","FK user_profiles.id; FOREIGN KEY to user_profiles.id"
"status_transitions","entity_type","VARCHAR","80","N/A","NO","N/A","NO","NO","N/A","N/A","REJECTED_OR_MERGED","MERGED","NOT NULL"
"status_transitions","from_status_id","BIGINT UNSIGNED","N/A","N/A","YES","N/A","NO","YES","status_definitions","id","REJECTED_OR_MERGED","MERGED","FK status_definitions.id; FOREIGN KEY to status_definitions.id"
"status_transitions","required_permission","VARCHAR","160","N/A","YES","N/A","NO","NO","N/A","N/A","REJECTED_OR_MERGED","MERGED","N/A"
"status_transitions","to_status_id","BIGINT UNSIGNED","N/A","N/A","NO","N/A","NO","YES","status_definitions","id","REJECTED_OR_MERGED","MERGED","NOT NULL; FK status_definitions.id; FOREIGN KEY to status_definitions.id"
"running_numbers","id","BIGINT UNSIGNED","N/A","N/A","NO","N/A","YES","NO","N/A","N/A","P2_ENTERPRISE_FUTURE","DEFERRED","NOT NULL; PRIMARY KEY"
"running_numbers","organization_id","BIGINT UNSIGNED","N/A","N/A","NO","N/A","NO","YES","organizations","id","P2_ENTERPRISE_FUTURE","DEFERRED","NOT NULL; FK organizations.id; FOREIGN KEY to organizations.id"
"running_numbers","code","VARCHAR","80","N/A","NO","N/A","NO","NO","N/A","N/A","P2_ENTERPRISE_FUTURE","DEFERRED","NOT NULL"
"running_numbers","name","VARCHAR","180","N/A","NO","N/A","NO","NO","N/A","N/A","P2_ENTERPRISE_FUTURE","DEFERRED","NOT NULL"
"running_numbers","description","TEXT","N/A","N/A","YES","N/A","NO","NO","N/A","N/A","P2_ENTERPRISE_FUTURE","DEFERRED","N/A"
"running_numbers","status","VARCHAR","40","N/A","NO","active","NO","NO","N/A","N/A","P2_ENTERPRISE_FUTURE","DEFERRED","NOT NULL; ENUM/CHECK; ENUM/CHECK common_status"
"running_numbers","status_changed_at","DATETIME","N/A","N/A","YES","N/A","NO","NO","N/A","N/A","P2_ENTERPRISE_FUTURE","DEFERRED","Required by service when status is changed"
"running_numbers","status_changed_by","BIGINT UNSIGNED","N/A","N/A","YES","N/A","NO","YES","user_profiles","id","P2_ENTERPRISE_FUTURE","DEFERRED","FK user_profiles.id; set null if user profile is removed"
"running_numbers","is_active","TINYINT","1","N/A","NO","1","NO","NO","N/A","N/A","P2_ENTERPRISE_FUTURE","DEFERRED","NOT NULL"
"running_numbers","metadata_json","JSON","N/A","N/A","YES","N/A","NO","NO","N/A","N/A","P2_ENTERPRISE_FUTURE","DEFERRED","JSON_VALID"
"running_numbers","created_at","TIMESTAMP","N/A","N/A","NO","CURRENT_TIMESTAMP","NO","NO","N/A","N/A","P2_ENTERPRISE_FUTURE","DEFERRED","NOT NULL; valid timestamp"
"running_numbers","created_by","BIGINT UNSIGNED","N/A","N/A","YES","N/A","NO","YES","user_profiles","id","P2_ENTERPRISE_FUTURE","DEFERRED","FK user_profiles.id; FOREIGN KEY to user_profiles.id"
"running_numbers","updated_at","TIMESTAMP","N/A","N/A","YES","CURRENT_TIMESTAMP ON UPDATE CURRENT_TIMESTAMP","NO","NO","N/A","N/A","P2_ENTERPRISE_FUTURE","DEFERRED","valid timestamp"
"running_numbers","updated_by","BIGINT UNSIGNED","N/A","N/A","YES","N/A","NO","YES","user_profiles","id","P2_ENTERPRISE_FUTURE","DEFERRED","FK user_profiles.id; FOREIGN KEY to user_profiles.id"
"running_numbers","deleted_at","TIMESTAMP","N/A","N/A","YES","N/A","NO","NO","N/A","N/A","P2_ENTERPRISE_FUTURE","DEFERRED","valid timestamp"
"running_numbers","deleted_by","BIGINT UNSIGNED","N/A","N/A","YES","N/A","NO","YES","user_profiles","id","P2_ENTERPRISE_FUTURE","DEFERRED","FK user_profiles.id; FOREIGN KEY to user_profiles.id"
"running_numbers","current_value","INT","N/A","N/A","NO","0","NO","NO","N/A","N/A","P2_ENTERPRISE_FUTURE","DEFERRED","NOT NULL"
"running_numbers","padding_length","INT","N/A","N/A","NO","5","NO","NO","N/A","N/A","P2_ENTERPRISE_FUTURE","DEFERRED","NOT NULL"
"running_numbers","prefix_pattern","VARCHAR","80","N/A","NO","N/A","NO","NO","N/A","N/A","P2_ENTERPRISE_FUTURE","DEFERRED","NOT NULL"
"running_numbers","reset_policy","VARCHAR","40","N/A","NO","'monthly'","NO","NO","N/A","N/A","P2_ENTERPRISE_FUTURE","DEFERRED","NOT NULL"
"master_data_groups","id","BIGINT UNSIGNED","N/A","N/A","NO","N/A","YES","NO","N/A","N/A","P2_ENTERPRISE_FUTURE","DEFERRED","NOT NULL; PRIMARY KEY"
"master_data_groups","organization_id","BIGINT UNSIGNED","N/A","N/A","NO","N/A","NO","YES","organizations","id","P2_ENTERPRISE_FUTURE","DEFERRED","NOT NULL; FK organizations.id; FOREIGN KEY to organizations.id"
"master_data_groups","code","VARCHAR","80","N/A","NO","N/A","NO","NO","N/A","N/A","P2_ENTERPRISE_FUTURE","DEFERRED","NOT NULL"
"master_data_groups","name","VARCHAR","180","N/A","NO","N/A","NO","NO","N/A","N/A","P2_ENTERPRISE_FUTURE","DEFERRED","NOT NULL"
"master_data_groups","description","TEXT","N/A","N/A","YES","N/A","NO","NO","N/A","N/A","P2_ENTERPRISE_FUTURE","DEFERRED","N/A"
"master_data_groups","status","VARCHAR","40","N/A","NO","active","NO","NO","N/A","N/A","P2_ENTERPRISE_FUTURE","DEFERRED","NOT NULL; ENUM/CHECK; ENUM/CHECK common_status"
"master_data_groups","status_changed_at","DATETIME","N/A","N/A","YES","N/A","NO","NO","N/A","N/A","P2_ENTERPRISE_FUTURE","DEFERRED","Required by service when status is changed"
"master_data_groups","status_changed_by","BIGINT UNSIGNED","N/A","N/A","YES","N/A","NO","YES","user_profiles","id","P2_ENTERPRISE_FUTURE","DEFERRED","FK user_profiles.id; set null if user profile is removed"
"master_data_groups","is_active","TINYINT","1","N/A","NO","1","NO","NO","N/A","N/A","P2_ENTERPRISE_FUTURE","DEFERRED","NOT NULL"
"master_data_groups","sort_order","INT","N/A","N/A","NO","0","NO","NO","N/A","N/A","P2_ENTERPRISE_FUTURE","DEFERRED","NOT NULL"
"master_data_groups","metadata_json","JSON","N/A","N/A","YES","N/A","NO","NO","N/A","N/A","P2_ENTERPRISE_FUTURE","DEFERRED","JSON_VALID"
"master_data_groups","created_at","TIMESTAMP","N/A","N/A","NO","CURRENT_TIMESTAMP","NO","NO","N/A","N/A","P2_ENTERPRISE_FUTURE","DEFERRED","NOT NULL; valid timestamp"
"master_data_groups","created_by","BIGINT UNSIGNED","N/A","N/A","YES","N/A","NO","YES","user_profiles","id","P2_ENTERPRISE_FUTURE","DEFERRED","FK user_profiles.id; FOREIGN KEY to user_profiles.id"
"master_data_groups","updated_at","TIMESTAMP","N/A","N/A","YES","CURRENT_TIMESTAMP ON UPDATE CURRENT_TIMESTAMP","NO","NO","N/A","N/A","P2_ENTERPRISE_FUTURE","DEFERRED","valid timestamp"
"master_data_groups","updated_by","BIGINT UNSIGNED","N/A","N/A","YES","N/A","NO","YES","user_profiles","id","P2_ENTERPRISE_FUTURE","DEFERRED","FK user_profiles.id; FOREIGN KEY to user_profiles.id"
"master_data_groups","deleted_at","TIMESTAMP","N/A","N/A","YES","N/A","NO","NO","N/A","N/A","P2_ENTERPRISE_FUTURE","DEFERRED","valid timestamp"
"master_data_groups","deleted_by","BIGINT UNSIGNED","N/A","N/A","YES","N/A","NO","YES","user_profiles","id","P2_ENTERPRISE_FUTURE","DEFERRED","FK user_profiles.id; FOREIGN KEY to user_profiles.id"
"master_data_items","id","BIGINT UNSIGNED","N/A","N/A","NO","N/A","YES","NO","N/A","N/A","P2_ENTERPRISE_FUTURE","DEFERRED","NOT NULL; PRIMARY KEY"
"master_data_items","organization_id","BIGINT UNSIGNED","N/A","N/A","NO","N/A","NO","YES","organizations","id","P2_ENTERPRISE_FUTURE","DEFERRED","NOT NULL; FK organizations.id; FOREIGN KEY to organizations.id"
"master_data_items","code","VARCHAR","80","N/A","NO","N/A","NO","NO","N/A","N/A","P2_ENTERPRISE_FUTURE","DEFERRED","NOT NULL"
"master_data_items","name","VARCHAR","180","N/A","NO","N/A","NO","NO","N/A","N/A","P2_ENTERPRISE_FUTURE","DEFERRED","NOT NULL"
"master_data_items","description","TEXT","N/A","N/A","YES","N/A","NO","NO","N/A","N/A","P2_ENTERPRISE_FUTURE","DEFERRED","N/A"
"master_data_items","status","VARCHAR","40","N/A","NO","active","NO","NO","N/A","N/A","P2_ENTERPRISE_FUTURE","DEFERRED","NOT NULL; ENUM/CHECK; ENUM/CHECK common_status"
"master_data_items","status_changed_at","DATETIME","N/A","N/A","YES","N/A","NO","NO","N/A","N/A","P2_ENTERPRISE_FUTURE","DEFERRED","Required by service when status is changed"
"master_data_items","status_changed_by","BIGINT UNSIGNED","N/A","N/A","YES","N/A","NO","YES","user_profiles","id","P2_ENTERPRISE_FUTURE","DEFERRED","FK user_profiles.id; set null if user profile is removed"
"master_data_items","is_active","TINYINT","1","N/A","NO","1","NO","NO","N/A","N/A","P2_ENTERPRISE_FUTURE","DEFERRED","NOT NULL"
"master_data_items","sort_order","INT","N/A","N/A","NO","0","NO","NO","N/A","N/A","P2_ENTERPRISE_FUTURE","DEFERRED","NOT NULL"
"master_data_items","metadata_json","JSON","N/A","N/A","YES","N/A","NO","NO","N/A","N/A","P2_ENTERPRISE_FUTURE","DEFERRED","JSON_VALID"
"master_data_items","created_at","TIMESTAMP","N/A","N/A","NO","CURRENT_TIMESTAMP","NO","NO","N/A","N/A","P2_ENTERPRISE_FUTURE","DEFERRED","NOT NULL; valid timestamp"
"master_data_items","created_by","BIGINT UNSIGNED","N/A","N/A","YES","N/A","NO","YES","user_profiles","id","P2_ENTERPRISE_FUTURE","DEFERRED","FK user_profiles.id; FOREIGN KEY to user_profiles.id"
"master_data_items","updated_at","TIMESTAMP","N/A","N/A","YES","CURRENT_TIMESTAMP ON UPDATE CURRENT_TIMESTAMP","NO","NO","N/A","N/A","P2_ENTERPRISE_FUTURE","DEFERRED","valid timestamp"
"master_data_items","updated_by","BIGINT UNSIGNED","N/A","N/A","YES","N/A","NO","YES","user_profiles","id","P2_ENTERPRISE_FUTURE","DEFERRED","FK user_profiles.id; FOREIGN KEY to user_profiles.id"
"master_data_items","deleted_at","TIMESTAMP","N/A","N/A","YES","N/A","NO","NO","N/A","N/A","P2_ENTERPRISE_FUTURE","DEFERRED","valid timestamp"
"master_data_items","deleted_by","BIGINT UNSIGNED","N/A","N/A","YES","N/A","NO","YES","user_profiles","id","P2_ENTERPRISE_FUTURE","DEFERRED","FK user_profiles.id; FOREIGN KEY to user_profiles.id"
"master_data_items","extra_value_json","JSON","N/A","N/A","YES","N/A","NO","NO","N/A","N/A","P2_ENTERPRISE_FUTURE","DEFERRED","JSON_VALID"
"master_data_items","group_id","BIGINT UNSIGNED","N/A","N/A","NO","N/A","NO","YES","master_data_groups","id","P2_ENTERPRISE_FUTURE","DEFERRED","NOT NULL; FK master_data_groups.id; FOREIGN KEY to master_data_groups.id"
"master_data_items","item_value","VARCHAR","180","N/A","NO","N/A","NO","NO","N/A","N/A","P2_ENTERPRISE_FUTURE","DEFERRED","NOT NULL"
"languages","id","BIGINT UNSIGNED","N/A","N/A","NO","N/A","YES","NO","N/A","N/A","P2_ENTERPRISE_FUTURE","DEFERRED","NOT NULL; PRIMARY KEY"
"languages","code","VARCHAR","80","N/A","NO","N/A","NO","NO","N/A","N/A","P2_ENTERPRISE_FUTURE","DEFERRED","NOT NULL"
"languages","name","VARCHAR","180","N/A","NO","N/A","NO","NO","N/A","N/A","P2_ENTERPRISE_FUTURE","DEFERRED","NOT NULL"
"languages","description","TEXT","N/A","N/A","YES","N/A","NO","NO","N/A","N/A","P2_ENTERPRISE_FUTURE","DEFERRED","N/A"
"languages","status","VARCHAR","40","N/A","NO","active","NO","NO","N/A","N/A","P2_ENTERPRISE_FUTURE","DEFERRED","NOT NULL; ENUM/CHECK; ENUM/CHECK common_status"
"languages","status_changed_at","DATETIME","N/A","N/A","YES","N/A","NO","NO","N/A","N/A","P2_ENTERPRISE_FUTURE","DEFERRED","Required by service when status is changed"
"languages","status_changed_by","BIGINT UNSIGNED","N/A","N/A","YES","N/A","NO","YES","user_profiles","id","P2_ENTERPRISE_FUTURE","DEFERRED","FK user_profiles.id; set null if user profile is removed"
"languages","is_active","TINYINT","1","N/A","NO","1","NO","NO","N/A","N/A","P2_ENTERPRISE_FUTURE","DEFERRED","NOT NULL"
"languages","created_at","TIMESTAMP","N/A","N/A","NO","CURRENT_TIMESTAMP","NO","NO","N/A","N/A","P2_ENTERPRISE_FUTURE","DEFERRED","NOT NULL; valid timestamp"
"languages","created_by","BIGINT UNSIGNED","N/A","N/A","YES","N/A","NO","YES","user_profiles","id","P2_ENTERPRISE_FUTURE","DEFERRED","FK user_profiles.id; FOREIGN KEY to user_profiles.id"
"languages","updated_at","TIMESTAMP","N/A","N/A","YES","CURRENT_TIMESTAMP ON UPDATE CURRENT_TIMESTAMP","NO","NO","N/A","N/A","P2_ENTERPRISE_FUTURE","DEFERRED","valid timestamp"
"languages","updated_by","BIGINT UNSIGNED","N/A","N/A","YES","N/A","NO","YES","user_profiles","id","P2_ENTERPRISE_FUTURE","DEFERRED","FK user_profiles.id; FOREIGN KEY to user_profiles.id"
"languages","deleted_at","TIMESTAMP","N/A","N/A","YES","N/A","NO","NO","N/A","N/A","P2_ENTERPRISE_FUTURE","DEFERRED","valid timestamp"
"languages","deleted_by","BIGINT UNSIGNED","N/A","N/A","YES","N/A","NO","YES","user_profiles","id","P2_ENTERPRISE_FUTURE","DEFERRED","FK user_profiles.id; FOREIGN KEY to user_profiles.id"
"languages","locale_code","VARCHAR","20","N/A","NO","N/A","NO","NO","N/A","N/A","P2_ENTERPRISE_FUTURE","DEFERRED","NOT NULL"
"languages","native_name","VARCHAR","120","N/A","YES","N/A","NO","NO","N/A","N/A","P2_ENTERPRISE_FUTURE","DEFERRED","N/A"
"translations","id","BIGINT UNSIGNED","N/A","N/A","NO","N/A","YES","NO","N/A","N/A","P2_ENTERPRISE_FUTURE","DEFERRED","NOT NULL; PRIMARY KEY"
"translations","organization_id","BIGINT UNSIGNED","N/A","N/A","NO","N/A","NO","YES","organizations","id","P2_ENTERPRISE_FUTURE","DEFERRED","NOT NULL; FK organizations.id; FOREIGN KEY to organizations.id"
"translations","description","TEXT","N/A","N/A","YES","N/A","NO","NO","N/A","N/A","P2_ENTERPRISE_FUTURE","DEFERRED","N/A"
"translations","status","VARCHAR","40","N/A","NO","active","NO","NO","N/A","N/A","P2_ENTERPRISE_FUTURE","DEFERRED","NOT NULL; ENUM/CHECK; ENUM/CHECK common_status"
"translations","status_changed_at","DATETIME","N/A","N/A","YES","N/A","NO","NO","N/A","N/A","P2_ENTERPRISE_FUTURE","DEFERRED","Required by service when status is changed"
"translations","status_changed_by","BIGINT UNSIGNED","N/A","N/A","YES","N/A","NO","YES","user_profiles","id","P2_ENTERPRISE_FUTURE","DEFERRED","FK user_profiles.id; set null if user profile is removed"
"translations","is_active","TINYINT","1","N/A","NO","1","NO","NO","N/A","N/A","P2_ENTERPRISE_FUTURE","DEFERRED","NOT NULL"
"translations","metadata_json","JSON","N/A","N/A","YES","N/A","NO","NO","N/A","N/A","P2_ENTERPRISE_FUTURE","DEFERRED","JSON_VALID"
"translations","created_at","TIMESTAMP","N/A","N/A","NO","CURRENT_TIMESTAMP","NO","NO","N/A","N/A","P2_ENTERPRISE_FUTURE","DEFERRED","NOT NULL; valid timestamp"
"translations","created_by","BIGINT UNSIGNED","N/A","N/A","YES","N/A","NO","YES","user_profiles","id","P2_ENTERPRISE_FUTURE","DEFERRED","FK user_profiles.id; FOREIGN KEY to user_profiles.id"
"translations","updated_at","TIMESTAMP","N/A","N/A","YES","CURRENT_TIMESTAMP ON UPDATE CURRENT_TIMESTAMP","NO","NO","N/A","N/A","P2_ENTERPRISE_FUTURE","DEFERRED","valid timestamp"
"translations","updated_by","BIGINT UNSIGNED","N/A","N/A","YES","N/A","NO","YES","user_profiles","id","P2_ENTERPRISE_FUTURE","DEFERRED","FK user_profiles.id; FOREIGN KEY to user_profiles.id"
"translations","deleted_at","TIMESTAMP","N/A","N/A","YES","N/A","NO","NO","N/A","N/A","P2_ENTERPRISE_FUTURE","DEFERRED","valid timestamp"
"translations","deleted_by","BIGINT UNSIGNED","N/A","N/A","YES","N/A","NO","YES","user_profiles","id","P2_ENTERPRISE_FUTURE","DEFERRED","FK user_profiles.id; FOREIGN KEY to user_profiles.id"
"translations","language_id","BIGINT UNSIGNED","N/A","N/A","NO","N/A","NO","YES","languages","id","P2_ENTERPRISE_FUTURE","DEFERRED","NOT NULL; FK languages.id; FOREIGN KEY to languages.id"
"translations","translated_text","TEXT","N/A","N/A","NO","N/A","NO","NO","N/A","N/A","P2_ENTERPRISE_FUTURE","DEFERRED","NOT NULL"
"translations","translation_key","VARCHAR","220","N/A","NO","N/A","NO","NO","N/A","N/A","P2_ENTERPRISE_FUTURE","DEFERRED","NOT NULL"
"user_profiles","id","BIGINT UNSIGNED","N/A","N/A","NO","N/A","YES","NO","N/A","N/A","P0_CORE","APPROVED","NOT NULL; PRIMARY KEY"
"user_profiles","organization_id","BIGINT UNSIGNED","N/A","N/A","NO","N/A","NO","YES","organizations","id","P0_CORE","APPROVED","NOT NULL; FK organizations.id; FOREIGN KEY to organizations.id"
"user_profiles","description","TEXT","N/A","N/A","YES","N/A","NO","NO","N/A","N/A","P0_CORE","APPROVED","N/A"
"user_profiles","status","VARCHAR","40","N/A","NO","active","NO","NO","N/A","N/A","P0_CORE","APPROVED","NOT NULL; ENUM/CHECK; ENUM/CHECK common_status"
"user_profiles","status_changed_at","DATETIME","N/A","N/A","YES","N/A","NO","NO","N/A","N/A","P0_CORE","APPROVED","Required by service when status is changed"
"user_profiles","status_changed_by","BIGINT UNSIGNED","N/A","N/A","YES","N/A","NO","YES","user_profiles","id","P0_CORE","APPROVED","FK user_profiles.id; set null if user profile is removed"
"user_profiles","is_active","TINYINT","1","N/A","NO","1","NO","NO","N/A","N/A","P0_CORE","APPROVED","NOT NULL"
"user_profiles","metadata_json","JSON","N/A","N/A","YES","N/A","NO","NO","N/A","N/A","P0_CORE","APPROVED","JSON_VALID"
"user_profiles","created_at","TIMESTAMP","N/A","N/A","NO","CURRENT_TIMESTAMP","NO","NO","N/A","N/A","P0_CORE","APPROVED","NOT NULL; valid timestamp"
"user_profiles","created_by","BIGINT UNSIGNED","N/A","N/A","YES","N/A","NO","YES","user_profiles","id","P0_CORE","APPROVED","FK user_profiles.id; FOREIGN KEY to user_profiles.id"
"user_profiles","updated_at","TIMESTAMP","N/A","N/A","YES","CURRENT_TIMESTAMP ON UPDATE CURRENT_TIMESTAMP","NO","NO","N/A","N/A","P0_CORE","APPROVED","valid timestamp"
"user_profiles","updated_by","BIGINT UNSIGNED","N/A","N/A","YES","N/A","NO","YES","user_profiles","id","P0_CORE","APPROVED","FK user_profiles.id; FOREIGN KEY to user_profiles.id"
"user_profiles","deleted_at","TIMESTAMP","N/A","N/A","YES","N/A","NO","NO","N/A","N/A","P0_CORE","APPROVED","valid timestamp"
"user_profiles","deleted_by","BIGINT UNSIGNED","N/A","N/A","YES","N/A","NO","YES","user_profiles","id","P0_CORE","APPROVED","FK user_profiles.id; FOREIGN KEY to user_profiles.id"
"user_profiles","avatar_url","VARCHAR","500","N/A","YES","N/A","NO","NO","N/A","N/A","P0_CORE","APPROVED","N/A"
"user_profiles","department_id","BIGINT UNSIGNED","N/A","N/A","YES","N/A","NO","YES","departments","id","P0_CORE","APPROVED","FK departments.id; FOREIGN KEY to departments.id"
"user_profiles","display_name","VARCHAR","180","N/A","NO","N/A","NO","NO","N/A","N/A","P0_CORE","APPROVED","NOT NULL"
"user_profiles","email","VARCHAR","254","N/A","YES","N/A","NO","NO","N/A","N/A","P0_CORE","APPROVED","N/A"
"user_profiles","external_auth_provider","VARCHAR","80","N/A","NO","'external'","NO","NO","N/A","N/A","P0_CORE","APPROVED","NOT NULL; provider key must be approved by system configuration"
"user_profiles","external_user_id","VARCHAR","160","N/A","NO","N/A","NO","NO","N/A","N/A","P0_CORE","APPROVED","NOT NULL"
"user_profiles","home_project_id","BIGINT UNSIGNED","N/A","N/A","YES","N/A","NO","YES","bi_projects","id","P0_CORE","APPROVED","FK bi_projects.id; FOREIGN KEY to bi_projects.id"
"user_profiles","locale","VARCHAR","20","N/A","NO","'th-TH'","NO","NO","N/A","N/A","P0_CORE","APPROVED","NOT NULL"
"user_profiles","phone_number","VARCHAR","40","N/A","YES","N/A","NO","NO","N/A","N/A","P0_CORE","APPROVED","N/A"
"user_profiles","position_id","BIGINT UNSIGNED","N/A","N/A","YES","N/A","NO","YES","positions","id","P0_CORE","APPROVED","FK positions.id; FOREIGN KEY to positions.id"
"user_profiles","timezone","VARCHAR","80","N/A","NO","'Asia/Bangkok'","NO","NO","N/A","N/A","P0_CORE","APPROVED","NOT NULL"
"roles","id","BIGINT UNSIGNED","N/A","N/A","NO","N/A","YES","NO","N/A","N/A","P0_CORE","APPROVED","NOT NULL; PRIMARY KEY"
"roles","organization_id","BIGINT UNSIGNED","N/A","N/A","NO","N/A","NO","YES","organizations","id","P0_CORE","APPROVED","NOT NULL; FK organizations.id; FOREIGN KEY to organizations.id"
"roles","code","VARCHAR","80","N/A","NO","N/A","NO","NO","N/A","N/A","P0_CORE","APPROVED","NOT NULL"
"roles","name","VARCHAR","180","N/A","NO","N/A","NO","NO","N/A","N/A","P0_CORE","APPROVED","NOT NULL"
"roles","description","TEXT","N/A","N/A","YES","N/A","NO","NO","N/A","N/A","P0_CORE","APPROVED","N/A"
"roles","status","VARCHAR","40","N/A","NO","active","NO","NO","N/A","N/A","P0_CORE","APPROVED","NOT NULL; ENUM/CHECK; ENUM/CHECK common_status"
"roles","status_changed_at","DATETIME","N/A","N/A","YES","N/A","NO","NO","N/A","N/A","P0_CORE","APPROVED","Required by service when status is changed"
"roles","status_changed_by","BIGINT UNSIGNED","N/A","N/A","YES","N/A","NO","YES","user_profiles","id","P0_CORE","APPROVED","FK user_profiles.id; set null if user profile is removed"
"roles","is_active","TINYINT","1","N/A","NO","1","NO","NO","N/A","N/A","P0_CORE","APPROVED","NOT NULL"
"roles","sort_order","INT","N/A","N/A","NO","0","NO","NO","N/A","N/A","P0_CORE","APPROVED","NOT NULL"
"roles","created_at","TIMESTAMP","N/A","N/A","NO","CURRENT_TIMESTAMP","NO","NO","N/A","N/A","P0_CORE","APPROVED","NOT NULL; valid timestamp"
"roles","created_by","BIGINT UNSIGNED","N/A","N/A","YES","N/A","NO","YES","user_profiles","id","P0_CORE","APPROVED","FK user_profiles.id; FOREIGN KEY to user_profiles.id"
"roles","updated_at","TIMESTAMP","N/A","N/A","YES","CURRENT_TIMESTAMP ON UPDATE CURRENT_TIMESTAMP","NO","NO","N/A","N/A","P0_CORE","APPROVED","valid timestamp"
"roles","updated_by","BIGINT UNSIGNED","N/A","N/A","YES","N/A","NO","YES","user_profiles","id","P0_CORE","APPROVED","FK user_profiles.id; FOREIGN KEY to user_profiles.id"
"roles","deleted_at","TIMESTAMP","N/A","N/A","YES","N/A","NO","NO","N/A","N/A","P0_CORE","APPROVED","valid timestamp"
"roles","deleted_by","BIGINT UNSIGNED","N/A","N/A","YES","N/A","NO","YES","user_profiles","id","P0_CORE","APPROVED","FK user_profiles.id; FOREIGN KEY to user_profiles.id"
"roles","is_system_role","TINYINT","1","N/A","NO","0","NO","NO","N/A","N/A","P0_CORE","APPROVED","NOT NULL"
"roles","role_type","VARCHAR","40","N/A","NO","'custom'","NO","NO","N/A","N/A","P0_CORE","APPROVED","NOT NULL"
"permissions","id","BIGINT UNSIGNED","N/A","N/A","NO","N/A","YES","NO","N/A","N/A","P0_CORE","APPROVED","NOT NULL; PRIMARY KEY"
"permissions","code","VARCHAR","80","N/A","NO","N/A","NO","NO","N/A","N/A","P0_CORE","APPROVED","NOT NULL"
"permissions","name","VARCHAR","180","N/A","NO","N/A","NO","NO","N/A","N/A","P0_CORE","APPROVED","NOT NULL"
"permissions","description","TEXT","N/A","N/A","YES","N/A","NO","NO","N/A","N/A","P0_CORE","APPROVED","N/A"
"permissions","status","VARCHAR","40","N/A","NO","active","NO","NO","N/A","N/A","P0_CORE","APPROVED","NOT NULL; ENUM/CHECK; ENUM/CHECK common_status"
"permissions","status_changed_at","DATETIME","N/A","N/A","YES","N/A","NO","NO","N/A","N/A","P0_CORE","APPROVED","Required by service when status is changed"
"permissions","status_changed_by","BIGINT UNSIGNED","N/A","N/A","YES","N/A","NO","YES","user_profiles","id","P0_CORE","APPROVED","FK user_profiles.id; set null if user profile is removed"
"permissions","is_active","TINYINT","1","N/A","NO","1","NO","NO","N/A","N/A","P0_CORE","APPROVED","NOT NULL"
"permissions","created_at","TIMESTAMP","N/A","N/A","NO","CURRENT_TIMESTAMP","NO","NO","N/A","N/A","P0_CORE","APPROVED","NOT NULL; valid timestamp"
"permissions","created_by","BIGINT UNSIGNED","N/A","N/A","YES","N/A","NO","YES","user_profiles","id","P0_CORE","APPROVED","FK user_profiles.id; FOREIGN KEY to user_profiles.id"
"permissions","updated_at","TIMESTAMP","N/A","N/A","YES","CURRENT_TIMESTAMP ON UPDATE CURRENT_TIMESTAMP","NO","NO","N/A","N/A","P0_CORE","APPROVED","valid timestamp"
"permissions","updated_by","BIGINT UNSIGNED","N/A","N/A","YES","N/A","NO","YES","user_profiles","id","P0_CORE","APPROVED","FK user_profiles.id; FOREIGN KEY to user_profiles.id"
"permissions","deleted_at","TIMESTAMP","N/A","N/A","YES","N/A","NO","NO","N/A","N/A","P0_CORE","APPROVED","valid timestamp"
"permissions","deleted_by","BIGINT UNSIGNED","N/A","N/A","YES","N/A","NO","YES","user_profiles","id","P0_CORE","APPROVED","FK user_profiles.id; FOREIGN KEY to user_profiles.id"
"permissions","action_key","VARCHAR","80","N/A","NO","N/A","NO","NO","N/A","N/A","P0_CORE","APPROVED","NOT NULL"
"permissions","module_key","VARCHAR","80","N/A","NO","N/A","NO","NO","N/A","N/A","P0_CORE","APPROVED","NOT NULL"
"permissions","resource_key","VARCHAR","120","N/A","NO","N/A","NO","NO","N/A","N/A","P0_CORE","APPROVED","NOT NULL"
"role_permissions","id","BIGINT UNSIGNED","N/A","N/A","NO","N/A","YES","NO","N/A","N/A","P0_CORE","APPROVED","NOT NULL; PRIMARY KEY"
"role_permissions","organization_id","BIGINT UNSIGNED","N/A","N/A","NO","N/A","NO","YES","organizations","id","P0_CORE","APPROVED","NOT NULL; FK organizations.id; FOREIGN KEY to organizations.id"
"role_permissions","description","TEXT","N/A","N/A","YES","N/A","NO","NO","N/A","N/A","P0_CORE","APPROVED","N/A"
"role_permissions","status","VARCHAR","40","N/A","NO","active","NO","NO","N/A","N/A","P0_CORE","APPROVED","NOT NULL; ENUM/CHECK; ENUM/CHECK common_status"
"role_permissions","status_changed_at","DATETIME","N/A","N/A","YES","N/A","NO","NO","N/A","N/A","P0_CORE","APPROVED","Required by service when status is changed"
"role_permissions","status_changed_by","BIGINT UNSIGNED","N/A","N/A","YES","N/A","NO","YES","user_profiles","id","P0_CORE","APPROVED","FK user_profiles.id; set null if user profile is removed"
"role_permissions","is_active","TINYINT","1","N/A","NO","1","NO","NO","N/A","N/A","P0_CORE","APPROVED","NOT NULL"
"role_permissions","created_at","TIMESTAMP","N/A","N/A","NO","CURRENT_TIMESTAMP","NO","NO","N/A","N/A","P0_CORE","APPROVED","NOT NULL; valid timestamp"
"role_permissions","created_by","BIGINT UNSIGNED","N/A","N/A","YES","N/A","NO","YES","user_profiles","id","P0_CORE","APPROVED","FK user_profiles.id; FOREIGN KEY to user_profiles.id"
"role_permissions","updated_at","TIMESTAMP","N/A","N/A","YES","CURRENT_TIMESTAMP ON UPDATE CURRENT_TIMESTAMP","NO","NO","N/A","N/A","P0_CORE","APPROVED","valid timestamp"
"role_permissions","updated_by","BIGINT UNSIGNED","N/A","N/A","YES","N/A","NO","YES","user_profiles","id","P0_CORE","APPROVED","FK user_profiles.id; FOREIGN KEY to user_profiles.id"
"role_permissions","permission_id","BIGINT UNSIGNED","N/A","N/A","NO","N/A","NO","YES","permissions","id","P0_CORE","APPROVED","NOT NULL; FK permissions.id; FOREIGN KEY to permissions.id"
"role_permissions","role_id","BIGINT UNSIGNED","N/A","N/A","NO","N/A","NO","YES","roles","id","P0_CORE","APPROVED","NOT NULL; FK roles.id; FOREIGN KEY to roles.id"
"role_permissions","scope_rule_json","JSON","N/A","N/A","YES","N/A","NO","NO","N/A","N/A","P0_CORE","APPROVED","JSON_VALID"
"user_roles","id","BIGINT UNSIGNED","N/A","N/A","NO","N/A","YES","NO","N/A","N/A","P0_CORE","APPROVED","NOT NULL; PRIMARY KEY"
"user_roles","organization_id","BIGINT UNSIGNED","N/A","N/A","NO","N/A","NO","YES","organizations","id","P0_CORE","APPROVED","NOT NULL; FK organizations.id; FOREIGN KEY to organizations.id"
"user_roles","description","TEXT","N/A","N/A","YES","N/A","NO","NO","N/A","N/A","P0_CORE","APPROVED","N/A"
"user_roles","status","VARCHAR","40","N/A","NO","active","NO","NO","N/A","N/A","P0_CORE","APPROVED","NOT NULL; ENUM/CHECK; ENUM/CHECK common_status"
"user_roles","status_changed_at","DATETIME","N/A","N/A","YES","N/A","NO","NO","N/A","N/A","P0_CORE","APPROVED","Required by service when status is changed"
"user_roles","status_changed_by","BIGINT UNSIGNED","N/A","N/A","YES","N/A","NO","YES","user_profiles","id","P0_CORE","APPROVED","FK user_profiles.id; set null if user profile is removed"
"user_roles","is_active","TINYINT","1","N/A","NO","1","NO","NO","N/A","N/A","P0_CORE","APPROVED","NOT NULL"
"user_roles","created_at","TIMESTAMP","N/A","N/A","NO","CURRENT_TIMESTAMP","NO","NO","N/A","N/A","P0_CORE","APPROVED","NOT NULL; valid timestamp"
"user_roles","created_by","BIGINT UNSIGNED","N/A","N/A","YES","N/A","NO","YES","user_profiles","id","P0_CORE","APPROVED","FK user_profiles.id; FOREIGN KEY to user_profiles.id"
"user_roles","updated_at","TIMESTAMP","N/A","N/A","YES","CURRENT_TIMESTAMP ON UPDATE CURRENT_TIMESTAMP","NO","NO","N/A","N/A","P0_CORE","APPROVED","valid timestamp"
"user_roles","updated_by","BIGINT UNSIGNED","N/A","N/A","YES","N/A","NO","YES","user_profiles","id","P0_CORE","APPROVED","FK user_profiles.id; FOREIGN KEY to user_profiles.id"
"user_roles","deleted_at","TIMESTAMP","N/A","N/A","YES","N/A","NO","NO","N/A","N/A","P0_CORE","APPROVED","valid timestamp"
"user_roles","deleted_by","BIGINT UNSIGNED","N/A","N/A","YES","N/A","NO","YES","user_profiles","id","P0_CORE","APPROVED","FK user_profiles.id; FOREIGN KEY to user_profiles.id"
"user_roles","effective_from","DATE","N/A","N/A","NO","N/A","NO","NO","N/A","N/A","P0_CORE","APPROVED","NOT NULL"
"user_roles","effective_to","DATE","N/A","N/A","YES","N/A","NO","NO","N/A","N/A","P0_CORE","APPROVED","N/A"
"user_roles","role_id","BIGINT UNSIGNED","N/A","N/A","NO","N/A","NO","YES","roles","id","P0_CORE","APPROVED","NOT NULL; FK roles.id; FOREIGN KEY to roles.id"
"user_roles","user_id","BIGINT UNSIGNED","N/A","N/A","NO","N/A","NO","YES","user_profiles","id","P0_CORE","APPROVED","NOT NULL; FK user_profiles.id; FOREIGN KEY to user_profiles.id"
"user_groups","id","BIGINT UNSIGNED","N/A","N/A","NO","N/A","YES","NO","N/A","N/A","P2_ENTERPRISE_FUTURE","DEFERRED","NOT NULL; PRIMARY KEY"
"user_groups","organization_id","BIGINT UNSIGNED","N/A","N/A","NO","N/A","NO","YES","organizations","id","P2_ENTERPRISE_FUTURE","DEFERRED","NOT NULL; FK organizations.id; FOREIGN KEY to organizations.id"
"user_groups","code","VARCHAR","80","N/A","NO","N/A","NO","NO","N/A","N/A","P2_ENTERPRISE_FUTURE","DEFERRED","NOT NULL"
"user_groups","name","VARCHAR","180","N/A","NO","N/A","NO","NO","N/A","N/A","P2_ENTERPRISE_FUTURE","DEFERRED","NOT NULL"
"user_groups","description","TEXT","N/A","N/A","YES","N/A","NO","NO","N/A","N/A","P2_ENTERPRISE_FUTURE","DEFERRED","N/A"
"user_groups","status","VARCHAR","40","N/A","NO","active","NO","NO","N/A","N/A","P2_ENTERPRISE_FUTURE","DEFERRED","NOT NULL; ENUM/CHECK; ENUM/CHECK common_status"
"user_groups","status_changed_at","DATETIME","N/A","N/A","YES","N/A","NO","NO","N/A","N/A","P2_ENTERPRISE_FUTURE","DEFERRED","Required by service when status is changed"
"user_groups","status_changed_by","BIGINT UNSIGNED","N/A","N/A","YES","N/A","NO","YES","user_profiles","id","P2_ENTERPRISE_FUTURE","DEFERRED","FK user_profiles.id; set null if user profile is removed"
"user_groups","is_active","TINYINT","1","N/A","NO","1","NO","NO","N/A","N/A","P2_ENTERPRISE_FUTURE","DEFERRED","NOT NULL"
"user_groups","created_at","TIMESTAMP","N/A","N/A","NO","CURRENT_TIMESTAMP","NO","NO","N/A","N/A","P2_ENTERPRISE_FUTURE","DEFERRED","NOT NULL; valid timestamp"
"user_groups","created_by","BIGINT UNSIGNED","N/A","N/A","YES","N/A","NO","YES","user_profiles","id","P2_ENTERPRISE_FUTURE","DEFERRED","FK user_profiles.id; FOREIGN KEY to user_profiles.id"
"user_groups","updated_at","TIMESTAMP","N/A","N/A","YES","CURRENT_TIMESTAMP ON UPDATE CURRENT_TIMESTAMP","NO","NO","N/A","N/A","P2_ENTERPRISE_FUTURE","DEFERRED","valid timestamp"
"user_groups","updated_by","BIGINT UNSIGNED","N/A","N/A","YES","N/A","NO","YES","user_profiles","id","P2_ENTERPRISE_FUTURE","DEFERRED","FK user_profiles.id; FOREIGN KEY to user_profiles.id"
"user_groups","deleted_at","TIMESTAMP","N/A","N/A","YES","N/A","NO","NO","N/A","N/A","P2_ENTERPRISE_FUTURE","DEFERRED","valid timestamp"
"user_groups","deleted_by","BIGINT UNSIGNED","N/A","N/A","YES","N/A","NO","YES","user_profiles","id","P2_ENTERPRISE_FUTURE","DEFERRED","FK user_profiles.id; FOREIGN KEY to user_profiles.id"
"user_groups","owner_user_id","BIGINT UNSIGNED","N/A","N/A","YES","N/A","NO","YES","user_profiles","id","P2_ENTERPRISE_FUTURE","DEFERRED","FK user_profiles.id; FOREIGN KEY to user_profiles.id"
"user_group_members","id","BIGINT UNSIGNED","N/A","N/A","NO","N/A","YES","NO","N/A","N/A","P2_ENTERPRISE_FUTURE","DEFERRED","NOT NULL; PRIMARY KEY"
"user_group_members","organization_id","BIGINT UNSIGNED","N/A","N/A","NO","N/A","NO","YES","organizations","id","P2_ENTERPRISE_FUTURE","DEFERRED","NOT NULL; FK organizations.id; FOREIGN KEY to organizations.id"
"user_group_members","description","TEXT","N/A","N/A","YES","N/A","NO","NO","N/A","N/A","P2_ENTERPRISE_FUTURE","DEFERRED","N/A"
"user_group_members","status","VARCHAR","40","N/A","NO","active","NO","NO","N/A","N/A","P2_ENTERPRISE_FUTURE","DEFERRED","NOT NULL; ENUM/CHECK; ENUM/CHECK common_status"
"user_group_members","status_changed_at","DATETIME","N/A","N/A","YES","N/A","NO","NO","N/A","N/A","P2_ENTERPRISE_FUTURE","DEFERRED","Required by service when status is changed"
"user_group_members","status_changed_by","BIGINT UNSIGNED","N/A","N/A","YES","N/A","NO","YES","user_profiles","id","P2_ENTERPRISE_FUTURE","DEFERRED","FK user_profiles.id; set null if user profile is removed"
"user_group_members","is_active","TINYINT","1","N/A","NO","1","NO","NO","N/A","N/A","P2_ENTERPRISE_FUTURE","DEFERRED","NOT NULL"
"user_group_members","created_at","TIMESTAMP","N/A","N/A","NO","CURRENT_TIMESTAMP","NO","NO","N/A","N/A","P2_ENTERPRISE_FUTURE","DEFERRED","NOT NULL; valid timestamp"
"user_group_members","created_by","BIGINT UNSIGNED","N/A","N/A","YES","N/A","NO","YES","user_profiles","id","P2_ENTERPRISE_FUTURE","DEFERRED","FK user_profiles.id; FOREIGN KEY to user_profiles.id"
"user_group_members","updated_at","TIMESTAMP","N/A","N/A","YES","CURRENT_TIMESTAMP ON UPDATE CURRENT_TIMESTAMP","NO","NO","N/A","N/A","P2_ENTERPRISE_FUTURE","DEFERRED","valid timestamp"
"user_group_members","updated_by","BIGINT UNSIGNED","N/A","N/A","YES","N/A","NO","YES","user_profiles","id","P2_ENTERPRISE_FUTURE","DEFERRED","FK user_profiles.id; FOREIGN KEY to user_profiles.id"
"user_group_members","group_id","BIGINT UNSIGNED","N/A","N/A","NO","N/A","NO","YES","user_groups","id","P2_ENTERPRISE_FUTURE","DEFERRED","NOT NULL; FK user_groups.id; FOREIGN KEY to user_groups.id"
"user_group_members","member_type","VARCHAR","40","N/A","NO","'member'","NO","NO","N/A","N/A","P2_ENTERPRISE_FUTURE","DEFERRED","NOT NULL"
"user_group_members","user_id","BIGINT UNSIGNED","N/A","N/A","NO","N/A","NO","YES","user_profiles","id","P2_ENTERPRISE_FUTURE","DEFERRED","NOT NULL; FK user_profiles.id; FOREIGN KEY to user_profiles.id"
"access_policy_rules","id","BIGINT UNSIGNED","N/A","N/A","NO","N/A","YES","NO","N/A","N/A","P2_ENTERPRISE_FUTURE","DEFERRED","NOT NULL; PRIMARY KEY"
"access_policy_rules","organization_id","BIGINT UNSIGNED","N/A","N/A","NO","N/A","NO","YES","organizations","id","P2_ENTERPRISE_FUTURE","DEFERRED","NOT NULL; FK organizations.id; FOREIGN KEY to organizations.id"
"access_policy_rules","code","VARCHAR","80","N/A","NO","N/A","NO","NO","N/A","N/A","P2_ENTERPRISE_FUTURE","DEFERRED","NOT NULL"
"access_policy_rules","name","VARCHAR","180","N/A","NO","N/A","NO","NO","N/A","N/A","P2_ENTERPRISE_FUTURE","DEFERRED","NOT NULL"
"access_policy_rules","description","TEXT","N/A","N/A","YES","N/A","NO","NO","N/A","N/A","P2_ENTERPRISE_FUTURE","DEFERRED","N/A"
"access_policy_rules","status","VARCHAR","40","N/A","NO","active","NO","NO","N/A","N/A","P2_ENTERPRISE_FUTURE","DEFERRED","NOT NULL; ENUM/CHECK; ENUM/CHECK common_status"
"access_policy_rules","status_changed_at","DATETIME","N/A","N/A","YES","N/A","NO","NO","N/A","N/A","P2_ENTERPRISE_FUTURE","DEFERRED","Required by service when status is changed"
"access_policy_rules","status_changed_by","BIGINT UNSIGNED","N/A","N/A","YES","N/A","NO","YES","user_profiles","id","P2_ENTERPRISE_FUTURE","DEFERRED","FK user_profiles.id; set null if user profile is removed"
"access_policy_rules","is_active","TINYINT","1","N/A","NO","1","NO","NO","N/A","N/A","P2_ENTERPRISE_FUTURE","DEFERRED","NOT NULL"
"access_policy_rules","metadata_json","JSON","N/A","N/A","YES","N/A","NO","NO","N/A","N/A","P2_ENTERPRISE_FUTURE","DEFERRED","JSON_VALID"
"access_policy_rules","created_at","TIMESTAMP","N/A","N/A","NO","CURRENT_TIMESTAMP","NO","NO","N/A","N/A","P2_ENTERPRISE_FUTURE","DEFERRED","NOT NULL; valid timestamp"
"access_policy_rules","created_by","BIGINT UNSIGNED","N/A","N/A","YES","N/A","NO","YES","user_profiles","id","P2_ENTERPRISE_FUTURE","DEFERRED","FK user_profiles.id; FOREIGN KEY to user_profiles.id"
"access_policy_rules","updated_at","TIMESTAMP","N/A","N/A","YES","CURRENT_TIMESTAMP ON UPDATE CURRENT_TIMESTAMP","NO","NO","N/A","N/A","P2_ENTERPRISE_FUTURE","DEFERRED","valid timestamp"
"access_policy_rules","updated_by","BIGINT UNSIGNED","N/A","N/A","YES","N/A","NO","YES","user_profiles","id","P2_ENTERPRISE_FUTURE","DEFERRED","FK user_profiles.id; FOREIGN KEY to user_profiles.id"
"access_policy_rules","deleted_at","TIMESTAMP","N/A","N/A","YES","N/A","NO","NO","N/A","N/A","P2_ENTERPRISE_FUTURE","DEFERRED","valid timestamp"
"access_policy_rules","deleted_by","BIGINT UNSIGNED","N/A","N/A","YES","N/A","NO","YES","user_profiles","id","P2_ENTERPRISE_FUTURE","DEFERRED","FK user_profiles.id; FOREIGN KEY to user_profiles.id"
"access_policy_rules","action_key","VARCHAR","80","N/A","NO","N/A","NO","NO","N/A","N/A","P2_ENTERPRISE_FUTURE","DEFERRED","NOT NULL"
"access_policy_rules","condition_json","JSON","N/A","N/A","NO","N/A","NO","NO","N/A","N/A","P2_ENTERPRISE_FUTURE","DEFERRED","NOT NULL; JSON_VALID"
"access_policy_rules","effect","VARCHAR","20","N/A","NO","'allow'","NO","NO","N/A","N/A","P2_ENTERPRISE_FUTURE","DEFERRED","NOT NULL"
"access_policy_rules","resource_type","VARCHAR","80","N/A","NO","N/A","NO","NO","N/A","N/A","P2_ENTERPRISE_FUTURE","DEFERRED","NOT NULL"
"user_access_logs","id","BIGINT UNSIGNED","N/A","N/A","NO","N/A","YES","NO","N/A","N/A","P2_ENTERPRISE_FUTURE","DEFERRED","NOT NULL; PRIMARY KEY"
"user_access_logs","organization_id","BIGINT UNSIGNED","N/A","N/A","NO","N/A","NO","YES","organizations","id","P2_ENTERPRISE_FUTURE","DEFERRED","NOT NULL; FK organizations.id; FOREIGN KEY to organizations.id"
"user_access_logs","description","TEXT","N/A","N/A","YES","N/A","NO","NO","N/A","N/A","P2_ENTERPRISE_FUTURE","DEFERRED","N/A"
"user_access_logs","created_at","TIMESTAMP","N/A","N/A","NO","CURRENT_TIMESTAMP","NO","NO","N/A","N/A","P2_ENTERPRISE_FUTURE","DEFERRED","NOT NULL; valid timestamp"
"user_access_logs","created_by","BIGINT UNSIGNED","N/A","N/A","YES","N/A","NO","YES","user_profiles","id","P2_ENTERPRISE_FUTURE","DEFERRED","FK user_profiles.id; FOREIGN KEY to user_profiles.id"
"user_access_logs","updated_at","TIMESTAMP","N/A","N/A","YES","CURRENT_TIMESTAMP ON UPDATE CURRENT_TIMESTAMP","NO","NO","N/A","N/A","P2_ENTERPRISE_FUTURE","DEFERRED","valid timestamp"
"user_access_logs","updated_by","BIGINT UNSIGNED","N/A","N/A","YES","N/A","NO","YES","user_profiles","id","P2_ENTERPRISE_FUTURE","DEFERRED","FK user_profiles.id; FOREIGN KEY to user_profiles.id"
"user_access_logs","decision","VARCHAR","40","N/A","NO","N/A","NO","NO","N/A","N/A","P2_ENTERPRISE_FUTURE","DEFERRED","NOT NULL"
"user_access_logs","event_type","VARCHAR","80","N/A","NO","N/A","NO","NO","N/A","N/A","P2_ENTERPRISE_FUTURE","DEFERRED","NOT NULL"
"user_access_logs","ip_address","VARCHAR","64","N/A","YES","N/A","NO","NO","N/A","N/A","P2_ENTERPRISE_FUTURE","DEFERRED","N/A"
"user_access_logs","occurred_at","DATETIME","N/A","N/A","NO","N/A","NO","NO","N/A","N/A","P2_ENTERPRISE_FUTURE","DEFERRED","NOT NULL; valid timestamp"
"user_access_logs","resource_id","BIGINT","N/A","N/A","YES","N/A","NO","NO","N/A","N/A","P2_ENTERPRISE_FUTURE","DEFERRED","N/A"
"user_access_logs","resource_type","VARCHAR","80","N/A","YES","N/A","NO","NO","N/A","N/A","P2_ENTERPRISE_FUTURE","DEFERRED","N/A"
"user_access_logs","user_agent_hash","VARCHAR","128","N/A","YES","N/A","NO","NO","N/A","N/A","P2_ENTERPRISE_FUTURE","DEFERRED","N/A"
"user_access_logs","user_id","BIGINT UNSIGNED","N/A","N/A","YES","N/A","NO","YES","user_profiles","id","P2_ENTERPRISE_FUTURE","DEFERRED","FK user_profiles.id; FOREIGN KEY to user_profiles.id"
"bi_projects","id","BIGINT UNSIGNED","N/A","N/A","NO","N/A","YES","NO","N/A","N/A","P0_CORE","APPROVED","NOT NULL; PRIMARY KEY"
"bi_projects","organization_id","BIGINT UNSIGNED","N/A","N/A","NO","N/A","NO","YES","organizations","id","P0_CORE","APPROVED","NOT NULL; FK organizations.id; FOREIGN KEY to organizations.id"
"bi_projects","branch_id","BIGINT UNSIGNED","N/A","N/A","YES","N/A","NO","YES","branches","id","P0_CORE","APPROVED","FK branches.id; nullable for organization-level records"
"bi_projects","code","VARCHAR","80","N/A","NO","N/A","NO","NO","N/A","N/A","P0_CORE","APPROVED","NOT NULL"
"bi_projects","name","VARCHAR","180","N/A","NO","N/A","NO","NO","N/A","N/A","P0_CORE","APPROVED","NOT NULL"
"bi_projects","description","TEXT","N/A","N/A","YES","N/A","NO","NO","N/A","N/A","P0_CORE","APPROVED","N/A"
"bi_projects","status","VARCHAR","40","N/A","NO","active","NO","NO","N/A","N/A","P0_CORE","APPROVED","NOT NULL; ENUM/CHECK; ENUM/CHECK common_status"
"bi_projects","status_changed_at","DATETIME","N/A","N/A","YES","N/A","NO","NO","N/A","N/A","P0_CORE","APPROVED","Required by service when status is changed"
"bi_projects","status_changed_by","BIGINT UNSIGNED","N/A","N/A","YES","N/A","NO","YES","user_profiles","id","P0_CORE","APPROVED","FK user_profiles.id; set null if user profile is removed"
"bi_projects","is_active","TINYINT","1","N/A","NO","1","NO","NO","N/A","N/A","P0_CORE","APPROVED","NOT NULL"
"bi_projects","metadata_json","JSON","N/A","N/A","YES","N/A","NO","NO","N/A","N/A","P0_CORE","APPROVED","JSON_VALID"
"bi_projects","created_at","TIMESTAMP","N/A","N/A","NO","CURRENT_TIMESTAMP","NO","NO","N/A","N/A","P0_CORE","APPROVED","NOT NULL; valid timestamp"
"bi_projects","created_by","BIGINT UNSIGNED","N/A","N/A","YES","N/A","NO","YES","user_profiles","id","P0_CORE","APPROVED","FK user_profiles.id; FOREIGN KEY to user_profiles.id"
"bi_projects","updated_at","TIMESTAMP","N/A","N/A","YES","CURRENT_TIMESTAMP ON UPDATE CURRENT_TIMESTAMP","NO","NO","N/A","N/A","P0_CORE","APPROVED","valid timestamp"
"bi_projects","updated_by","BIGINT UNSIGNED","N/A","N/A","YES","N/A","NO","YES","user_profiles","id","P0_CORE","APPROVED","FK user_profiles.id; FOREIGN KEY to user_profiles.id"
"bi_projects","deleted_at","TIMESTAMP","N/A","N/A","YES","N/A","NO","NO","N/A","N/A","P0_CORE","APPROVED","valid timestamp"
"bi_projects","deleted_by","BIGINT UNSIGNED","N/A","N/A","YES","N/A","NO","YES","user_profiles","id","P0_CORE","APPROVED","FK user_profiles.id; FOREIGN KEY to user_profiles.id"
"bi_projects","active_dashboard_id","BIGINT UNSIGNED","N/A","N/A","YES","N/A","NO","YES","bi_dashboards","id","P0_CORE","APPROVED","FK bi_dashboards.id; FOREIGN KEY to bi_dashboards.id"
"bi_projects","active_sheet_id","BIGINT UNSIGNED","N/A","N/A","YES","N/A","NO","YES","bi_sheets","id","P0_CORE","APPROVED","FK bi_sheets.id; FOREIGN KEY to bi_sheets.id"
"bi_projects","owner_user_id","BIGINT UNSIGNED","N/A","N/A","YES","N/A","NO","YES","user_profiles","id","P0_CORE","APPROVED","FK user_profiles.id; FOREIGN KEY to user_profiles.id"
"bi_projects","project_color","VARCHAR","20","N/A","YES","N/A","NO","NO","N/A","N/A","P0_CORE","APPROVED","N/A"
"bi_project_members","id","BIGINT UNSIGNED","N/A","N/A","NO","N/A","YES","NO","N/A","N/A","P0_CORE","APPROVED","NOT NULL; PRIMARY KEY"
"bi_project_members","organization_id","BIGINT UNSIGNED","N/A","N/A","NO","N/A","NO","YES","organizations","id","P0_CORE","APPROVED","NOT NULL; FK organizations.id; FOREIGN KEY to organizations.id"
"bi_project_members","branch_id","BIGINT UNSIGNED","N/A","N/A","YES","N/A","NO","YES","branches","id","P0_CORE","APPROVED","FK branches.id; nullable for organization-level records"
"bi_project_members","project_id","BIGINT UNSIGNED","N/A","N/A","NO","N/A","NO","YES","bi_projects","id","P0_CORE","APPROVED","NOT NULL; FK bi_projects.id; FOREIGN KEY to bi_projects.id"
"bi_project_members","description","TEXT","N/A","N/A","YES","N/A","NO","NO","N/A","N/A","P0_CORE","APPROVED","N/A"
"bi_project_members","status","VARCHAR","40","N/A","NO","active","NO","NO","N/A","N/A","P0_CORE","APPROVED","NOT NULL; ENUM/CHECK; ENUM/CHECK common_status"
"bi_project_members","status_changed_at","DATETIME","N/A","N/A","YES","N/A","NO","NO","N/A","N/A","P0_CORE","APPROVED","Required by service when status is changed"
"bi_project_members","status_changed_by","BIGINT UNSIGNED","N/A","N/A","YES","N/A","NO","YES","user_profiles","id","P0_CORE","APPROVED","FK user_profiles.id; set null if user profile is removed"
"bi_project_members","is_active","TINYINT","1","N/A","NO","1","NO","NO","N/A","N/A","P0_CORE","APPROVED","NOT NULL"
"bi_project_members","created_at","TIMESTAMP","N/A","N/A","NO","CURRENT_TIMESTAMP","NO","NO","N/A","N/A","P0_CORE","APPROVED","NOT NULL; valid timestamp"
"bi_project_members","created_by","BIGINT UNSIGNED","N/A","N/A","YES","N/A","NO","YES","user_profiles","id","P0_CORE","APPROVED","FK user_profiles.id; FOREIGN KEY to user_profiles.id"
"bi_project_members","updated_at","TIMESTAMP","N/A","N/A","YES","CURRENT_TIMESTAMP ON UPDATE CURRENT_TIMESTAMP","NO","NO","N/A","N/A","P0_CORE","APPROVED","valid timestamp"
"bi_project_members","updated_by","BIGINT UNSIGNED","N/A","N/A","YES","N/A","NO","YES","user_profiles","id","P0_CORE","APPROVED","FK user_profiles.id; FOREIGN KEY to user_profiles.id"
"bi_project_members","deleted_at","TIMESTAMP","N/A","N/A","YES","N/A","NO","NO","N/A","N/A","P0_CORE","APPROVED","valid timestamp"
"bi_project_members","deleted_by","BIGINT UNSIGNED","N/A","N/A","YES","N/A","NO","YES","user_profiles","id","P0_CORE","APPROVED","FK user_profiles.id; FOREIGN KEY to user_profiles.id"
"bi_project_members","permission_override_json","JSON","N/A","N/A","YES","N/A","NO","NO","N/A","N/A","P0_CORE","APPROVED","JSON_VALID"
"bi_project_members","role_id","BIGINT UNSIGNED","N/A","N/A","YES","N/A","NO","YES","roles","id","P0_CORE","APPROVED","FK roles.id; FOREIGN KEY to roles.id"
"bi_project_members","user_id","BIGINT UNSIGNED","N/A","N/A","NO","N/A","NO","YES","user_profiles","id","P0_CORE","APPROVED","NOT NULL; FK user_profiles.id; FOREIGN KEY to user_profiles.id"
"bi_sheets","id","BIGINT UNSIGNED","N/A","N/A","NO","N/A","YES","NO","N/A","N/A","P0_CORE","APPROVED","NOT NULL; PRIMARY KEY"
"bi_sheets","organization_id","BIGINT UNSIGNED","N/A","N/A","NO","N/A","NO","YES","organizations","id","P0_CORE","APPROVED","NOT NULL; FK organizations.id; FOREIGN KEY to organizations.id"
"bi_sheets","branch_id","BIGINT UNSIGNED","N/A","N/A","YES","N/A","NO","YES","branches","id","P0_CORE","APPROVED","FK branches.id; nullable for organization-level records"
"bi_sheets","project_id","BIGINT UNSIGNED","N/A","N/A","NO","N/A","NO","YES","bi_projects","id","P0_CORE","APPROVED","NOT NULL; FK bi_projects.id; FOREIGN KEY to bi_projects.id"
"bi_sheets","name","VARCHAR","180","N/A","NO","N/A","NO","NO","N/A","N/A","P0_CORE","APPROVED","NOT NULL"
"bi_sheets","description","TEXT","N/A","N/A","YES","N/A","NO","NO","N/A","N/A","P0_CORE","APPROVED","N/A"
"bi_sheets","status","VARCHAR","40","N/A","NO","active","NO","NO","N/A","N/A","P0_CORE","APPROVED","NOT NULL; ENUM/CHECK; ENUM/CHECK common_status"
"bi_sheets","status_changed_at","DATETIME","N/A","N/A","YES","N/A","NO","NO","N/A","N/A","P0_CORE","APPROVED","Required by service when status is changed"
"bi_sheets","status_changed_by","BIGINT UNSIGNED","N/A","N/A","YES","N/A","NO","YES","user_profiles","id","P0_CORE","APPROVED","FK user_profiles.id; set null if user profile is removed"
"bi_sheets","is_active","TINYINT","1","N/A","NO","1","NO","NO","N/A","N/A","P0_CORE","APPROVED","NOT NULL"
"bi_sheets","sort_order","INT","N/A","N/A","NO","0","NO","NO","N/A","N/A","P0_CORE","APPROVED","NOT NULL"
"bi_sheets","created_at","TIMESTAMP","N/A","N/A","NO","CURRENT_TIMESTAMP","NO","NO","N/A","N/A","P0_CORE","APPROVED","NOT NULL; valid timestamp"
"bi_sheets","created_by","BIGINT UNSIGNED","N/A","N/A","YES","N/A","NO","YES","user_profiles","id","P0_CORE","APPROVED","FK user_profiles.id; FOREIGN KEY to user_profiles.id"
"bi_sheets","updated_at","TIMESTAMP","N/A","N/A","YES","CURRENT_TIMESTAMP ON UPDATE CURRENT_TIMESTAMP","NO","NO","N/A","N/A","P0_CORE","APPROVED","valid timestamp"
"bi_sheets","updated_by","BIGINT UNSIGNED","N/A","N/A","YES","N/A","NO","YES","user_profiles","id","P0_CORE","APPROVED","FK user_profiles.id; FOREIGN KEY to user_profiles.id"
"bi_sheets","deleted_at","TIMESTAMP","N/A","N/A","YES","N/A","NO","NO","N/A","N/A","P0_CORE","APPROVED","valid timestamp"
"bi_sheets","deleted_by","BIGINT UNSIGNED","N/A","N/A","YES","N/A","NO","YES","user_profiles","id","P0_CORE","APPROVED","FK user_profiles.id; FOREIGN KEY to user_profiles.id"
"bi_sheets","sheet_icon","VARCHAR","60","N/A","YES","N/A","NO","NO","N/A","N/A","P0_CORE","APPROVED","N/A"
"bi_sheets","sheet_settings_json","JSON","N/A","N/A","YES","N/A","NO","NO","N/A","N/A","P0_CORE","APPROVED","JSON_VALID"
"workspace_contexts","id","BIGINT UNSIGNED","N/A","N/A","NO","N/A","YES","NO","N/A","N/A","P0_CORE","APPROVED","NOT NULL; PRIMARY KEY"
"workspace_contexts","organization_id","BIGINT UNSIGNED","N/A","N/A","NO","N/A","NO","YES","organizations","id","P0_CORE","APPROVED","NOT NULL; FK organizations.id; FOREIGN KEY to organizations.id"
"workspace_contexts","description","TEXT","N/A","N/A","YES","N/A","NO","NO","N/A","N/A","P0_CORE","APPROVED","N/A"
"workspace_contexts","created_at","TIMESTAMP","N/A","N/A","NO","CURRENT_TIMESTAMP","NO","NO","N/A","N/A","P0_CORE","APPROVED","NOT NULL; valid timestamp"
"workspace_contexts","created_by","BIGINT UNSIGNED","N/A","N/A","YES","N/A","NO","YES","user_profiles","id","P0_CORE","APPROVED","FK user_profiles.id; FOREIGN KEY to user_profiles.id"
"workspace_contexts","updated_at","TIMESTAMP","N/A","N/A","YES","CURRENT_TIMESTAMP ON UPDATE CURRENT_TIMESTAMP","NO","NO","N/A","N/A","P0_CORE","APPROVED","valid timestamp"
"workspace_contexts","updated_by","BIGINT UNSIGNED","N/A","N/A","YES","N/A","NO","YES","user_profiles","id","P0_CORE","APPROVED","FK user_profiles.id; FOREIGN KEY to user_profiles.id"
"workspace_contexts","deleted_at","TIMESTAMP","N/A","N/A","YES","N/A","NO","NO","N/A","N/A","P0_CORE","APPROVED","valid timestamp"
"workspace_contexts","deleted_by","BIGINT UNSIGNED","N/A","N/A","YES","N/A","NO","YES","user_profiles","id","P0_CORE","APPROVED","FK user_profiles.id; FOREIGN KEY to user_profiles.id"
"workspace_contexts","active_dashboard_id","BIGINT UNSIGNED","N/A","N/A","YES","N/A","NO","YES","bi_dashboards","id","P0_CORE","APPROVED","FK bi_dashboards.id; FOREIGN KEY to bi_dashboards.id"
"workspace_contexts","active_project_id","BIGINT UNSIGNED","N/A","N/A","YES","N/A","NO","YES","bi_projects","id","P0_CORE","APPROVED","FK bi_projects.id; FOREIGN KEY to bi_projects.id"
"workspace_contexts","active_sheet_id","BIGINT UNSIGNED","N/A","N/A","YES","N/A","NO","YES","bi_sheets","id","P0_CORE","APPROVED","FK bi_sheets.id; FOREIGN KEY to bi_sheets.id"
"workspace_contexts","navigation_context_json","JSON","N/A","N/A","YES","N/A","NO","NO","N/A","N/A","P0_CORE","APPROVED","JSON_VALID"
"workspace_contexts","user_id","BIGINT UNSIGNED","N/A","N/A","NO","N/A","NO","YES","user_profiles","id","P0_CORE","APPROVED","NOT NULL; FK user_profiles.id; FOREIGN KEY to user_profiles.id"
"bi_dashboards","id","BIGINT UNSIGNED","N/A","N/A","NO","N/A","YES","NO","N/A","N/A","P0_CORE","APPROVED","NOT NULL; PRIMARY KEY"
"bi_dashboards","organization_id","BIGINT UNSIGNED","N/A","N/A","NO","N/A","NO","YES","organizations","id","P0_CORE","APPROVED","NOT NULL; FK organizations.id; FOREIGN KEY to organizations.id"
"bi_dashboards","branch_id","BIGINT UNSIGNED","N/A","N/A","YES","N/A","NO","YES","branches","id","P0_CORE","APPROVED","FK branches.id; nullable for organization-level records"
"bi_dashboards","project_id","BIGINT UNSIGNED","N/A","N/A","NO","N/A","NO","YES","bi_projects","id","P0_CORE","APPROVED","NOT NULL; FK bi_projects.id; FOREIGN KEY to bi_projects.id"
"bi_dashboards","name","VARCHAR","180","N/A","NO","N/A","NO","NO","N/A","N/A","P0_CORE","APPROVED","NOT NULL"
"bi_dashboards","description","TEXT","N/A","N/A","YES","N/A","NO","NO","N/A","N/A","P0_CORE","APPROVED","N/A"
"bi_dashboards","status","VARCHAR","40","N/A","NO","draft","NO","NO","N/A","N/A","P0_CORE","APPROVED","NOT NULL; ENUM/CHECK; ENUM/CHECK dashboard_status"
"bi_dashboards","status_changed_at","DATETIME","N/A","N/A","YES","N/A","NO","NO","N/A","N/A","P0_CORE","APPROVED","Required by service when status is changed"
"bi_dashboards","status_changed_by","BIGINT UNSIGNED","N/A","N/A","YES","N/A","NO","YES","user_profiles","id","P0_CORE","APPROVED","FK user_profiles.id; set null if user profile is removed"
"bi_dashboards","is_active","TINYINT","1","N/A","NO","1","NO","NO","N/A","N/A","P0_CORE","APPROVED","NOT NULL"
"bi_dashboards","metadata_json","JSON","N/A","N/A","YES","N/A","NO","NO","N/A","N/A","P0_CORE","APPROVED","JSON_VALID"
"bi_dashboards","created_at","TIMESTAMP","N/A","N/A","NO","CURRENT_TIMESTAMP","NO","NO","N/A","N/A","P0_CORE","APPROVED","NOT NULL; valid timestamp"
"bi_dashboards","created_by","BIGINT UNSIGNED","N/A","N/A","YES","N/A","NO","YES","user_profiles","id","P0_CORE","APPROVED","FK user_profiles.id; FOREIGN KEY to user_profiles.id"
"bi_dashboards","updated_at","TIMESTAMP","N/A","N/A","YES","CURRENT_TIMESTAMP ON UPDATE CURRENT_TIMESTAMP","NO","NO","N/A","N/A","P0_CORE","APPROVED","valid timestamp"
"bi_dashboards","updated_by","BIGINT UNSIGNED","N/A","N/A","YES","N/A","NO","YES","user_profiles","id","P0_CORE","APPROVED","FK user_profiles.id; FOREIGN KEY to user_profiles.id"
"bi_dashboards","deleted_at","TIMESTAMP","N/A","N/A","YES","N/A","NO","NO","N/A","N/A","P0_CORE","APPROVED","valid timestamp"
"bi_dashboards","deleted_by","BIGINT UNSIGNED","N/A","N/A","YES","N/A","NO","YES","user_profiles","id","P0_CORE","APPROVED","FK user_profiles.id; FOREIGN KEY to user_profiles.id"
"bi_dashboards","canvas_height","INT","N/A","N/A","NO","900","NO","NO","N/A","N/A","P0_CORE","APPROVED","NOT NULL"
"bi_dashboards","canvas_width","INT","N/A","N/A","NO","1440","NO","NO","N/A","N/A","P0_CORE","APPROVED","NOT NULL"
"bi_dashboards","dashboard_name","VARCHAR","220","N/A","NO","N/A","NO","NO","N/A","N/A","P0_CORE","APPROVED","NOT NULL"
"bi_dashboards","published_at","DATETIME","N/A","N/A","YES","N/A","NO","NO","N/A","N/A","P0_CORE","APPROVED","valid timestamp"
"bi_dashboards","schema_version","INT","N/A","N/A","NO","1","NO","NO","N/A","N/A","P0_CORE","APPROVED","NOT NULL"
"bi_dashboards","sheet_id","BIGINT UNSIGNED","N/A","N/A","YES","N/A","NO","YES","bi_sheets","id","P0_CORE","APPROVED","FK bi_sheets.id; FOREIGN KEY to bi_sheets.id"
"bi_dashboards","theme","VARCHAR","40","N/A","NO","'light'","NO","NO","N/A","N/A","P0_CORE","APPROVED","NOT NULL; ENUM/CHECK; ENUM/CHECK theme_option"
"dashboard_versions","id","BIGINT UNSIGNED","N/A","N/A","NO","N/A","YES","NO","N/A","N/A","P0_CORE","APPROVED","NOT NULL; PRIMARY KEY"
"dashboard_versions","organization_id","BIGINT UNSIGNED","N/A","N/A","NO","N/A","NO","YES","organizations","id","P0_CORE","APPROVED","NOT NULL; FK organizations.id; FOREIGN KEY to organizations.id"
"dashboard_versions","dashboard_id","BIGINT UNSIGNED","N/A","N/A","NO","N/A","NO","YES","bi_dashboards","id","P0_CORE","APPROVED","NOT NULL; FK bi_dashboards.id; FOREIGN KEY to bi_dashboards.id"
"dashboard_versions","description","TEXT","N/A","N/A","YES","N/A","NO","NO","N/A","N/A","P0_CORE","APPROVED","N/A"
"dashboard_versions","metadata_json","JSON","N/A","N/A","YES","N/A","NO","NO","N/A","N/A","P0_CORE","APPROVED","JSON_VALID"
"dashboard_versions","created_at","TIMESTAMP","N/A","N/A","NO","CURRENT_TIMESTAMP","NO","NO","N/A","N/A","P0_CORE","APPROVED","NOT NULL; valid timestamp"
"dashboard_versions","created_by","BIGINT UNSIGNED","N/A","N/A","YES","N/A","NO","YES","user_profiles","id","P0_CORE","APPROVED","FK user_profiles.id; FOREIGN KEY to user_profiles.id"
"dashboard_versions","updated_at","TIMESTAMP","N/A","N/A","YES","CURRENT_TIMESTAMP ON UPDATE CURRENT_TIMESTAMP","NO","NO","N/A","N/A","P0_CORE","APPROVED","valid timestamp"
"dashboard_versions","updated_by","BIGINT UNSIGNED","N/A","N/A","YES","N/A","NO","YES","user_profiles","id","P0_CORE","APPROVED","FK user_profiles.id; FOREIGN KEY to user_profiles.id"
"dashboard_versions","change_reason","VARCHAR","240","N/A","YES","N/A","NO","NO","N/A","N/A","P0_CORE","APPROVED","N/A"
"dashboard_versions","dashboard_snapshot_json","JSON","N/A","N/A","NO","N/A","NO","NO","N/A","N/A","P0_CORE","APPROVED","NOT NULL; JSON_VALID"
"dashboard_versions","version_label","VARCHAR","120","N/A","YES","N/A","NO","NO","N/A","N/A","P0_CORE","APPROVED","N/A"
"dashboard_versions","version_no","INT","N/A","N/A","NO","N/A","NO","NO","N/A","N/A","P0_CORE","APPROVED","NOT NULL"
"dashboard_canvas_settings","id","BIGINT UNSIGNED","N/A","N/A","NO","N/A","YES","NO","N/A","N/A","REJECTED_OR_MERGED","MERGED","NOT NULL; PRIMARY KEY"
"dashboard_canvas_settings","organization_id","BIGINT UNSIGNED","N/A","N/A","NO","N/A","NO","YES","organizations","id","REJECTED_OR_MERGED","MERGED","NOT NULL; FK organizations.id; FOREIGN KEY to organizations.id"
"dashboard_canvas_settings","dashboard_id","BIGINT UNSIGNED","N/A","N/A","NO","N/A","NO","YES","bi_dashboards","id","REJECTED_OR_MERGED","MERGED","NOT NULL; FK bi_dashboards.id; FOREIGN KEY to bi_dashboards.id"
"dashboard_canvas_settings","description","TEXT","N/A","N/A","YES","N/A","NO","NO","N/A","N/A","REJECTED_OR_MERGED","MERGED","N/A"
"dashboard_canvas_settings","created_at","TIMESTAMP","N/A","N/A","NO","CURRENT_TIMESTAMP","NO","NO","N/A","N/A","REJECTED_OR_MERGED","MERGED","NOT NULL; valid timestamp"
"dashboard_canvas_settings","created_by","BIGINT UNSIGNED","N/A","N/A","YES","N/A","NO","YES","user_profiles","id","REJECTED_OR_MERGED","MERGED","FK user_profiles.id; FOREIGN KEY to user_profiles.id"
"dashboard_canvas_settings","updated_at","TIMESTAMP","N/A","N/A","YES","CURRENT_TIMESTAMP ON UPDATE CURRENT_TIMESTAMP","NO","NO","N/A","N/A","REJECTED_OR_MERGED","MERGED","valid timestamp"
"dashboard_canvas_settings","updated_by","BIGINT UNSIGNED","N/A","N/A","YES","N/A","NO","YES","user_profiles","id","REJECTED_OR_MERGED","MERGED","FK user_profiles.id; FOREIGN KEY to user_profiles.id"
"dashboard_canvas_settings","deleted_at","TIMESTAMP","N/A","N/A","YES","N/A","NO","NO","N/A","N/A","REJECTED_OR_MERGED","MERGED","valid timestamp"
"dashboard_canvas_settings","deleted_by","BIGINT UNSIGNED","N/A","N/A","YES","N/A","NO","YES","user_profiles","id","REJECTED_OR_MERGED","MERGED","FK user_profiles.id; FOREIGN KEY to user_profiles.id"
"dashboard_canvas_settings","canvas_preset","VARCHAR","40","N/A","NO","'auto'","NO","NO","N/A","N/A","REJECTED_OR_MERGED","MERGED","NOT NULL; ENUM/CHECK; ENUM/CHECK canvas_preset"
"dashboard_canvas_settings","grid_cols","INT","N/A","N/A","NO","180","NO","NO","N/A","N/A","REJECTED_OR_MERGED","MERGED","NOT NULL"
"dashboard_canvas_settings","grid_unit_px","INT","N/A","N/A","NO","8","NO","NO","N/A","N/A","REJECTED_OR_MERGED","MERGED","NOT NULL"
"dashboard_canvas_settings","height_px","INT","N/A","N/A","NO","900","NO","NO","N/A","N/A","REJECTED_OR_MERGED","MERGED","NOT NULL"
"dashboard_canvas_settings","show_grid","TINYINT","1","N/A","NO","1","NO","NO","N/A","N/A","REJECTED_OR_MERGED","MERGED","NOT NULL"
"dashboard_canvas_settings","snap_to_grid","TINYINT","1","N/A","NO","1","NO","NO","N/A","N/A","REJECTED_OR_MERGED","MERGED","NOT NULL"
"dashboard_canvas_settings","width_px","INT","N/A","N/A","NO","1440","NO","NO","N/A","N/A","REJECTED_OR_MERGED","MERGED","NOT NULL"
"dashboard_canvas_settings","zoom_percent","DECIMAL","N/A","6,2","NO","100.00","NO","NO","N/A","N/A","REJECTED_OR_MERGED","MERGED","NOT NULL"
"dashboard_widgets","id","BIGINT UNSIGNED","N/A","N/A","NO","N/A","YES","NO","N/A","N/A","P0_CORE","APPROVED","NOT NULL; PRIMARY KEY"
"dashboard_widgets","organization_id","BIGINT UNSIGNED","N/A","N/A","NO","N/A","NO","YES","organizations","id","P0_CORE","APPROVED","NOT NULL; FK organizations.id; FOREIGN KEY to organizations.id"
"dashboard_widgets","branch_id","BIGINT UNSIGNED","N/A","N/A","YES","N/A","NO","YES","branches","id","P0_CORE","APPROVED","FK branches.id; nullable for organization-level records"
"dashboard_widgets","dashboard_id","BIGINT UNSIGNED","N/A","N/A","NO","N/A","NO","YES","bi_dashboards","id","P0_CORE","APPROVED","NOT NULL; FK bi_dashboards.id; FOREIGN KEY to bi_dashboards.id"
"dashboard_widgets","title","VARCHAR","220","N/A","NO","N/A","NO","NO","N/A","N/A","P0_CORE","APPROVED","NOT NULL"
"dashboard_widgets","description","TEXT","N/A","N/A","YES","N/A","NO","NO","N/A","N/A","P0_CORE","APPROVED","N/A"
"dashboard_widgets","status","VARCHAR","40","N/A","NO","active","NO","NO","N/A","N/A","P0_CORE","APPROVED","NOT NULL; ENUM/CHECK; ENUM/CHECK common_status"
"dashboard_widgets","status_changed_at","DATETIME","N/A","N/A","YES","N/A","NO","NO","N/A","N/A","P0_CORE","APPROVED","Required by service when status is changed"
"dashboard_widgets","status_changed_by","BIGINT UNSIGNED","N/A","N/A","YES","N/A","NO","YES","user_profiles","id","P0_CORE","APPROVED","FK user_profiles.id; set null if user profile is removed"
"dashboard_widgets","is_active","TINYINT","1","N/A","NO","1","NO","NO","N/A","N/A","P0_CORE","APPROVED","NOT NULL"
"dashboard_widgets","metadata_json","JSON","N/A","N/A","YES","N/A","NO","NO","N/A","N/A","P0_CORE","APPROVED","JSON_VALID"
"dashboard_widgets","created_at","TIMESTAMP","N/A","N/A","NO","CURRENT_TIMESTAMP","NO","NO","N/A","N/A","P0_CORE","APPROVED","NOT NULL; valid timestamp"
"dashboard_widgets","created_by","BIGINT UNSIGNED","N/A","N/A","YES","N/A","NO","YES","user_profiles","id","P0_CORE","APPROVED","FK user_profiles.id; FOREIGN KEY to user_profiles.id"
"dashboard_widgets","updated_at","TIMESTAMP","N/A","N/A","YES","CURRENT_TIMESTAMP ON UPDATE CURRENT_TIMESTAMP","NO","NO","N/A","N/A","P0_CORE","APPROVED","valid timestamp"
"dashboard_widgets","updated_by","BIGINT UNSIGNED","N/A","N/A","YES","N/A","NO","YES","user_profiles","id","P0_CORE","APPROVED","FK user_profiles.id; FOREIGN KEY to user_profiles.id"
"dashboard_widgets","deleted_at","TIMESTAMP","N/A","N/A","YES","N/A","NO","NO","N/A","N/A","P0_CORE","APPROVED","valid timestamp"
"dashboard_widgets","deleted_by","BIGINT UNSIGNED","N/A","N/A","YES","N/A","NO","YES","user_profiles","id","P0_CORE","APPROVED","FK user_profiles.id; FOREIGN KEY to user_profiles.id"
"dashboard_widgets","config_json","JSON","N/A","N/A","YES","N/A","NO","NO","N/A","N/A","P0_CORE","APPROVED","JSON_VALID"
"dashboard_widgets","h","DECIMAL","N/A","10,2","NO","240.00","NO","NO","N/A","N/A","P0_CORE","APPROVED","NOT NULL"
"dashboard_widgets","is_visible","TINYINT","1","N/A","NO","1","NO","NO","N/A","N/A","P0_CORE","APPROVED","NOT NULL"
"dashboard_widgets","source_chart_id","BIGINT UNSIGNED","N/A","N/A","YES","N/A","NO","YES","charts","id","P0_CORE","APPROVED","FK charts.id; FOREIGN KEY to charts.id"
"dashboard_widgets","style_json","JSON","N/A","N/A","YES","N/A","NO","NO","N/A","N/A","P0_CORE","APPROVED","JSON_VALID"
"dashboard_widgets","w","DECIMAL","N/A","10,2","NO","320.00","NO","NO","N/A","N/A","P0_CORE","APPROVED","NOT NULL"
"dashboard_widgets","widget_type","VARCHAR","40","N/A","NO","N/A","NO","NO","N/A","N/A","P0_CORE","APPROVED","NOT NULL; ENUM/CHECK; ENUM/CHECK widget_type"
"dashboard_widgets","x","DECIMAL","N/A","10,2","NO","0.00","NO","NO","N/A","N/A","P0_CORE","APPROVED","NOT NULL"
"dashboard_widgets","y","DECIMAL","N/A","10,2","NO","0.00","NO","NO","N/A","N/A","P0_CORE","APPROVED","NOT NULL"
"dashboard_widgets","z_index","INT","N/A","N/A","NO","1","NO","NO","N/A","N/A","P0_CORE","APPROVED","NOT NULL"
"dashboard_widget_chart_links","id","BIGINT UNSIGNED","N/A","N/A","NO","N/A","YES","NO","N/A","N/A","REJECTED_OR_MERGED","MERGED","NOT NULL; PRIMARY KEY"
"dashboard_widget_chart_links","organization_id","BIGINT UNSIGNED","N/A","N/A","NO","N/A","NO","YES","organizations","id","REJECTED_OR_MERGED","MERGED","NOT NULL; FK organizations.id; FOREIGN KEY to organizations.id"
"dashboard_widget_chart_links","description","TEXT","N/A","N/A","YES","N/A","NO","NO","N/A","N/A","REJECTED_OR_MERGED","MERGED","N/A"
"dashboard_widget_chart_links","status","VARCHAR","40","N/A","NO","active","NO","NO","N/A","N/A","REJECTED_OR_MERGED","MERGED","NOT NULL; ENUM/CHECK; ENUM/CHECK common_status"
"dashboard_widget_chart_links","status_changed_at","DATETIME","N/A","N/A","YES","N/A","NO","NO","N/A","N/A","REJECTED_OR_MERGED","MERGED","Required by service when status is changed"
"dashboard_widget_chart_links","status_changed_by","BIGINT UNSIGNED","N/A","N/A","YES","N/A","NO","YES","user_profiles","id","REJECTED_OR_MERGED","MERGED","FK user_profiles.id; set null if user profile is removed"
"dashboard_widget_chart_links","is_active","TINYINT","1","N/A","NO","1","NO","NO","N/A","N/A","REJECTED_OR_MERGED","MERGED","NOT NULL"
"dashboard_widget_chart_links","created_at","TIMESTAMP","N/A","N/A","NO","CURRENT_TIMESTAMP","NO","NO","N/A","N/A","REJECTED_OR_MERGED","MERGED","NOT NULL; valid timestamp"
"dashboard_widget_chart_links","created_by","BIGINT UNSIGNED","N/A","N/A","YES","N/A","NO","YES","user_profiles","id","REJECTED_OR_MERGED","MERGED","FK user_profiles.id; FOREIGN KEY to user_profiles.id"
"dashboard_widget_chart_links","updated_at","TIMESTAMP","N/A","N/A","YES","CURRENT_TIMESTAMP ON UPDATE CURRENT_TIMESTAMP","NO","NO","N/A","N/A","REJECTED_OR_MERGED","MERGED","valid timestamp"
"dashboard_widget_chart_links","updated_by","BIGINT UNSIGNED","N/A","N/A","YES","N/A","NO","YES","user_profiles","id","REJECTED_OR_MERGED","MERGED","FK user_profiles.id; FOREIGN KEY to user_profiles.id"
"dashboard_widget_chart_links","deleted_at","TIMESTAMP","N/A","N/A","YES","N/A","NO","NO","N/A","N/A","REJECTED_OR_MERGED","MERGED","valid timestamp"
"dashboard_widget_chart_links","deleted_by","BIGINT UNSIGNED","N/A","N/A","YES","N/A","NO","YES","user_profiles","id","REJECTED_OR_MERGED","MERGED","FK user_profiles.id; FOREIGN KEY to user_profiles.id"
"dashboard_widget_chart_links","chart_config_snapshot_json","JSON","N/A","N/A","YES","N/A","NO","NO","N/A","N/A","REJECTED_OR_MERGED","MERGED","JSON_VALID"
"dashboard_widget_chart_links","chart_id","BIGINT UNSIGNED","N/A","N/A","NO","N/A","NO","YES","charts","id","REJECTED_OR_MERGED","MERGED","NOT NULL; FK charts.id; FOREIGN KEY to charts.id"
"dashboard_widget_chart_links","chart_version_id","BIGINT UNSIGNED","N/A","N/A","YES","N/A","NO","YES","chart_versions","id","REJECTED_OR_MERGED","MERGED","FK chart_versions.id; FOREIGN KEY to chart_versions.id"
"dashboard_widget_chart_links","widget_id","BIGINT UNSIGNED","N/A","N/A","NO","N/A","NO","YES","dashboard_widgets","id","REJECTED_OR_MERGED","MERGED","NOT NULL; FK dashboard_widgets.id; FOREIGN KEY to dashboard_widgets.id"
"dashboard_widget_text_blocks","id","BIGINT UNSIGNED","N/A","N/A","NO","N/A","YES","NO","N/A","N/A","REJECTED_OR_MERGED","MERGED","NOT NULL; PRIMARY KEY"
"dashboard_widget_text_blocks","organization_id","BIGINT UNSIGNED","N/A","N/A","NO","N/A","NO","YES","organizations","id","REJECTED_OR_MERGED","MERGED","NOT NULL; FK organizations.id; FOREIGN KEY to organizations.id"
"dashboard_widget_text_blocks","description","TEXT","N/A","N/A","YES","N/A","NO","NO","N/A","N/A","REJECTED_OR_MERGED","MERGED","N/A"
"dashboard_widget_text_blocks","status","VARCHAR","40","N/A","NO","active","NO","NO","N/A","N/A","REJECTED_OR_MERGED","MERGED","NOT NULL; ENUM/CHECK; ENUM/CHECK common_status"
"dashboard_widget_text_blocks","status_changed_at","DATETIME","N/A","N/A","YES","N/A","NO","NO","N/A","N/A","REJECTED_OR_MERGED","MERGED","Required by service when status is changed"
"dashboard_widget_text_blocks","status_changed_by","BIGINT UNSIGNED","N/A","N/A","YES","N/A","NO","YES","user_profiles","id","REJECTED_OR_MERGED","MERGED","FK user_profiles.id; set null if user profile is removed"
"dashboard_widget_text_blocks","is_active","TINYINT","1","N/A","NO","1","NO","NO","N/A","N/A","REJECTED_OR_MERGED","MERGED","NOT NULL"
"dashboard_widget_text_blocks","created_at","TIMESTAMP","N/A","N/A","NO","CURRENT_TIMESTAMP","NO","NO","N/A","N/A","REJECTED_OR_MERGED","MERGED","NOT NULL; valid timestamp"
"dashboard_widget_text_blocks","created_by","BIGINT UNSIGNED","N/A","N/A","YES","N/A","NO","YES","user_profiles","id","REJECTED_OR_MERGED","MERGED","FK user_profiles.id; FOREIGN KEY to user_profiles.id"
"dashboard_widget_text_blocks","updated_at","TIMESTAMP","N/A","N/A","YES","CURRENT_TIMESTAMP ON UPDATE CURRENT_TIMESTAMP","NO","NO","N/A","N/A","REJECTED_OR_MERGED","MERGED","valid timestamp"
"dashboard_widget_text_blocks","updated_by","BIGINT UNSIGNED","N/A","N/A","YES","N/A","NO","YES","user_profiles","id","REJECTED_OR_MERGED","MERGED","FK user_profiles.id; FOREIGN KEY to user_profiles.id"
"dashboard_widget_text_blocks","deleted_at","TIMESTAMP","N/A","N/A","YES","N/A","NO","NO","N/A","N/A","REJECTED_OR_MERGED","MERGED","valid timestamp"
"dashboard_widget_text_blocks","deleted_by","BIGINT UNSIGNED","N/A","N/A","YES","N/A","NO","YES","user_profiles","id","REJECTED_OR_MERGED","MERGED","FK user_profiles.id; FOREIGN KEY to user_profiles.id"
"dashboard_widget_text_blocks","font_size_px","INT","N/A","N/A","NO","16","NO","NO","N/A","N/A","REJECTED_OR_MERGED","MERGED","NOT NULL"
"dashboard_widget_text_blocks","font_weight","VARCHAR","40","N/A","YES","N/A","NO","NO","N/A","N/A","REJECTED_OR_MERGED","MERGED","N/A"
"dashboard_widget_text_blocks","text_align","VARCHAR","20","N/A","NO","'left'","NO","NO","N/A","N/A","REJECTED_OR_MERGED","MERGED","NOT NULL"
"dashboard_widget_text_blocks","text_color","VARCHAR","20","N/A","YES","N/A","NO","NO","N/A","N/A","REJECTED_OR_MERGED","MERGED","N/A"
"dashboard_widget_text_blocks","text_content","TEXT","N/A","N/A","NO","N/A","NO","NO","N/A","N/A","REJECTED_OR_MERGED","MERGED","NOT NULL"
"dashboard_widget_text_blocks","widget_id","BIGINT UNSIGNED","N/A","N/A","NO","N/A","NO","YES","dashboard_widgets","id","REJECTED_OR_MERGED","MERGED","NOT NULL; FK dashboard_widgets.id; FOREIGN KEY to dashboard_widgets.id"
"dashboard_widget_table_configs","id","BIGINT UNSIGNED","N/A","N/A","NO","N/A","YES","NO","N/A","N/A","REJECTED_OR_MERGED","MERGED","NOT NULL; PRIMARY KEY"
"dashboard_widget_table_configs","organization_id","BIGINT UNSIGNED","N/A","N/A","NO","N/A","NO","YES","organizations","id","REJECTED_OR_MERGED","MERGED","NOT NULL; FK organizations.id; FOREIGN KEY to organizations.id"
"dashboard_widget_table_configs","description","TEXT","N/A","N/A","YES","N/A","NO","NO","N/A","N/A","REJECTED_OR_MERGED","MERGED","N/A"
"dashboard_widget_table_configs","status","VARCHAR","40","N/A","NO","active","NO","NO","N/A","N/A","REJECTED_OR_MERGED","MERGED","NOT NULL; ENUM/CHECK; ENUM/CHECK common_status"
"dashboard_widget_table_configs","status_changed_at","DATETIME","N/A","N/A","YES","N/A","NO","NO","N/A","N/A","REJECTED_OR_MERGED","MERGED","Required by service when status is changed"
"dashboard_widget_table_configs","status_changed_by","BIGINT UNSIGNED","N/A","N/A","YES","N/A","NO","YES","user_profiles","id","REJECTED_OR_MERGED","MERGED","FK user_profiles.id; set null if user profile is removed"
"dashboard_widget_table_configs","is_active","TINYINT","1","N/A","NO","1","NO","NO","N/A","N/A","REJECTED_OR_MERGED","MERGED","NOT NULL"
"dashboard_widget_table_configs","created_at","TIMESTAMP","N/A","N/A","NO","CURRENT_TIMESTAMP","NO","NO","N/A","N/A","REJECTED_OR_MERGED","MERGED","NOT NULL; valid timestamp"
"dashboard_widget_table_configs","created_by","BIGINT UNSIGNED","N/A","N/A","YES","N/A","NO","YES","user_profiles","id","REJECTED_OR_MERGED","MERGED","FK user_profiles.id; FOREIGN KEY to user_profiles.id"
"dashboard_widget_table_configs","updated_at","TIMESTAMP","N/A","N/A","YES","CURRENT_TIMESTAMP ON UPDATE CURRENT_TIMESTAMP","NO","NO","N/A","N/A","REJECTED_OR_MERGED","MERGED","valid timestamp"
"dashboard_widget_table_configs","updated_by","BIGINT UNSIGNED","N/A","N/A","YES","N/A","NO","YES","user_profiles","id","REJECTED_OR_MERGED","MERGED","FK user_profiles.id; FOREIGN KEY to user_profiles.id"
"dashboard_widget_table_configs","deleted_at","TIMESTAMP","N/A","N/A","YES","N/A","NO","NO","N/A","N/A","REJECTED_OR_MERGED","MERGED","valid timestamp"
"dashboard_widget_table_configs","deleted_by","BIGINT UNSIGNED","N/A","N/A","YES","N/A","NO","YES","user_profiles","id","REJECTED_OR_MERGED","MERGED","FK user_profiles.id; FOREIGN KEY to user_profiles.id"
"dashboard_widget_table_configs","columns_json","JSON","N/A","N/A","NO","N/A","NO","NO","N/A","N/A","REJECTED_OR_MERGED","MERGED","NOT NULL; JSON_VALID"
"dashboard_widget_table_configs","default_sort_direction","VARCHAR","10","N/A","YES","N/A","NO","NO","N/A","N/A","REJECTED_OR_MERGED","MERGED","N/A"
"dashboard_widget_table_configs","default_sort_field","VARCHAR","120","N/A","YES","N/A","NO","NO","N/A","N/A","REJECTED_OR_MERGED","MERGED","N/A"
"dashboard_widget_table_configs","page_size","INT","N/A","N/A","NO","20","NO","NO","N/A","N/A","REJECTED_OR_MERGED","MERGED","NOT NULL"
"dashboard_widget_table_configs","widget_id","BIGINT UNSIGNED","N/A","N/A","NO","N/A","NO","YES","dashboard_widgets","id","REJECTED_OR_MERGED","MERGED","NOT NULL; FK dashboard_widgets.id; FOREIGN KEY to dashboard_widgets.id"
"dashboard_widget_filter_configs","id","BIGINT UNSIGNED","N/A","N/A","NO","N/A","YES","NO","N/A","N/A","REJECTED_OR_MERGED","MERGED","NOT NULL; PRIMARY KEY"
"dashboard_widget_filter_configs","organization_id","BIGINT UNSIGNED","N/A","N/A","NO","N/A","NO","YES","organizations","id","REJECTED_OR_MERGED","MERGED","NOT NULL; FK organizations.id; FOREIGN KEY to organizations.id"
"dashboard_widget_filter_configs","description","TEXT","N/A","N/A","YES","N/A","NO","NO","N/A","N/A","REJECTED_OR_MERGED","MERGED","N/A"
"dashboard_widget_filter_configs","status","VARCHAR","40","N/A","NO","active","NO","NO","N/A","N/A","REJECTED_OR_MERGED","MERGED","NOT NULL; ENUM/CHECK; ENUM/CHECK common_status"
"dashboard_widget_filter_configs","status_changed_at","DATETIME","N/A","N/A","YES","N/A","NO","NO","N/A","N/A","REJECTED_OR_MERGED","MERGED","Required by service when status is changed"
"dashboard_widget_filter_configs","status_changed_by","BIGINT UNSIGNED","N/A","N/A","YES","N/A","NO","YES","user_profiles","id","REJECTED_OR_MERGED","MERGED","FK user_profiles.id; set null if user profile is removed"
"dashboard_widget_filter_configs","is_active","TINYINT","1","N/A","NO","1","NO","NO","N/A","N/A","REJECTED_OR_MERGED","MERGED","NOT NULL"
"dashboard_widget_filter_configs","created_at","TIMESTAMP","N/A","N/A","NO","CURRENT_TIMESTAMP","NO","NO","N/A","N/A","REJECTED_OR_MERGED","MERGED","NOT NULL; valid timestamp"
"dashboard_widget_filter_configs","created_by","BIGINT UNSIGNED","N/A","N/A","YES","N/A","NO","YES","user_profiles","id","REJECTED_OR_MERGED","MERGED","FK user_profiles.id; FOREIGN KEY to user_profiles.id"
"dashboard_widget_filter_configs","updated_at","TIMESTAMP","N/A","N/A","YES","CURRENT_TIMESTAMP ON UPDATE CURRENT_TIMESTAMP","NO","NO","N/A","N/A","REJECTED_OR_MERGED","MERGED","valid timestamp"
"dashboard_widget_filter_configs","updated_by","BIGINT UNSIGNED","N/A","N/A","YES","N/A","NO","YES","user_profiles","id","REJECTED_OR_MERGED","MERGED","FK user_profiles.id; FOREIGN KEY to user_profiles.id"
"dashboard_widget_filter_configs","deleted_at","TIMESTAMP","N/A","N/A","YES","N/A","NO","NO","N/A","N/A","REJECTED_OR_MERGED","MERGED","valid timestamp"
"dashboard_widget_filter_configs","deleted_by","BIGINT UNSIGNED","N/A","N/A","YES","N/A","NO","YES","user_profiles","id","REJECTED_OR_MERGED","MERGED","FK user_profiles.id; FOREIGN KEY to user_profiles.id"
"dashboard_widget_filter_configs","default_value_json","JSON","N/A","N/A","YES","N/A","NO","NO","N/A","N/A","REJECTED_OR_MERGED","MERGED","JSON_VALID"
"dashboard_widget_filter_configs","field_name","VARCHAR","160","N/A","NO","N/A","NO","NO","N/A","N/A","REJECTED_OR_MERGED","MERGED","NOT NULL"
"dashboard_widget_filter_configs","label","VARCHAR","180","N/A","NO","N/A","NO","NO","N/A","N/A","REJECTED_OR_MERGED","MERGED","NOT NULL"
"dashboard_widget_filter_configs","operator","VARCHAR","40","N/A","NO","'equals'","NO","NO","N/A","N/A","REJECTED_OR_MERGED","MERGED","NOT NULL; ENUM/CHECK; ENUM/CHECK operator_type"
"dashboard_widget_filter_configs","option_source_json","JSON","N/A","N/A","YES","N/A","NO","NO","N/A","N/A","REJECTED_OR_MERGED","MERGED","JSON_VALID"
"dashboard_widget_filter_configs","widget_id","BIGINT UNSIGNED","N/A","N/A","NO","N/A","NO","YES","dashboard_widgets","id","REJECTED_OR_MERGED","MERGED","NOT NULL; FK dashboard_widgets.id; FOREIGN KEY to dashboard_widgets.id"
"dashboard_widget_image_assets","id","BIGINT UNSIGNED","N/A","N/A","NO","N/A","YES","NO","N/A","N/A","REJECTED_OR_MERGED","MERGED","NOT NULL; PRIMARY KEY"
"dashboard_widget_image_assets","organization_id","BIGINT UNSIGNED","N/A","N/A","NO","N/A","NO","YES","organizations","id","REJECTED_OR_MERGED","MERGED","NOT NULL; FK organizations.id; FOREIGN KEY to organizations.id"
"dashboard_widget_image_assets","description","TEXT","N/A","N/A","YES","N/A","NO","NO","N/A","N/A","REJECTED_OR_MERGED","MERGED","N/A"
"dashboard_widget_image_assets","status","VARCHAR","40","N/A","NO","active","NO","NO","N/A","N/A","REJECTED_OR_MERGED","MERGED","NOT NULL; ENUM/CHECK; ENUM/CHECK common_status"
"dashboard_widget_image_assets","status_changed_at","DATETIME","N/A","N/A","YES","N/A","NO","NO","N/A","N/A","REJECTED_OR_MERGED","MERGED","Required by service when status is changed"
"dashboard_widget_image_assets","status_changed_by","BIGINT UNSIGNED","N/A","N/A","YES","N/A","NO","YES","user_profiles","id","REJECTED_OR_MERGED","MERGED","FK user_profiles.id; set null if user profile is removed"
"dashboard_widget_image_assets","is_active","TINYINT","1","N/A","NO","1","NO","NO","N/A","N/A","REJECTED_OR_MERGED","MERGED","NOT NULL"
"dashboard_widget_image_assets","created_at","TIMESTAMP","N/A","N/A","NO","CURRENT_TIMESTAMP","NO","NO","N/A","N/A","REJECTED_OR_MERGED","MERGED","NOT NULL; valid timestamp"
"dashboard_widget_image_assets","created_by","BIGINT UNSIGNED","N/A","N/A","YES","N/A","NO","YES","user_profiles","id","REJECTED_OR_MERGED","MERGED","FK user_profiles.id; FOREIGN KEY to user_profiles.id"
"dashboard_widget_image_assets","updated_at","TIMESTAMP","N/A","N/A","YES","CURRENT_TIMESTAMP ON UPDATE CURRENT_TIMESTAMP","NO","NO","N/A","N/A","REJECTED_OR_MERGED","MERGED","valid timestamp"
"dashboard_widget_image_assets","updated_by","BIGINT UNSIGNED","N/A","N/A","YES","N/A","NO","YES","user_profiles","id","REJECTED_OR_MERGED","MERGED","FK user_profiles.id; FOREIGN KEY to user_profiles.id"
"dashboard_widget_image_assets","deleted_at","TIMESTAMP","N/A","N/A","YES","N/A","NO","NO","N/A","N/A","REJECTED_OR_MERGED","MERGED","valid timestamp"
"dashboard_widget_image_assets","deleted_by","BIGINT UNSIGNED","N/A","N/A","YES","N/A","NO","YES","user_profiles","id","REJECTED_OR_MERGED","MERGED","FK user_profiles.id; FOREIGN KEY to user_profiles.id"
"dashboard_widget_image_assets","alt_text","VARCHAR","220","N/A","YES","N/A","NO","NO","N/A","N/A","REJECTED_OR_MERGED","MERGED","N/A"
"dashboard_widget_image_assets","file_id","BIGINT UNSIGNED","N/A","N/A","NO","N/A","NO","YES","files","id","REJECTED_OR_MERGED","MERGED","NOT NULL; FK files.id; FOREIGN KEY to files.id"
"dashboard_widget_image_assets","fit_mode","VARCHAR","40","N/A","NO","'cover'","NO","NO","N/A","N/A","REJECTED_OR_MERGED","MERGED","NOT NULL"
"dashboard_widget_image_assets","widget_id","BIGINT UNSIGNED","N/A","N/A","NO","N/A","NO","YES","dashboard_widgets","id","REJECTED_OR_MERGED","MERGED","NOT NULL; FK dashboard_widgets.id; FOREIGN KEY to dashboard_widgets.id"
"dashboard_widget_actions","id","BIGINT UNSIGNED","N/A","N/A","NO","N/A","YES","NO","N/A","N/A","REJECTED_OR_MERGED","MERGED","NOT NULL; PRIMARY KEY"
"dashboard_widget_actions","organization_id","BIGINT UNSIGNED","N/A","N/A","NO","N/A","NO","YES","organizations","id","REJECTED_OR_MERGED","MERGED","NOT NULL; FK organizations.id; FOREIGN KEY to organizations.id"
"dashboard_widget_actions","description","TEXT","N/A","N/A","YES","N/A","NO","NO","N/A","N/A","REJECTED_OR_MERGED","MERGED","N/A"
"dashboard_widget_actions","status","VARCHAR","40","N/A","NO","active","NO","NO","N/A","N/A","REJECTED_OR_MERGED","MERGED","NOT NULL; ENUM/CHECK; ENUM/CHECK common_status"
"dashboard_widget_actions","status_changed_at","DATETIME","N/A","N/A","YES","N/A","NO","NO","N/A","N/A","REJECTED_OR_MERGED","MERGED","Required by service when status is changed"
"dashboard_widget_actions","status_changed_by","BIGINT UNSIGNED","N/A","N/A","YES","N/A","NO","YES","user_profiles","id","REJECTED_OR_MERGED","MERGED","FK user_profiles.id; set null if user profile is removed"
"dashboard_widget_actions","is_active","TINYINT","1","N/A","NO","1","NO","NO","N/A","N/A","REJECTED_OR_MERGED","MERGED","NOT NULL"
"dashboard_widget_actions","created_at","TIMESTAMP","N/A","N/A","NO","CURRENT_TIMESTAMP","NO","NO","N/A","N/A","REJECTED_OR_MERGED","MERGED","NOT NULL; valid timestamp"
"dashboard_widget_actions","created_by","BIGINT UNSIGNED","N/A","N/A","YES","N/A","NO","YES","user_profiles","id","REJECTED_OR_MERGED","MERGED","FK user_profiles.id; FOREIGN KEY to user_profiles.id"
"dashboard_widget_actions","updated_at","TIMESTAMP","N/A","N/A","YES","CURRENT_TIMESTAMP ON UPDATE CURRENT_TIMESTAMP","NO","NO","N/A","N/A","REJECTED_OR_MERGED","MERGED","valid timestamp"
"dashboard_widget_actions","updated_by","BIGINT UNSIGNED","N/A","N/A","YES","N/A","NO","YES","user_profiles","id","REJECTED_OR_MERGED","MERGED","FK user_profiles.id; FOREIGN KEY to user_profiles.id"
"dashboard_widget_actions","deleted_at","TIMESTAMP","N/A","N/A","YES","N/A","NO","NO","N/A","N/A","REJECTED_OR_MERGED","MERGED","valid timestamp"
"dashboard_widget_actions","deleted_by","BIGINT UNSIGNED","N/A","N/A","YES","N/A","NO","YES","user_profiles","id","REJECTED_OR_MERGED","MERGED","FK user_profiles.id; FOREIGN KEY to user_profiles.id"
"dashboard_widget_actions","action_payload_json","JSON","N/A","N/A","NO","N/A","NO","NO","N/A","N/A","REJECTED_OR_MERGED","MERGED","NOT NULL; JSON_VALID"
"dashboard_widget_actions","action_type","VARCHAR","80","N/A","NO","N/A","NO","NO","N/A","N/A","REJECTED_OR_MERGED","MERGED","NOT NULL"
"dashboard_widget_actions","trigger_event","VARCHAR","60","N/A","NO","'click'","NO","NO","N/A","N/A","REJECTED_OR_MERGED","MERGED","NOT NULL"
"dashboard_widget_actions","widget_id","BIGINT UNSIGNED","N/A","N/A","NO","N/A","NO","YES","dashboard_widgets","id","REJECTED_OR_MERGED","MERGED","NOT NULL; FK dashboard_widgets.id; FOREIGN KEY to dashboard_widgets.id"
"dashboard_templates","id","BIGINT UNSIGNED","N/A","N/A","NO","N/A","YES","NO","N/A","N/A","P1_PRODUCTION_EXTENSION","APPROVED_DEFERRED","NOT NULL; PRIMARY KEY"
"dashboard_templates","organization_id","BIGINT UNSIGNED","N/A","N/A","NO","N/A","NO","YES","organizations","id","P1_PRODUCTION_EXTENSION","APPROVED_DEFERRED","NOT NULL; FK organizations.id; FOREIGN KEY to organizations.id"
"dashboard_templates","code","VARCHAR","80","N/A","NO","N/A","NO","NO","N/A","N/A","P1_PRODUCTION_EXTENSION","APPROVED_DEFERRED","NOT NULL"
"dashboard_templates","name","VARCHAR","180","N/A","NO","N/A","NO","NO","N/A","N/A","P1_PRODUCTION_EXTENSION","APPROVED_DEFERRED","NOT NULL"
"dashboard_templates","description","TEXT","N/A","N/A","YES","N/A","NO","NO","N/A","N/A","P1_PRODUCTION_EXTENSION","APPROVED_DEFERRED","N/A"
"dashboard_templates","status","VARCHAR","40","N/A","NO","active","NO","NO","N/A","N/A","P1_PRODUCTION_EXTENSION","APPROVED_DEFERRED","NOT NULL; ENUM/CHECK; ENUM/CHECK common_status"
"dashboard_templates","status_changed_at","DATETIME","N/A","N/A","YES","N/A","NO","NO","N/A","N/A","P1_PRODUCTION_EXTENSION","APPROVED_DEFERRED","Required by service when status is changed"
"dashboard_templates","status_changed_by","BIGINT UNSIGNED","N/A","N/A","YES","N/A","NO","YES","user_profiles","id","P1_PRODUCTION_EXTENSION","APPROVED_DEFERRED","FK user_profiles.id; set null if user profile is removed"
"dashboard_templates","is_active","TINYINT","1","N/A","NO","1","NO","NO","N/A","N/A","P1_PRODUCTION_EXTENSION","APPROVED_DEFERRED","NOT NULL"
"dashboard_templates","metadata_json","JSON","N/A","N/A","YES","N/A","NO","NO","N/A","N/A","P1_PRODUCTION_EXTENSION","APPROVED_DEFERRED","JSON_VALID"
"dashboard_templates","created_at","TIMESTAMP","N/A","N/A","NO","CURRENT_TIMESTAMP","NO","NO","N/A","N/A","P1_PRODUCTION_EXTENSION","APPROVED_DEFERRED","NOT NULL; valid timestamp"
"dashboard_templates","created_by","BIGINT UNSIGNED","N/A","N/A","YES","N/A","NO","YES","user_profiles","id","P1_PRODUCTION_EXTENSION","APPROVED_DEFERRED","FK user_profiles.id; FOREIGN KEY to user_profiles.id"
"dashboard_templates","updated_at","TIMESTAMP","N/A","N/A","YES","CURRENT_TIMESTAMP ON UPDATE CURRENT_TIMESTAMP","NO","NO","N/A","N/A","P1_PRODUCTION_EXTENSION","APPROVED_DEFERRED","valid timestamp"
"dashboard_templates","updated_by","BIGINT UNSIGNED","N/A","N/A","YES","N/A","NO","YES","user_profiles","id","P1_PRODUCTION_EXTENSION","APPROVED_DEFERRED","FK user_profiles.id; FOREIGN KEY to user_profiles.id"
"dashboard_templates","deleted_at","TIMESTAMP","N/A","N/A","YES","N/A","NO","NO","N/A","N/A","P1_PRODUCTION_EXTENSION","APPROVED_DEFERRED","valid timestamp"
"dashboard_templates","deleted_by","BIGINT UNSIGNED","N/A","N/A","YES","N/A","NO","YES","user_profiles","id","P1_PRODUCTION_EXTENSION","APPROVED_DEFERRED","FK user_profiles.id; FOREIGN KEY to user_profiles.id"
"dashboard_templates","canvas_settings_json","JSON","N/A","N/A","YES","N/A","NO","NO","N/A","N/A","P1_PRODUCTION_EXTENSION","APPROVED_DEFERRED","JSON_VALID"
"dashboard_templates","category","VARCHAR","80","N/A","YES","N/A","NO","NO","N/A","N/A","P1_PRODUCTION_EXTENSION","APPROVED_DEFERRED","N/A"
"dashboard_templates","is_public_template","TINYINT","1","N/A","NO","0","NO","NO","N/A","N/A","P1_PRODUCTION_EXTENSION","APPROVED_DEFERRED","NOT NULL"
"dashboard_template_widgets","id","BIGINT UNSIGNED","N/A","N/A","NO","N/A","YES","NO","N/A","N/A","P1_PRODUCTION_EXTENSION","APPROVED_DEFERRED","NOT NULL; PRIMARY KEY"
"dashboard_template_widgets","organization_id","BIGINT UNSIGNED","N/A","N/A","NO","N/A","NO","YES","organizations","id","P1_PRODUCTION_EXTENSION","APPROVED_DEFERRED","NOT NULL; FK organizations.id; FOREIGN KEY to organizations.id"
"dashboard_template_widgets","description","TEXT","N/A","N/A","YES","N/A","NO","NO","N/A","N/A","P1_PRODUCTION_EXTENSION","APPROVED_DEFERRED","N/A"
"dashboard_template_widgets","status","VARCHAR","40","N/A","NO","active","NO","NO","N/A","N/A","P1_PRODUCTION_EXTENSION","APPROVED_DEFERRED","NOT NULL; ENUM/CHECK; ENUM/CHECK common_status"
"dashboard_template_widgets","status_changed_at","DATETIME","N/A","N/A","YES","N/A","NO","NO","N/A","N/A","P1_PRODUCTION_EXTENSION","APPROVED_DEFERRED","Required by service when status is changed"
"dashboard_template_widgets","status_changed_by","BIGINT UNSIGNED","N/A","N/A","YES","N/A","NO","YES","user_profiles","id","P1_PRODUCTION_EXTENSION","APPROVED_DEFERRED","FK user_profiles.id; set null if user profile is removed"
"dashboard_template_widgets","is_active","TINYINT","1","N/A","NO","1","NO","NO","N/A","N/A","P1_PRODUCTION_EXTENSION","APPROVED_DEFERRED","NOT NULL"
"dashboard_template_widgets","sort_order","INT","N/A","N/A","NO","0","NO","NO","N/A","N/A","P1_PRODUCTION_EXTENSION","APPROVED_DEFERRED","NOT NULL"
"dashboard_template_widgets","metadata_json","JSON","N/A","N/A","YES","N/A","NO","NO","N/A","N/A","P1_PRODUCTION_EXTENSION","APPROVED_DEFERRED","JSON_VALID"
"dashboard_template_widgets","created_at","TIMESTAMP","N/A","N/A","NO","CURRENT_TIMESTAMP","NO","NO","N/A","N/A","P1_PRODUCTION_EXTENSION","APPROVED_DEFERRED","NOT NULL; valid timestamp"
"dashboard_template_widgets","created_by","BIGINT UNSIGNED","N/A","N/A","YES","N/A","NO","YES","user_profiles","id","P1_PRODUCTION_EXTENSION","APPROVED_DEFERRED","FK user_profiles.id; FOREIGN KEY to user_profiles.id"
"dashboard_template_widgets","updated_at","TIMESTAMP","N/A","N/A","YES","CURRENT_TIMESTAMP ON UPDATE CURRENT_TIMESTAMP","NO","NO","N/A","N/A","P1_PRODUCTION_EXTENSION","APPROVED_DEFERRED","valid timestamp"
"dashboard_template_widgets","updated_by","BIGINT UNSIGNED","N/A","N/A","YES","N/A","NO","YES","user_profiles","id","P1_PRODUCTION_EXTENSION","APPROVED_DEFERRED","FK user_profiles.id; FOREIGN KEY to user_profiles.id"
"dashboard_template_widgets","deleted_at","TIMESTAMP","N/A","N/A","YES","N/A","NO","NO","N/A","N/A","P1_PRODUCTION_EXTENSION","APPROVED_DEFERRED","valid timestamp"
"dashboard_template_widgets","deleted_by","BIGINT UNSIGNED","N/A","N/A","YES","N/A","NO","YES","user_profiles","id","P1_PRODUCTION_EXTENSION","APPROVED_DEFERRED","FK user_profiles.id; FOREIGN KEY to user_profiles.id"
"dashboard_template_widgets","config_json","JSON","N/A","N/A","NO","N/A","NO","NO","N/A","N/A","P1_PRODUCTION_EXTENSION","APPROVED_DEFERRED","NOT NULL; JSON_VALID"
"dashboard_template_widgets","layout_json","JSON","N/A","N/A","NO","N/A","NO","NO","N/A","N/A","P1_PRODUCTION_EXTENSION","APPROVED_DEFERRED","NOT NULL; JSON_VALID"
"dashboard_template_widgets","template_id","BIGINT UNSIGNED","N/A","N/A","NO","N/A","NO","YES","dashboard_templates","id","P1_PRODUCTION_EXTENSION","APPROVED_DEFERRED","NOT NULL; FK dashboard_templates.id; FOREIGN KEY to dashboard_templates.id"
"dashboard_template_widgets","widget_type","VARCHAR","40","N/A","NO","N/A","NO","NO","N/A","N/A","P1_PRODUCTION_EXTENSION","APPROVED_DEFERRED","NOT NULL; ENUM/CHECK; ENUM/CHECK widget_type"
"dashboard_filter_presets","id","BIGINT UNSIGNED","N/A","N/A","NO","N/A","YES","NO","N/A","N/A","P1_PRODUCTION_EXTENSION","APPROVED_DEFERRED","NOT NULL; PRIMARY KEY"
"dashboard_filter_presets","organization_id","BIGINT UNSIGNED","N/A","N/A","NO","N/A","NO","YES","organizations","id","P1_PRODUCTION_EXTENSION","APPROVED_DEFERRED","NOT NULL; FK organizations.id; FOREIGN KEY to organizations.id"
"dashboard_filter_presets","branch_id","BIGINT UNSIGNED","N/A","N/A","YES","N/A","NO","YES","branches","id","P1_PRODUCTION_EXTENSION","APPROVED_DEFERRED","FK branches.id; nullable for organization-level records"
"dashboard_filter_presets","dashboard_id","BIGINT UNSIGNED","N/A","N/A","NO","N/A","NO","YES","bi_dashboards","id","P1_PRODUCTION_EXTENSION","APPROVED_DEFERRED","NOT NULL; FK bi_dashboards.id; FOREIGN KEY to bi_dashboards.id"
"dashboard_filter_presets","name","VARCHAR","180","N/A","NO","N/A","NO","NO","N/A","N/A","P1_PRODUCTION_EXTENSION","APPROVED_DEFERRED","NOT NULL"
"dashboard_filter_presets","description","TEXT","N/A","N/A","YES","N/A","NO","NO","N/A","N/A","P1_PRODUCTION_EXTENSION","APPROVED_DEFERRED","N/A"
"dashboard_filter_presets","status","VARCHAR","40","N/A","NO","active","NO","NO","N/A","N/A","P1_PRODUCTION_EXTENSION","APPROVED_DEFERRED","NOT NULL; ENUM/CHECK; ENUM/CHECK common_status"
"dashboard_filter_presets","status_changed_at","DATETIME","N/A","N/A","YES","N/A","NO","NO","N/A","N/A","P1_PRODUCTION_EXTENSION","APPROVED_DEFERRED","Required by service when status is changed"
"dashboard_filter_presets","status_changed_by","BIGINT UNSIGNED","N/A","N/A","YES","N/A","NO","YES","user_profiles","id","P1_PRODUCTION_EXTENSION","APPROVED_DEFERRED","FK user_profiles.id; set null if user profile is removed"
"dashboard_filter_presets","is_active","TINYINT","1","N/A","NO","1","NO","NO","N/A","N/A","P1_PRODUCTION_EXTENSION","APPROVED_DEFERRED","NOT NULL"
"dashboard_filter_presets","created_at","TIMESTAMP","N/A","N/A","NO","CURRENT_TIMESTAMP","NO","NO","N/A","N/A","P1_PRODUCTION_EXTENSION","APPROVED_DEFERRED","NOT NULL; valid timestamp"
"dashboard_filter_presets","created_by","BIGINT UNSIGNED","N/A","N/A","YES","N/A","NO","YES","user_profiles","id","P1_PRODUCTION_EXTENSION","APPROVED_DEFERRED","FK user_profiles.id; FOREIGN KEY to user_profiles.id"
"dashboard_filter_presets","updated_at","TIMESTAMP","N/A","N/A","YES","CURRENT_TIMESTAMP ON UPDATE CURRENT_TIMESTAMP","NO","NO","N/A","N/A","P1_PRODUCTION_EXTENSION","APPROVED_DEFERRED","valid timestamp"
"dashboard_filter_presets","updated_by","BIGINT UNSIGNED","N/A","N/A","YES","N/A","NO","YES","user_profiles","id","P1_PRODUCTION_EXTENSION","APPROVED_DEFERRED","FK user_profiles.id; FOREIGN KEY to user_profiles.id"
"dashboard_filter_presets","deleted_at","TIMESTAMP","N/A","N/A","YES","N/A","NO","NO","N/A","N/A","P1_PRODUCTION_EXTENSION","APPROVED_DEFERRED","valid timestamp"
"dashboard_filter_presets","deleted_by","BIGINT UNSIGNED","N/A","N/A","YES","N/A","NO","YES","user_profiles","id","P1_PRODUCTION_EXTENSION","APPROVED_DEFERRED","FK user_profiles.id; FOREIGN KEY to user_profiles.id"
"dashboard_filter_presets","is_default","TINYINT","1","N/A","NO","0","NO","NO","N/A","N/A","P1_PRODUCTION_EXTENSION","APPROVED_DEFERRED","NOT NULL"
"dashboard_filter_presets","is_shared","TINYINT","1","N/A","NO","0","NO","NO","N/A","N/A","P1_PRODUCTION_EXTENSION","APPROVED_DEFERRED","NOT NULL"
"dashboard_filter_presets","owner_user_id","BIGINT UNSIGNED","N/A","N/A","YES","N/A","NO","YES","user_profiles","id","P1_PRODUCTION_EXTENSION","APPROVED_DEFERRED","FK user_profiles.id; FOREIGN KEY to user_profiles.id"
"dashboard_filter_values","id","BIGINT UNSIGNED","N/A","N/A","NO","N/A","YES","NO","N/A","N/A","P1_PRODUCTION_EXTENSION","APPROVED_DEFERRED","NOT NULL; PRIMARY KEY"
"dashboard_filter_values","organization_id","BIGINT UNSIGNED","N/A","N/A","NO","N/A","NO","YES","organizations","id","P1_PRODUCTION_EXTENSION","APPROVED_DEFERRED","NOT NULL; FK organizations.id; FOREIGN KEY to organizations.id"
"dashboard_filter_values","description","TEXT","N/A","N/A","YES","N/A","NO","NO","N/A","N/A","P1_PRODUCTION_EXTENSION","APPROVED_DEFERRED","N/A"
"dashboard_filter_values","status","VARCHAR","40","N/A","NO","active","NO","NO","N/A","N/A","P1_PRODUCTION_EXTENSION","APPROVED_DEFERRED","NOT NULL; ENUM/CHECK; ENUM/CHECK common_status"
"dashboard_filter_values","status_changed_at","DATETIME","N/A","N/A","YES","N/A","NO","NO","N/A","N/A","P1_PRODUCTION_EXTENSION","APPROVED_DEFERRED","Required by service when status is changed"
"dashboard_filter_values","status_changed_by","BIGINT UNSIGNED","N/A","N/A","YES","N/A","NO","YES","user_profiles","id","P1_PRODUCTION_EXTENSION","APPROVED_DEFERRED","FK user_profiles.id; set null if user profile is removed"
"dashboard_filter_values","is_active","TINYINT","1","N/A","NO","1","NO","NO","N/A","N/A","P1_PRODUCTION_EXTENSION","APPROVED_DEFERRED","NOT NULL"
"dashboard_filter_values","created_at","TIMESTAMP","N/A","N/A","NO","CURRENT_TIMESTAMP","NO","NO","N/A","N/A","P1_PRODUCTION_EXTENSION","APPROVED_DEFERRED","NOT NULL; valid timestamp"
"dashboard_filter_values","created_by","BIGINT UNSIGNED","N/A","N/A","YES","N/A","NO","YES","user_profiles","id","P1_PRODUCTION_EXTENSION","APPROVED_DEFERRED","FK user_profiles.id; FOREIGN KEY to user_profiles.id"
"dashboard_filter_values","updated_at","TIMESTAMP","N/A","N/A","YES","CURRENT_TIMESTAMP ON UPDATE CURRENT_TIMESTAMP","NO","NO","N/A","N/A","P1_PRODUCTION_EXTENSION","APPROVED_DEFERRED","valid timestamp"
"dashboard_filter_values","updated_by","BIGINT UNSIGNED","N/A","N/A","YES","N/A","NO","YES","user_profiles","id","P1_PRODUCTION_EXTENSION","APPROVED_DEFERRED","FK user_profiles.id; FOREIGN KEY to user_profiles.id"
"dashboard_filter_values","deleted_at","TIMESTAMP","N/A","N/A","YES","N/A","NO","NO","N/A","N/A","P1_PRODUCTION_EXTENSION","APPROVED_DEFERRED","valid timestamp"
"dashboard_filter_values","deleted_by","BIGINT UNSIGNED","N/A","N/A","YES","N/A","NO","YES","user_profiles","id","P1_PRODUCTION_EXTENSION","APPROVED_DEFERRED","FK user_profiles.id; FOREIGN KEY to user_profiles.id"
"dashboard_filter_values","filter_key","VARCHAR","120","N/A","NO","N/A","NO","NO","N/A","N/A","P1_PRODUCTION_EXTENSION","APPROVED_DEFERRED","NOT NULL"
"dashboard_filter_values","filter_value_json","JSON","N/A","N/A","NO","N/A","NO","NO","N/A","N/A","P1_PRODUCTION_EXTENSION","APPROVED_DEFERRED","NOT NULL; JSON_VALID"
"dashboard_filter_values","operator","VARCHAR","40","N/A","NO","'equals'","NO","NO","N/A","N/A","P1_PRODUCTION_EXTENSION","APPROVED_DEFERRED","NOT NULL; ENUM/CHECK; ENUM/CHECK operator_type"
"dashboard_filter_values","preset_id","BIGINT UNSIGNED","N/A","N/A","NO","N/A","NO","YES","dashboard_filter_presets","id","P1_PRODUCTION_EXTENSION","APPROVED_DEFERRED","NOT NULL; FK dashboard_filter_presets.id; FOREIGN KEY to dashboard_filter_presets.id"
"dashboard_interactions","id","BIGINT UNSIGNED","N/A","N/A","NO","N/A","YES","NO","N/A","N/A","P1_PRODUCTION_EXTENSION","APPROVED_DEFERRED","NOT NULL; PRIMARY KEY"
"dashboard_interactions","organization_id","BIGINT UNSIGNED","N/A","N/A","NO","N/A","NO","YES","organizations","id","P1_PRODUCTION_EXTENSION","APPROVED_DEFERRED","NOT NULL; FK organizations.id; FOREIGN KEY to organizations.id"
"dashboard_interactions","dashboard_id","BIGINT UNSIGNED","N/A","N/A","NO","N/A","NO","YES","bi_dashboards","id","P1_PRODUCTION_EXTENSION","APPROVED_DEFERRED","NOT NULL; FK bi_dashboards.id; FOREIGN KEY to bi_dashboards.id"
"dashboard_interactions","description","TEXT","N/A","N/A","YES","N/A","NO","NO","N/A","N/A","P1_PRODUCTION_EXTENSION","APPROVED_DEFERRED","N/A"
"dashboard_interactions","status","VARCHAR","40","N/A","NO","active","NO","NO","N/A","N/A","P1_PRODUCTION_EXTENSION","APPROVED_DEFERRED","NOT NULL; ENUM/CHECK; ENUM/CHECK common_status"
"dashboard_interactions","status_changed_at","DATETIME","N/A","N/A","YES","N/A","NO","NO","N/A","N/A","P1_PRODUCTION_EXTENSION","APPROVED_DEFERRED","Required by service when status is changed"
"dashboard_interactions","status_changed_by","BIGINT UNSIGNED","N/A","N/A","YES","N/A","NO","YES","user_profiles","id","P1_PRODUCTION_EXTENSION","APPROVED_DEFERRED","FK user_profiles.id; set null if user profile is removed"
"dashboard_interactions","is_active","TINYINT","1","N/A","NO","1","NO","NO","N/A","N/A","P1_PRODUCTION_EXTENSION","APPROVED_DEFERRED","NOT NULL"
"dashboard_interactions","created_at","TIMESTAMP","N/A","N/A","NO","CURRENT_TIMESTAMP","NO","NO","N/A","N/A","P1_PRODUCTION_EXTENSION","APPROVED_DEFERRED","NOT NULL; valid timestamp"
"dashboard_interactions","created_by","BIGINT UNSIGNED","N/A","N/A","YES","N/A","NO","YES","user_profiles","id","P1_PRODUCTION_EXTENSION","APPROVED_DEFERRED","FK user_profiles.id; FOREIGN KEY to user_profiles.id"
"dashboard_interactions","updated_at","TIMESTAMP","N/A","N/A","YES","CURRENT_TIMESTAMP ON UPDATE CURRENT_TIMESTAMP","NO","NO","N/A","N/A","P1_PRODUCTION_EXTENSION","APPROVED_DEFERRED","valid timestamp"
"dashboard_interactions","updated_by","BIGINT UNSIGNED","N/A","N/A","YES","N/A","NO","YES","user_profiles","id","P1_PRODUCTION_EXTENSION","APPROVED_DEFERRED","FK user_profiles.id; FOREIGN KEY to user_profiles.id"
"dashboard_interactions","deleted_at","TIMESTAMP","N/A","N/A","YES","N/A","NO","NO","N/A","N/A","P1_PRODUCTION_EXTENSION","APPROVED_DEFERRED","valid timestamp"
"dashboard_interactions","deleted_by","BIGINT UNSIGNED","N/A","N/A","YES","N/A","NO","YES","user_profiles","id","P1_PRODUCTION_EXTENSION","APPROVED_DEFERRED","FK user_profiles.id; FOREIGN KEY to user_profiles.id"
"dashboard_interactions","field_name","VARCHAR","160","N/A","YES","N/A","NO","NO","N/A","N/A","P1_PRODUCTION_EXTENSION","APPROVED_DEFERRED","N/A"
"dashboard_interactions","interaction_type","VARCHAR","60","N/A","NO","N/A","NO","NO","N/A","N/A","P1_PRODUCTION_EXTENSION","APPROVED_DEFERRED","NOT NULL"
"dashboard_interactions","interaction_value_json","JSON","N/A","N/A","YES","N/A","NO","NO","N/A","N/A","P1_PRODUCTION_EXTENSION","APPROVED_DEFERRED","JSON_VALID"
"dashboard_interactions","source_widget_id","BIGINT UNSIGNED","N/A","N/A","YES","N/A","NO","YES","dashboard_widgets","id","P1_PRODUCTION_EXTENSION","APPROVED_DEFERRED","FK dashboard_widgets.id; FOREIGN KEY to dashboard_widgets.id"
"dashboard_drilldown_paths","id","BIGINT UNSIGNED","N/A","N/A","NO","N/A","YES","NO","N/A","N/A","P1_PRODUCTION_EXTENSION","APPROVED_DEFERRED","NOT NULL; PRIMARY KEY"
"dashboard_drilldown_paths","organization_id","BIGINT UNSIGNED","N/A","N/A","NO","N/A","NO","YES","organizations","id","P1_PRODUCTION_EXTENSION","APPROVED_DEFERRED","NOT NULL; FK organizations.id; FOREIGN KEY to organizations.id"
"dashboard_drilldown_paths","description","TEXT","N/A","N/A","YES","N/A","NO","NO","N/A","N/A","P1_PRODUCTION_EXTENSION","APPROVED_DEFERRED","N/A"
"dashboard_drilldown_paths","status","VARCHAR","40","N/A","NO","active","NO","NO","N/A","N/A","P1_PRODUCTION_EXTENSION","APPROVED_DEFERRED","NOT NULL; ENUM/CHECK; ENUM/CHECK common_status"
"dashboard_drilldown_paths","status_changed_at","DATETIME","N/A","N/A","YES","N/A","NO","NO","N/A","N/A","P1_PRODUCTION_EXTENSION","APPROVED_DEFERRED","Required by service when status is changed"
"dashboard_drilldown_paths","status_changed_by","BIGINT UNSIGNED","N/A","N/A","YES","N/A","NO","YES","user_profiles","id","P1_PRODUCTION_EXTENSION","APPROVED_DEFERRED","FK user_profiles.id; set null if user profile is removed"
"dashboard_drilldown_paths","is_active","TINYINT","1","N/A","NO","1","NO","NO","N/A","N/A","P1_PRODUCTION_EXTENSION","APPROVED_DEFERRED","NOT NULL"
"dashboard_drilldown_paths","created_at","TIMESTAMP","N/A","N/A","NO","CURRENT_TIMESTAMP","NO","NO","N/A","N/A","P1_PRODUCTION_EXTENSION","APPROVED_DEFERRED","NOT NULL; valid timestamp"
"dashboard_drilldown_paths","created_by","BIGINT UNSIGNED","N/A","N/A","YES","N/A","NO","YES","user_profiles","id","P1_PRODUCTION_EXTENSION","APPROVED_DEFERRED","FK user_profiles.id; FOREIGN KEY to user_profiles.id"
"dashboard_drilldown_paths","updated_at","TIMESTAMP","N/A","N/A","YES","CURRENT_TIMESTAMP ON UPDATE CURRENT_TIMESTAMP","NO","NO","N/A","N/A","P1_PRODUCTION_EXTENSION","APPROVED_DEFERRED","valid timestamp"
"dashboard_drilldown_paths","updated_by","BIGINT UNSIGNED","N/A","N/A","YES","N/A","NO","YES","user_profiles","id","P1_PRODUCTION_EXTENSION","APPROVED_DEFERRED","FK user_profiles.id; FOREIGN KEY to user_profiles.id"
"dashboard_drilldown_paths","deleted_at","TIMESTAMP","N/A","N/A","YES","N/A","NO","NO","N/A","N/A","P1_PRODUCTION_EXTENSION","APPROVED_DEFERRED","valid timestamp"
"dashboard_drilldown_paths","deleted_by","BIGINT UNSIGNED","N/A","N/A","YES","N/A","NO","YES","user_profiles","id","P1_PRODUCTION_EXTENSION","APPROVED_DEFERRED","FK user_profiles.id; FOREIGN KEY to user_profiles.id"
"dashboard_drilldown_paths","field_name","VARCHAR","160","N/A","NO","N/A","NO","NO","N/A","N/A","P1_PRODUCTION_EXTENSION","APPROVED_DEFERRED","NOT NULL"
"dashboard_drilldown_paths","field_value_json","JSON","N/A","N/A","NO","N/A","NO","NO","N/A","N/A","P1_PRODUCTION_EXTENSION","APPROVED_DEFERRED","NOT NULL; JSON_VALID"
"dashboard_drilldown_paths","interaction_id","BIGINT UNSIGNED","N/A","N/A","NO","N/A","NO","YES","dashboard_interactions","id","P1_PRODUCTION_EXTENSION","APPROVED_DEFERRED","NOT NULL; FK dashboard_interactions.id; FOREIGN KEY to dashboard_interactions.id"
"dashboard_drilldown_paths","source_widget_id","BIGINT UNSIGNED","N/A","N/A","YES","N/A","NO","YES","dashboard_widgets","id","P1_PRODUCTION_EXTENSION","APPROVED_DEFERRED","FK dashboard_widgets.id; FOREIGN KEY to dashboard_widgets.id"
"dashboard_drilldown_paths","step_no","INT","N/A","N/A","NO","N/A","NO","NO","N/A","N/A","P1_PRODUCTION_EXTENSION","APPROVED_DEFERRED","NOT NULL"
"saved_views","id","BIGINT UNSIGNED","N/A","N/A","NO","N/A","YES","NO","N/A","N/A","P0_CORE","APPROVED","NOT NULL; PRIMARY KEY"
"saved_views","organization_id","BIGINT UNSIGNED","N/A","N/A","NO","N/A","NO","YES","organizations","id","P0_CORE","APPROVED","NOT NULL; FK organizations.id; FOREIGN KEY to organizations.id"
"saved_views","branch_id","BIGINT UNSIGNED","N/A","N/A","YES","N/A","NO","YES","branches","id","P0_CORE","APPROVED","FK branches.id; nullable for organization-level records"
"saved_views","project_id","BIGINT UNSIGNED","N/A","N/A","YES","N/A","NO","YES","bi_projects","id","P0_CORE","APPROVED","FK bi_projects.id; FOREIGN KEY to bi_projects.id"
"saved_views","dashboard_id","BIGINT UNSIGNED","N/A","N/A","YES","N/A","NO","YES","bi_dashboards","id","P0_CORE","APPROVED","FK bi_dashboards.id; FOREIGN KEY to bi_dashboards.id"
"saved_views","description","TEXT","N/A","N/A","YES","N/A","NO","NO","N/A","N/A","P0_CORE","APPROVED","N/A"
"saved_views","status","VARCHAR","40","N/A","NO","active","NO","NO","N/A","N/A","P0_CORE","APPROVED","NOT NULL; ENUM/CHECK; ENUM/CHECK common_status"
"saved_views","status_changed_at","DATETIME","N/A","N/A","YES","N/A","NO","NO","N/A","N/A","P0_CORE","APPROVED","Required by service when status is changed"
"saved_views","status_changed_by","BIGINT UNSIGNED","N/A","N/A","YES","N/A","NO","YES","user_profiles","id","P0_CORE","APPROVED","FK user_profiles.id; set null if user profile is removed"
"saved_views","is_active","TINYINT","1","N/A","NO","1","NO","NO","N/A","N/A","P0_CORE","APPROVED","NOT NULL"
"saved_views","metadata_json","JSON","N/A","N/A","YES","N/A","NO","NO","N/A","N/A","P0_CORE","APPROVED","JSON_VALID"
"saved_views","created_at","TIMESTAMP","N/A","N/A","NO","CURRENT_TIMESTAMP","NO","NO","N/A","N/A","P0_CORE","APPROVED","NOT NULL; valid timestamp"
"saved_views","created_by","BIGINT UNSIGNED","N/A","N/A","YES","N/A","NO","YES","user_profiles","id","P0_CORE","APPROVED","FK user_profiles.id; FOREIGN KEY to user_profiles.id"
"saved_views","updated_at","TIMESTAMP","N/A","N/A","YES","CURRENT_TIMESTAMP ON UPDATE CURRENT_TIMESTAMP","NO","NO","N/A","N/A","P0_CORE","APPROVED","valid timestamp"
"saved_views","updated_by","BIGINT UNSIGNED","N/A","N/A","YES","N/A","NO","YES","user_profiles","id","P0_CORE","APPROVED","FK user_profiles.id; FOREIGN KEY to user_profiles.id"
"saved_views","deleted_at","TIMESTAMP","N/A","N/A","YES","N/A","NO","NO","N/A","N/A","P0_CORE","APPROVED","valid timestamp"
"saved_views","deleted_by","BIGINT UNSIGNED","N/A","N/A","YES","N/A","NO","YES","user_profiles","id","P0_CORE","APPROVED","FK user_profiles.id; FOREIGN KEY to user_profiles.id"
"saved_views","owner_user_id","BIGINT UNSIGNED","N/A","N/A","NO","N/A","NO","YES","user_profiles","id","P0_CORE","APPROVED","NOT NULL; FK user_profiles.id; FOREIGN KEY to user_profiles.id"
"saved_views","view_name","VARCHAR","180","N/A","NO","N/A","NO","NO","N/A","N/A","P0_CORE","APPROVED","NOT NULL"
"saved_views","view_state_json","JSON","N/A","N/A","NO","N/A","NO","NO","N/A","N/A","P0_CORE","APPROVED","NOT NULL; JSON_VALID"
"saved_view_filters","id","BIGINT UNSIGNED","N/A","N/A","NO","N/A","YES","NO","N/A","N/A","P2_ENTERPRISE_FUTURE","DEFERRED","NOT NULL; PRIMARY KEY"
"saved_view_filters","organization_id","BIGINT UNSIGNED","N/A","N/A","NO","N/A","NO","YES","organizations","id","P2_ENTERPRISE_FUTURE","DEFERRED","NOT NULL; FK organizations.id; FOREIGN KEY to organizations.id"
"saved_view_filters","description","TEXT","N/A","N/A","YES","N/A","NO","NO","N/A","N/A","P2_ENTERPRISE_FUTURE","DEFERRED","N/A"
"saved_view_filters","status","VARCHAR","40","N/A","NO","active","NO","NO","N/A","N/A","P2_ENTERPRISE_FUTURE","DEFERRED","NOT NULL; ENUM/CHECK; ENUM/CHECK common_status"
"saved_view_filters","status_changed_at","DATETIME","N/A","N/A","YES","N/A","NO","NO","N/A","N/A","P2_ENTERPRISE_FUTURE","DEFERRED","Required by service when status is changed"
"saved_view_filters","status_changed_by","BIGINT UNSIGNED","N/A","N/A","YES","N/A","NO","YES","user_profiles","id","P2_ENTERPRISE_FUTURE","DEFERRED","FK user_profiles.id; set null if user profile is removed"
"saved_view_filters","is_active","TINYINT","1","N/A","NO","1","NO","NO","N/A","N/A","P2_ENTERPRISE_FUTURE","DEFERRED","NOT NULL"
"saved_view_filters","created_at","TIMESTAMP","N/A","N/A","NO","CURRENT_TIMESTAMP","NO","NO","N/A","N/A","P2_ENTERPRISE_FUTURE","DEFERRED","NOT NULL; valid timestamp"
"saved_view_filters","created_by","BIGINT UNSIGNED","N/A","N/A","YES","N/A","NO","YES","user_profiles","id","P2_ENTERPRISE_FUTURE","DEFERRED","FK user_profiles.id; FOREIGN KEY to user_profiles.id"
"saved_view_filters","updated_at","TIMESTAMP","N/A","N/A","YES","CURRENT_TIMESTAMP ON UPDATE CURRENT_TIMESTAMP","NO","NO","N/A","N/A","P2_ENTERPRISE_FUTURE","DEFERRED","valid timestamp"
"saved_view_filters","updated_by","BIGINT UNSIGNED","N/A","N/A","YES","N/A","NO","YES","user_profiles","id","P2_ENTERPRISE_FUTURE","DEFERRED","FK user_profiles.id; FOREIGN KEY to user_profiles.id"
"saved_view_filters","deleted_at","TIMESTAMP","N/A","N/A","YES","N/A","NO","NO","N/A","N/A","P2_ENTERPRISE_FUTURE","DEFERRED","valid timestamp"
"saved_view_filters","deleted_by","BIGINT UNSIGNED","N/A","N/A","YES","N/A","NO","YES","user_profiles","id","P2_ENTERPRISE_FUTURE","DEFERRED","FK user_profiles.id; FOREIGN KEY to user_profiles.id"
"saved_view_filters","filter_key","VARCHAR","120","N/A","NO","N/A","NO","NO","N/A","N/A","P2_ENTERPRISE_FUTURE","DEFERRED","NOT NULL"
"saved_view_filters","filter_value_json","JSON","N/A","N/A","NO","N/A","NO","NO","N/A","N/A","P2_ENTERPRISE_FUTURE","DEFERRED","NOT NULL; JSON_VALID"
"saved_view_filters","operator","VARCHAR","40","N/A","NO","'equals'","NO","NO","N/A","N/A","P2_ENTERPRISE_FUTURE","DEFERRED","NOT NULL; ENUM/CHECK; ENUM/CHECK operator_type"
"saved_view_filters","saved_view_id","BIGINT UNSIGNED","N/A","N/A","NO","N/A","NO","YES","saved_views","id","P2_ENTERPRISE_FUTURE","DEFERRED","NOT NULL; FK saved_views.id; FOREIGN KEY to saved_views.id"
"chart_types","id","BIGINT UNSIGNED","N/A","N/A","NO","N/A","YES","NO","N/A","N/A","P0_CORE","APPROVED","NOT NULL; PRIMARY KEY"
"chart_types","code","VARCHAR","80","N/A","NO","N/A","NO","NO","N/A","N/A","P0_CORE","APPROVED","NOT NULL"
"chart_types","name","VARCHAR","180","N/A","NO","N/A","NO","NO","N/A","N/A","P0_CORE","APPROVED","NOT NULL"
"chart_types","description","TEXT","N/A","N/A","YES","N/A","NO","NO","N/A","N/A","P0_CORE","APPROVED","N/A"
"chart_types","status","VARCHAR","40","N/A","NO","active","NO","NO","N/A","N/A","P0_CORE","APPROVED","NOT NULL; ENUM/CHECK; ENUM/CHECK common_status"
"chart_types","status_changed_at","DATETIME","N/A","N/A","YES","N/A","NO","NO","N/A","N/A","P0_CORE","APPROVED","Required by service when status is changed"
"chart_types","status_changed_by","BIGINT UNSIGNED","N/A","N/A","YES","N/A","NO","YES","user_profiles","id","P0_CORE","APPROVED","FK user_profiles.id; set null if user profile is removed"
"chart_types","is_active","TINYINT","1","N/A","NO","1","NO","NO","N/A","N/A","P0_CORE","APPROVED","NOT NULL"
"chart_types","sort_order","INT","N/A","N/A","NO","0","NO","NO","N/A","N/A","P0_CORE","APPROVED","NOT NULL"
"chart_types","metadata_json","JSON","N/A","N/A","YES","N/A","NO","NO","N/A","N/A","P0_CORE","APPROVED","JSON_VALID"
"chart_types","created_at","TIMESTAMP","N/A","N/A","NO","CURRENT_TIMESTAMP","NO","NO","N/A","N/A","P0_CORE","APPROVED","NOT NULL; valid timestamp"
"chart_types","created_by","BIGINT UNSIGNED","N/A","N/A","YES","N/A","NO","YES","user_profiles","id","P0_CORE","APPROVED","FK user_profiles.id; FOREIGN KEY to user_profiles.id"
"chart_types","updated_at","TIMESTAMP","N/A","N/A","YES","CURRENT_TIMESTAMP ON UPDATE CURRENT_TIMESTAMP","NO","NO","N/A","N/A","P0_CORE","APPROVED","valid timestamp"
"chart_types","updated_by","BIGINT UNSIGNED","N/A","N/A","YES","N/A","NO","YES","user_profiles","id","P0_CORE","APPROVED","FK user_profiles.id; FOREIGN KEY to user_profiles.id"
"chart_types","deleted_at","TIMESTAMP","N/A","N/A","YES","N/A","NO","NO","N/A","N/A","P0_CORE","APPROVED","valid timestamp"
"chart_types","deleted_by","BIGINT UNSIGNED","N/A","N/A","YES","N/A","NO","YES","user_profiles","id","P0_CORE","APPROVED","FK user_profiles.id; FOREIGN KEY to user_profiles.id"
"chart_types","capabilities_json","JSON","N/A","N/A","YES","N/A","NO","NO","N/A","N/A","P0_CORE","APPROVED","JSON_VALID"
"chart_types","category","VARCHAR","80","N/A","NO","N/A","NO","NO","N/A","N/A","P0_CORE","APPROVED","NOT NULL"
"chart_types","renderer","VARCHAR","80","N/A","NO","'echarts'","NO","NO","N/A","N/A","P0_CORE","APPROVED","NOT NULL"
"chart_type_requirements","id","BIGINT UNSIGNED","N/A","N/A","NO","N/A","YES","NO","N/A","N/A","P0_CORE","APPROVED","NOT NULL; PRIMARY KEY"
"chart_type_requirements","description","TEXT","N/A","N/A","YES","N/A","NO","NO","N/A","N/A","P0_CORE","APPROVED","N/A"
"chart_type_requirements","status","VARCHAR","40","N/A","NO","active","NO","NO","N/A","N/A","P0_CORE","APPROVED","NOT NULL; ENUM/CHECK; ENUM/CHECK common_status"
"chart_type_requirements","status_changed_at","DATETIME","N/A","N/A","YES","N/A","NO","NO","N/A","N/A","P0_CORE","APPROVED","Required by service when status is changed"
"chart_type_requirements","status_changed_by","BIGINT UNSIGNED","N/A","N/A","YES","N/A","NO","YES","user_profiles","id","P0_CORE","APPROVED","FK user_profiles.id; set null if user profile is removed"
"chart_type_requirements","is_active","TINYINT","1","N/A","NO","1","NO","NO","N/A","N/A","P0_CORE","APPROVED","NOT NULL"
"chart_type_requirements","metadata_json","JSON","N/A","N/A","YES","N/A","NO","NO","N/A","N/A","P0_CORE","APPROVED","JSON_VALID"
"chart_type_requirements","created_at","TIMESTAMP","N/A","N/A","NO","CURRENT_TIMESTAMP","NO","NO","N/A","N/A","P0_CORE","APPROVED","NOT NULL; valid timestamp"
"chart_type_requirements","created_by","BIGINT UNSIGNED","N/A","N/A","YES","N/A","NO","YES","user_profiles","id","P0_CORE","APPROVED","FK user_profiles.id; FOREIGN KEY to user_profiles.id"
"chart_type_requirements","updated_at","TIMESTAMP","N/A","N/A","YES","CURRENT_TIMESTAMP ON UPDATE CURRENT_TIMESTAMP","NO","NO","N/A","N/A","P0_CORE","APPROVED","valid timestamp"
"chart_type_requirements","updated_by","BIGINT UNSIGNED","N/A","N/A","YES","N/A","NO","YES","user_profiles","id","P0_CORE","APPROVED","FK user_profiles.id; FOREIGN KEY to user_profiles.id"
"chart_type_requirements","deleted_at","TIMESTAMP","N/A","N/A","YES","N/A","NO","NO","N/A","N/A","P0_CORE","APPROVED","valid timestamp"
"chart_type_requirements","deleted_by","BIGINT UNSIGNED","N/A","N/A","YES","N/A","NO","YES","user_profiles","id","P0_CORE","APPROVED","FK user_profiles.id; FOREIGN KEY to user_profiles.id"
"chart_type_requirements","allowed_field_types","VARCHAR","240","N/A","YES","N/A","NO","NO","N/A","N/A","P0_CORE","APPROVED","N/A"
"chart_type_requirements","chart_type_id","BIGINT UNSIGNED","N/A","N/A","NO","N/A","NO","YES","chart_types","id","P0_CORE","APPROVED","NOT NULL; FK chart_types.id; FOREIGN KEY to chart_types.id"
"chart_type_requirements","is_required","TINYINT","1","N/A","NO","0","NO","NO","N/A","N/A","P0_CORE","APPROVED","NOT NULL"
"chart_type_requirements","max_fields","INT","N/A","N/A","YES","N/A","NO","NO","N/A","N/A","P0_CORE","APPROVED","N/A"
"chart_type_requirements","min_fields","INT","N/A","N/A","NO","0","NO","NO","N/A","N/A","P0_CORE","APPROVED","NOT NULL"
"chart_type_requirements","slot_id","VARCHAR","80","N/A","NO","N/A","NO","NO","N/A","N/A","P0_CORE","APPROVED","NOT NULL; ENUM/CHECK; ENUM/CHECK mapping_slot"
"chart_templates","id","BIGINT UNSIGNED","N/A","N/A","NO","N/A","YES","NO","N/A","N/A","P0_CORE","APPROVED","NOT NULL; PRIMARY KEY"
"chart_templates","organization_id","BIGINT UNSIGNED","N/A","N/A","NO","N/A","NO","YES","organizations","id","P0_CORE","APPROVED","NOT NULL; FK organizations.id; FOREIGN KEY to organizations.id"
"chart_templates","code","VARCHAR","80","N/A","NO","N/A","NO","NO","N/A","N/A","P0_CORE","APPROVED","NOT NULL"
"chart_templates","name","VARCHAR","180","N/A","NO","N/A","NO","NO","N/A","N/A","P0_CORE","APPROVED","NOT NULL"
"chart_templates","description","TEXT","N/A","N/A","YES","N/A","NO","NO","N/A","N/A","P0_CORE","APPROVED","N/A"
"chart_templates","status","VARCHAR","40","N/A","NO","active","NO","NO","N/A","N/A","P0_CORE","APPROVED","NOT NULL; ENUM/CHECK; ENUM/CHECK common_status"
"chart_templates","status_changed_at","DATETIME","N/A","N/A","YES","N/A","NO","NO","N/A","N/A","P0_CORE","APPROVED","Required by service when status is changed"
"chart_templates","status_changed_by","BIGINT UNSIGNED","N/A","N/A","YES","N/A","NO","YES","user_profiles","id","P0_CORE","APPROVED","FK user_profiles.id; set null if user profile is removed"
"chart_templates","is_active","TINYINT","1","N/A","NO","1","NO","NO","N/A","N/A","P0_CORE","APPROVED","NOT NULL"
"chart_templates","metadata_json","JSON","N/A","N/A","YES","N/A","NO","NO","N/A","N/A","P0_CORE","APPROVED","JSON_VALID"
"chart_templates","created_at","TIMESTAMP","N/A","N/A","NO","CURRENT_TIMESTAMP","NO","NO","N/A","N/A","P0_CORE","APPROVED","NOT NULL; valid timestamp"
"chart_templates","created_by","BIGINT UNSIGNED","N/A","N/A","YES","N/A","NO","YES","user_profiles","id","P0_CORE","APPROVED","FK user_profiles.id; FOREIGN KEY to user_profiles.id"
"chart_templates","updated_at","TIMESTAMP","N/A","N/A","YES","CURRENT_TIMESTAMP ON UPDATE CURRENT_TIMESTAMP","NO","NO","N/A","N/A","P0_CORE","APPROVED","valid timestamp"
"chart_templates","updated_by","BIGINT UNSIGNED","N/A","N/A","YES","N/A","NO","YES","user_profiles","id","P0_CORE","APPROVED","FK user_profiles.id; FOREIGN KEY to user_profiles.id"
"chart_templates","deleted_at","TIMESTAMP","N/A","N/A","YES","N/A","NO","NO","N/A","N/A","P0_CORE","APPROVED","valid timestamp"
"chart_templates","deleted_by","BIGINT UNSIGNED","N/A","N/A","YES","N/A","NO","YES","user_profiles","id","P0_CORE","APPROVED","FK user_profiles.id; FOREIGN KEY to user_profiles.id"
"chart_templates","category","VARCHAR","80","N/A","YES","N/A","NO","NO","N/A","N/A","P0_CORE","APPROVED","N/A"
"chart_templates","chart_type_id","BIGINT UNSIGNED","N/A","N/A","NO","N/A","NO","YES","chart_types","id","P0_CORE","APPROVED","NOT NULL; FK chart_types.id; FOREIGN KEY to chart_types.id"
"chart_templates","is_public_template","TINYINT","1","N/A","NO","0","NO","NO","N/A","N/A","P0_CORE","APPROVED","NOT NULL"
"chart_templates","template_settings_json","JSON","N/A","N/A","NO","N/A","NO","NO","N/A","N/A","P0_CORE","APPROVED","NOT NULL; JSON_VALID"
"chart_template_mappings","id","BIGINT UNSIGNED","N/A","N/A","NO","N/A","YES","NO","N/A","N/A","REJECTED_OR_MERGED","MERGED","NOT NULL; PRIMARY KEY"
"chart_template_mappings","organization_id","BIGINT UNSIGNED","N/A","N/A","NO","N/A","NO","YES","organizations","id","REJECTED_OR_MERGED","MERGED","NOT NULL; FK organizations.id; FOREIGN KEY to organizations.id"
"chart_template_mappings","description","TEXT","N/A","N/A","YES","N/A","NO","NO","N/A","N/A","REJECTED_OR_MERGED","MERGED","N/A"
"chart_template_mappings","status","VARCHAR","40","N/A","NO","active","NO","NO","N/A","N/A","REJECTED_OR_MERGED","MERGED","NOT NULL; ENUM/CHECK; ENUM/CHECK common_status"
"chart_template_mappings","status_changed_at","DATETIME","N/A","N/A","YES","N/A","NO","NO","N/A","N/A","REJECTED_OR_MERGED","MERGED","Required by service when status is changed"
"chart_template_mappings","status_changed_by","BIGINT UNSIGNED","N/A","N/A","YES","N/A","NO","YES","user_profiles","id","REJECTED_OR_MERGED","MERGED","FK user_profiles.id; set null if user profile is removed"
"chart_template_mappings","is_active","TINYINT","1","N/A","NO","1","NO","NO","N/A","N/A","REJECTED_OR_MERGED","MERGED","NOT NULL"
"chart_template_mappings","metadata_json","JSON","N/A","N/A","YES","N/A","NO","NO","N/A","N/A","REJECTED_OR_MERGED","MERGED","JSON_VALID"
"chart_template_mappings","created_at","TIMESTAMP","N/A","N/A","NO","CURRENT_TIMESTAMP","NO","NO","N/A","N/A","REJECTED_OR_MERGED","MERGED","NOT NULL; valid timestamp"
"chart_template_mappings","created_by","BIGINT UNSIGNED","N/A","N/A","YES","N/A","NO","YES","user_profiles","id","REJECTED_OR_MERGED","MERGED","FK user_profiles.id; FOREIGN KEY to user_profiles.id"
"chart_template_mappings","updated_at","TIMESTAMP","N/A","N/A","YES","CURRENT_TIMESTAMP ON UPDATE CURRENT_TIMESTAMP","NO","NO","N/A","N/A","REJECTED_OR_MERGED","MERGED","valid timestamp"
"chart_template_mappings","updated_by","BIGINT UNSIGNED","N/A","N/A","YES","N/A","NO","YES","user_profiles","id","REJECTED_OR_MERGED","MERGED","FK user_profiles.id; FOREIGN KEY to user_profiles.id"
"chart_template_mappings","deleted_at","TIMESTAMP","N/A","N/A","YES","N/A","NO","NO","N/A","N/A","REJECTED_OR_MERGED","MERGED","valid timestamp"
"chart_template_mappings","deleted_by","BIGINT UNSIGNED","N/A","N/A","YES","N/A","NO","YES","user_profiles","id","REJECTED_OR_MERGED","MERGED","FK user_profiles.id; FOREIGN KEY to user_profiles.id"
"chart_template_mappings","aggregation","VARCHAR","40","N/A","YES","N/A","NO","NO","N/A","N/A","REJECTED_OR_MERGED","MERGED","ENUM/CHECK; ENUM/CHECK aggregation_type"
"chart_template_mappings","field_semantic_hint","VARCHAR","120","N/A","YES","N/A","NO","NO","N/A","N/A","REJECTED_OR_MERGED","MERGED","N/A"
"chart_template_mappings","mapping_options_json","JSON","N/A","N/A","YES","N/A","NO","NO","N/A","N/A","REJECTED_OR_MERGED","MERGED","JSON_VALID"
"chart_template_mappings","slot_id","VARCHAR","80","N/A","NO","N/A","NO","NO","N/A","N/A","REJECTED_OR_MERGED","MERGED","NOT NULL; ENUM/CHECK; ENUM/CHECK mapping_slot"
"chart_template_mappings","template_id","BIGINT UNSIGNED","N/A","N/A","NO","N/A","NO","YES","chart_templates","id","REJECTED_OR_MERGED","MERGED","NOT NULL; FK chart_templates.id; FOREIGN KEY to chart_templates.id"
"chart_presets","id","BIGINT UNSIGNED","N/A","N/A","NO","N/A","YES","NO","N/A","N/A","P1_PRODUCTION_EXTENSION","APPROVED_DEFERRED","NOT NULL; PRIMARY KEY"
"chart_presets","organization_id","BIGINT UNSIGNED","N/A","N/A","NO","N/A","NO","YES","organizations","id","P1_PRODUCTION_EXTENSION","APPROVED_DEFERRED","NOT NULL; FK organizations.id; FOREIGN KEY to organizations.id"
"chart_presets","code","VARCHAR","80","N/A","NO","N/A","NO","NO","N/A","N/A","P1_PRODUCTION_EXTENSION","APPROVED_DEFERRED","NOT NULL"
"chart_presets","name","VARCHAR","180","N/A","NO","N/A","NO","NO","N/A","N/A","P1_PRODUCTION_EXTENSION","APPROVED_DEFERRED","NOT NULL"
"chart_presets","description","TEXT","N/A","N/A","YES","N/A","NO","NO","N/A","N/A","P1_PRODUCTION_EXTENSION","APPROVED_DEFERRED","N/A"
"chart_presets","status","VARCHAR","40","N/A","NO","active","NO","NO","N/A","N/A","P1_PRODUCTION_EXTENSION","APPROVED_DEFERRED","NOT NULL; ENUM/CHECK; ENUM/CHECK common_status"
"chart_presets","status_changed_at","DATETIME","N/A","N/A","YES","N/A","NO","NO","N/A","N/A","P1_PRODUCTION_EXTENSION","APPROVED_DEFERRED","Required by service when status is changed"
"chart_presets","status_changed_by","BIGINT UNSIGNED","N/A","N/A","YES","N/A","NO","YES","user_profiles","id","P1_PRODUCTION_EXTENSION","APPROVED_DEFERRED","FK user_profiles.id; set null if user profile is removed"
"chart_presets","is_active","TINYINT","1","N/A","NO","1","NO","NO","N/A","N/A","P1_PRODUCTION_EXTENSION","APPROVED_DEFERRED","NOT NULL"
"chart_presets","metadata_json","JSON","N/A","N/A","YES","N/A","NO","NO","N/A","N/A","P1_PRODUCTION_EXTENSION","APPROVED_DEFERRED","JSON_VALID"
"chart_presets","created_at","TIMESTAMP","N/A","N/A","NO","CURRENT_TIMESTAMP","NO","NO","N/A","N/A","P1_PRODUCTION_EXTENSION","APPROVED_DEFERRED","NOT NULL; valid timestamp"
"chart_presets","created_by","BIGINT UNSIGNED","N/A","N/A","YES","N/A","NO","YES","user_profiles","id","P1_PRODUCTION_EXTENSION","APPROVED_DEFERRED","FK user_profiles.id; FOREIGN KEY to user_profiles.id"
"chart_presets","updated_at","TIMESTAMP","N/A","N/A","YES","CURRENT_TIMESTAMP ON UPDATE CURRENT_TIMESTAMP","NO","NO","N/A","N/A","P1_PRODUCTION_EXTENSION","APPROVED_DEFERRED","valid timestamp"
"chart_presets","updated_by","BIGINT UNSIGNED","N/A","N/A","YES","N/A","NO","YES","user_profiles","id","P1_PRODUCTION_EXTENSION","APPROVED_DEFERRED","FK user_profiles.id; FOREIGN KEY to user_profiles.id"
"chart_presets","deleted_at","TIMESTAMP","N/A","N/A","YES","N/A","NO","NO","N/A","N/A","P1_PRODUCTION_EXTENSION","APPROVED_DEFERRED","valid timestamp"
"chart_presets","deleted_by","BIGINT UNSIGNED","N/A","N/A","YES","N/A","NO","YES","user_profiles","id","P1_PRODUCTION_EXTENSION","APPROVED_DEFERRED","FK user_profiles.id; FOREIGN KEY to user_profiles.id"
"chart_presets","chart_type_id","BIGINT UNSIGNED","N/A","N/A","NO","N/A","NO","YES","chart_types","id","P1_PRODUCTION_EXTENSION","APPROVED_DEFERRED","NOT NULL; FK chart_types.id; FOREIGN KEY to chart_types.id"
"chart_presets","owner_user_id","BIGINT UNSIGNED","N/A","N/A","YES","N/A","NO","YES","user_profiles","id","P1_PRODUCTION_EXTENSION","APPROVED_DEFERRED","FK user_profiles.id; FOREIGN KEY to user_profiles.id"
"chart_presets","preset_json","JSON","N/A","N/A","NO","N/A","NO","NO","N/A","N/A","P1_PRODUCTION_EXTENSION","APPROVED_DEFERRED","NOT NULL; JSON_VALID"
"chart_theme_presets","id","BIGINT UNSIGNED","N/A","N/A","NO","N/A","YES","NO","N/A","N/A","P1_PRODUCTION_EXTENSION","APPROVED_DEFERRED","NOT NULL; PRIMARY KEY"
"chart_theme_presets","organization_id","BIGINT UNSIGNED","N/A","N/A","NO","N/A","NO","YES","organizations","id","P1_PRODUCTION_EXTENSION","APPROVED_DEFERRED","NOT NULL; FK organizations.id; FOREIGN KEY to organizations.id"
"chart_theme_presets","code","VARCHAR","80","N/A","NO","N/A","NO","NO","N/A","N/A","P1_PRODUCTION_EXTENSION","APPROVED_DEFERRED","NOT NULL"
"chart_theme_presets","name","VARCHAR","180","N/A","NO","N/A","NO","NO","N/A","N/A","P1_PRODUCTION_EXTENSION","APPROVED_DEFERRED","NOT NULL"
"chart_theme_presets","description","TEXT","N/A","N/A","YES","N/A","NO","NO","N/A","N/A","P1_PRODUCTION_EXTENSION","APPROVED_DEFERRED","N/A"
"chart_theme_presets","status","VARCHAR","40","N/A","NO","active","NO","NO","N/A","N/A","P1_PRODUCTION_EXTENSION","APPROVED_DEFERRED","NOT NULL; ENUM/CHECK; ENUM/CHECK common_status"
"chart_theme_presets","status_changed_at","DATETIME","N/A","N/A","YES","N/A","NO","NO","N/A","N/A","P1_PRODUCTION_EXTENSION","APPROVED_DEFERRED","Required by service when status is changed"
"chart_theme_presets","status_changed_by","BIGINT UNSIGNED","N/A","N/A","YES","N/A","NO","YES","user_profiles","id","P1_PRODUCTION_EXTENSION","APPROVED_DEFERRED","FK user_profiles.id; set null if user profile is removed"
"chart_theme_presets","is_active","TINYINT","1","N/A","NO","1","NO","NO","N/A","N/A","P1_PRODUCTION_EXTENSION","APPROVED_DEFERRED","NOT NULL"
"chart_theme_presets","metadata_json","JSON","N/A","N/A","YES","N/A","NO","NO","N/A","N/A","P1_PRODUCTION_EXTENSION","APPROVED_DEFERRED","JSON_VALID"
"chart_theme_presets","created_at","TIMESTAMP","N/A","N/A","NO","CURRENT_TIMESTAMP","NO","NO","N/A","N/A","P1_PRODUCTION_EXTENSION","APPROVED_DEFERRED","NOT NULL; valid timestamp"
"chart_theme_presets","created_by","BIGINT UNSIGNED","N/A","N/A","YES","N/A","NO","YES","user_profiles","id","P1_PRODUCTION_EXTENSION","APPROVED_DEFERRED","FK user_profiles.id; FOREIGN KEY to user_profiles.id"
"chart_theme_presets","updated_at","TIMESTAMP","N/A","N/A","YES","CURRENT_TIMESTAMP ON UPDATE CURRENT_TIMESTAMP","NO","NO","N/A","N/A","P1_PRODUCTION_EXTENSION","APPROVED_DEFERRED","valid timestamp"
"chart_theme_presets","updated_by","BIGINT UNSIGNED","N/A","N/A","YES","N/A","NO","YES","user_profiles","id","P1_PRODUCTION_EXTENSION","APPROVED_DEFERRED","FK user_profiles.id; FOREIGN KEY to user_profiles.id"
"chart_theme_presets","deleted_at","TIMESTAMP","N/A","N/A","YES","N/A","NO","NO","N/A","N/A","P1_PRODUCTION_EXTENSION","APPROVED_DEFERRED","valid timestamp"
"chart_theme_presets","deleted_by","BIGINT UNSIGNED","N/A","N/A","YES","N/A","NO","YES","user_profiles","id","P1_PRODUCTION_EXTENSION","APPROVED_DEFERRED","FK user_profiles.id; FOREIGN KEY to user_profiles.id"
"chart_theme_presets","is_default","TINYINT","1","N/A","NO","0","NO","NO","N/A","N/A","P1_PRODUCTION_EXTENSION","APPROVED_DEFERRED","NOT NULL"
"chart_theme_presets","palette_json","JSON","N/A","N/A","NO","N/A","NO","NO","N/A","N/A","P1_PRODUCTION_EXTENSION","APPROVED_DEFERRED","NOT NULL; JSON_VALID"
"chart_theme_presets","typography_json","JSON","N/A","N/A","YES","N/A","NO","NO","N/A","N/A","P1_PRODUCTION_EXTENSION","APPROVED_DEFERRED","JSON_VALID"
"charts","id","BIGINT UNSIGNED","N/A","N/A","NO","N/A","YES","NO","N/A","N/A","P0_CORE","APPROVED","NOT NULL; PRIMARY KEY"
"charts","organization_id","BIGINT UNSIGNED","N/A","N/A","NO","N/A","NO","YES","organizations","id","P0_CORE","APPROVED","NOT NULL; FK organizations.id; FOREIGN KEY to organizations.id"
"charts","branch_id","BIGINT UNSIGNED","N/A","N/A","YES","N/A","NO","YES","branches","id","P0_CORE","APPROVED","FK branches.id; nullable for organization-level records"
"charts","project_id","BIGINT UNSIGNED","N/A","N/A","NO","N/A","NO","YES","bi_projects","id","P0_CORE","APPROVED","NOT NULL; FK bi_projects.id; FOREIGN KEY to bi_projects.id"
"charts","name","VARCHAR","180","N/A","NO","N/A","NO","NO","N/A","N/A","P0_CORE","APPROVED","NOT NULL"
"charts","description","TEXT","N/A","N/A","YES","N/A","NO","NO","N/A","N/A","P0_CORE","APPROVED","N/A"
"charts","status","VARCHAR","40","N/A","NO","active","NO","NO","N/A","N/A","P0_CORE","APPROVED","NOT NULL; ENUM/CHECK; ENUM/CHECK common_status"
"charts","status_changed_at","DATETIME","N/A","N/A","YES","N/A","NO","NO","N/A","N/A","P0_CORE","APPROVED","Required by service when status is changed"
"charts","status_changed_by","BIGINT UNSIGNED","N/A","N/A","YES","N/A","NO","YES","user_profiles","id","P0_CORE","APPROVED","FK user_profiles.id; set null if user profile is removed"
"charts","is_active","TINYINT","1","N/A","NO","1","NO","NO","N/A","N/A","P0_CORE","APPROVED","NOT NULL"
"charts","metadata_json","JSON","N/A","N/A","YES","N/A","NO","NO","N/A","N/A","P0_CORE","APPROVED","JSON_VALID"
"charts","created_at","TIMESTAMP","N/A","N/A","NO","CURRENT_TIMESTAMP","NO","NO","N/A","N/A","P0_CORE","APPROVED","NOT NULL; valid timestamp"
"charts","created_by","BIGINT UNSIGNED","N/A","N/A","YES","N/A","NO","YES","user_profiles","id","P0_CORE","APPROVED","FK user_profiles.id; FOREIGN KEY to user_profiles.id"
"charts","updated_at","TIMESTAMP","N/A","N/A","YES","CURRENT_TIMESTAMP ON UPDATE CURRENT_TIMESTAMP","NO","NO","N/A","N/A","P0_CORE","APPROVED","valid timestamp"
"charts","updated_by","BIGINT UNSIGNED","N/A","N/A","YES","N/A","NO","YES","user_profiles","id","P0_CORE","APPROVED","FK user_profiles.id; FOREIGN KEY to user_profiles.id"
"charts","deleted_at","TIMESTAMP","N/A","N/A","YES","N/A","NO","NO","N/A","N/A","P0_CORE","APPROVED","valid timestamp"
"charts","deleted_by","BIGINT UNSIGNED","N/A","N/A","YES","N/A","NO","YES","user_profiles","id","P0_CORE","APPROVED","FK user_profiles.id; FOREIGN KEY to user_profiles.id"
"charts","chart_type_id","BIGINT UNSIGNED","N/A","N/A","NO","N/A","NO","YES","chart_types","id","P0_CORE","APPROVED","NOT NULL; FK chart_types.id; FOREIGN KEY to chart_types.id"
"charts","config_json","JSON","N/A","N/A","NO","N/A","NO","NO","N/A","N/A","P0_CORE","APPROVED","NOT NULL; JSON_VALID"
"charts","current_version_no","INT","N/A","N/A","NO","1","NO","NO","N/A","N/A","P0_CORE","APPROVED","NOT NULL"
"charts","dataset_id","BIGINT UNSIGNED","N/A","N/A","YES","N/A","NO","YES","datasets","id","P0_CORE","APPROVED","FK datasets.id; FOREIGN KEY to datasets.id"
"charts","schema_version","INT","N/A","N/A","NO","1","NO","NO","N/A","N/A","P0_CORE","APPROVED","NOT NULL"
"charts","source_type","VARCHAR","40","N/A","NO","'demo'","NO","NO","N/A","N/A","P0_CORE","APPROVED","NOT NULL; ENUM/CHECK; ENUM/CHECK source_type"
"charts","sql_query_id","BIGINT UNSIGNED","N/A","N/A","YES","N/A","NO","YES","sql_queries","id","P0_CORE","APPROVED","FK sql_queries.id; FOREIGN KEY to sql_queries.id"
"charts","subtitle","VARCHAR","240","N/A","YES","N/A","NO","NO","N/A","N/A","P0_CORE","APPROVED","N/A"
"chart_versions","id","BIGINT UNSIGNED","N/A","N/A","NO","N/A","YES","NO","N/A","N/A","P0_CORE","APPROVED","NOT NULL; PRIMARY KEY"
"chart_versions","organization_id","BIGINT UNSIGNED","N/A","N/A","NO","N/A","NO","YES","organizations","id","P0_CORE","APPROVED","NOT NULL; FK organizations.id; FOREIGN KEY to organizations.id"
"chart_versions","description","TEXT","N/A","N/A","YES","N/A","NO","NO","N/A","N/A","P0_CORE","APPROVED","N/A"
"chart_versions","metadata_json","JSON","N/A","N/A","YES","N/A","NO","NO","N/A","N/A","P0_CORE","APPROVED","JSON_VALID"
"chart_versions","created_at","TIMESTAMP","N/A","N/A","NO","CURRENT_TIMESTAMP","NO","NO","N/A","N/A","P0_CORE","APPROVED","NOT NULL; valid timestamp"
"chart_versions","created_by","BIGINT UNSIGNED","N/A","N/A","YES","N/A","NO","YES","user_profiles","id","P0_CORE","APPROVED","FK user_profiles.id; FOREIGN KEY to user_profiles.id"
"chart_versions","updated_at","TIMESTAMP","N/A","N/A","YES","CURRENT_TIMESTAMP ON UPDATE CURRENT_TIMESTAMP","NO","NO","N/A","N/A","P0_CORE","APPROVED","valid timestamp"
"chart_versions","updated_by","BIGINT UNSIGNED","N/A","N/A","YES","N/A","NO","YES","user_profiles","id","P0_CORE","APPROVED","FK user_profiles.id; FOREIGN KEY to user_profiles.id"
"chart_versions","change_reason","VARCHAR","240","N/A","YES","N/A","NO","NO","N/A","N/A","P0_CORE","APPROVED","N/A"
"chart_versions","chart_id","BIGINT UNSIGNED","N/A","N/A","NO","N/A","NO","YES","charts","id","P0_CORE","APPROVED","NOT NULL; FK charts.id; FOREIGN KEY to charts.id"
"chart_versions","chart_snapshot_json","JSON","N/A","N/A","NO","N/A","NO","NO","N/A","N/A","P0_CORE","APPROVED","NOT NULL; JSON_VALID"
"chart_versions","version_no","INT","N/A","N/A","NO","N/A","NO","NO","N/A","N/A","P0_CORE","APPROVED","NOT NULL"
"chart_field_mappings","id","BIGINT UNSIGNED","N/A","N/A","NO","N/A","YES","NO","N/A","N/A","REJECTED_OR_MERGED","MERGED","NOT NULL; PRIMARY KEY"
"chart_field_mappings","organization_id","BIGINT UNSIGNED","N/A","N/A","NO","N/A","NO","YES","organizations","id","REJECTED_OR_MERGED","MERGED","NOT NULL; FK organizations.id; FOREIGN KEY to organizations.id"
"chart_field_mappings","description","TEXT","N/A","N/A","YES","N/A","NO","NO","N/A","N/A","REJECTED_OR_MERGED","MERGED","N/A"
"chart_field_mappings","status","VARCHAR","40","N/A","NO","active","NO","NO","N/A","N/A","REJECTED_OR_MERGED","MERGED","NOT NULL; ENUM/CHECK; ENUM/CHECK common_status"
"chart_field_mappings","status_changed_at","DATETIME","N/A","N/A","YES","N/A","NO","NO","N/A","N/A","REJECTED_OR_MERGED","MERGED","Required by service when status is changed"
"chart_field_mappings","status_changed_by","BIGINT UNSIGNED","N/A","N/A","YES","N/A","NO","YES","user_profiles","id","REJECTED_OR_MERGED","MERGED","FK user_profiles.id; set null if user profile is removed"
"chart_field_mappings","is_active","TINYINT","1","N/A","NO","1","NO","NO","N/A","N/A","REJECTED_OR_MERGED","MERGED","NOT NULL"
"chart_field_mappings","created_at","TIMESTAMP","N/A","N/A","NO","CURRENT_TIMESTAMP","NO","NO","N/A","N/A","REJECTED_OR_MERGED","MERGED","NOT NULL; valid timestamp"
"chart_field_mappings","created_by","BIGINT UNSIGNED","N/A","N/A","YES","N/A","NO","YES","user_profiles","id","REJECTED_OR_MERGED","MERGED","FK user_profiles.id; FOREIGN KEY to user_profiles.id"
"chart_field_mappings","updated_at","TIMESTAMP","N/A","N/A","YES","CURRENT_TIMESTAMP ON UPDATE CURRENT_TIMESTAMP","NO","NO","N/A","N/A","REJECTED_OR_MERGED","MERGED","valid timestamp"
"chart_field_mappings","updated_by","BIGINT UNSIGNED","N/A","N/A","YES","N/A","NO","YES","user_profiles","id","REJECTED_OR_MERGED","MERGED","FK user_profiles.id; FOREIGN KEY to user_profiles.id"
"chart_field_mappings","deleted_at","TIMESTAMP","N/A","N/A","YES","N/A","NO","NO","N/A","N/A","REJECTED_OR_MERGED","MERGED","valid timestamp"
"chart_field_mappings","deleted_by","BIGINT UNSIGNED","N/A","N/A","YES","N/A","NO","YES","user_profiles","id","REJECTED_OR_MERGED","MERGED","FK user_profiles.id; FOREIGN KEY to user_profiles.id"
"chart_field_mappings","aggregation","VARCHAR","40","N/A","YES","N/A","NO","NO","N/A","N/A","REJECTED_OR_MERGED","MERGED","ENUM/CHECK; ENUM/CHECK aggregation_type"
"chart_field_mappings","chart_id","BIGINT UNSIGNED","N/A","N/A","NO","N/A","NO","YES","charts","id","REJECTED_OR_MERGED","MERGED","NOT NULL; FK charts.id; FOREIGN KEY to charts.id"
"chart_field_mappings","data_source_column_id","BIGINT UNSIGNED","N/A","N/A","YES","N/A","NO","YES","data_source_columns","id","REJECTED_OR_MERGED","MERGED","FK data_source_columns.id; FOREIGN KEY to data_source_columns.id"
"chart_field_mappings","dataset_field_id","BIGINT UNSIGNED","N/A","N/A","YES","N/A","NO","YES","dataset_fields","id","REJECTED_OR_MERGED","MERGED","FK dataset_fields.id; FOREIGN KEY to dataset_fields.id"
"chart_field_mappings","field_name","VARCHAR","160","N/A","NO","N/A","NO","NO","N/A","N/A","REJECTED_OR_MERGED","MERGED","NOT NULL"
"chart_field_mappings","role_mapping_json","JSON","N/A","N/A","YES","N/A","NO","NO","N/A","N/A","REJECTED_OR_MERGED","MERGED","JSON_VALID"
"chart_field_mappings","slot_id","VARCHAR","80","N/A","NO","N/A","NO","NO","N/A","N/A","REJECTED_OR_MERGED","MERGED","NOT NULL; ENUM/CHECK; ENUM/CHECK mapping_slot"
"chart_field_mappings","slot_order","INT","N/A","N/A","NO","0","NO","NO","N/A","N/A","REJECTED_OR_MERGED","MERGED","NOT NULL"
"chart_settings","id","BIGINT UNSIGNED","N/A","N/A","NO","N/A","YES","NO","N/A","N/A","REJECTED_OR_MERGED","MERGED","NOT NULL; PRIMARY KEY"
"chart_settings","organization_id","BIGINT UNSIGNED","N/A","N/A","NO","N/A","NO","YES","organizations","id","REJECTED_OR_MERGED","MERGED","NOT NULL; FK organizations.id; FOREIGN KEY to organizations.id"
"chart_settings","description","TEXT","N/A","N/A","YES","N/A","NO","NO","N/A","N/A","REJECTED_OR_MERGED","MERGED","N/A"
"chart_settings","status","VARCHAR","40","N/A","NO","active","NO","NO","N/A","N/A","REJECTED_OR_MERGED","MERGED","NOT NULL; ENUM/CHECK; ENUM/CHECK common_status"
"chart_settings","status_changed_at","DATETIME","N/A","N/A","YES","N/A","NO","NO","N/A","N/A","REJECTED_OR_MERGED","MERGED","Required by service when status is changed"
"chart_settings","status_changed_by","BIGINT UNSIGNED","N/A","N/A","YES","N/A","NO","YES","user_profiles","id","REJECTED_OR_MERGED","MERGED","FK user_profiles.id; set null if user profile is removed"
"chart_settings","is_active","TINYINT","1","N/A","NO","1","NO","NO","N/A","N/A","REJECTED_OR_MERGED","MERGED","NOT NULL"
"chart_settings","metadata_json","JSON","N/A","N/A","YES","N/A","NO","NO","N/A","N/A","REJECTED_OR_MERGED","MERGED","JSON_VALID"
"chart_settings","created_at","TIMESTAMP","N/A","N/A","NO","CURRENT_TIMESTAMP","NO","NO","N/A","N/A","REJECTED_OR_MERGED","MERGED","NOT NULL; valid timestamp"
"chart_settings","created_by","BIGINT UNSIGNED","N/A","N/A","YES","N/A","NO","YES","user_profiles","id","REJECTED_OR_MERGED","MERGED","FK user_profiles.id; FOREIGN KEY to user_profiles.id"
"chart_settings","updated_at","TIMESTAMP","N/A","N/A","YES","CURRENT_TIMESTAMP ON UPDATE CURRENT_TIMESTAMP","NO","NO","N/A","N/A","REJECTED_OR_MERGED","MERGED","valid timestamp"
"chart_settings","updated_by","BIGINT UNSIGNED","N/A","N/A","YES","N/A","NO","YES","user_profiles","id","REJECTED_OR_MERGED","MERGED","FK user_profiles.id; FOREIGN KEY to user_profiles.id"
"chart_settings","deleted_at","TIMESTAMP","N/A","N/A","YES","N/A","NO","NO","N/A","N/A","REJECTED_OR_MERGED","MERGED","valid timestamp"
"chart_settings","deleted_by","BIGINT UNSIGNED","N/A","N/A","YES","N/A","NO","YES","user_profiles","id","REJECTED_OR_MERGED","MERGED","FK user_profiles.id; FOREIGN KEY to user_profiles.id"
"chart_settings","chart_id","BIGINT UNSIGNED","N/A","N/A","NO","N/A","NO","YES","charts","id","REJECTED_OR_MERGED","MERGED","NOT NULL; FK charts.id; FOREIGN KEY to charts.id"
"chart_settings","setting_group","VARCHAR","80","N/A","NO","N/A","NO","NO","N/A","N/A","REJECTED_OR_MERGED","MERGED","NOT NULL"
"chart_settings","setting_key","VARCHAR","120","N/A","NO","N/A","NO","NO","N/A","N/A","REJECTED_OR_MERGED","MERGED","NOT NULL"
"chart_settings","setting_value_json","JSON","N/A","N/A","NO","N/A","NO","NO","N/A","N/A","REJECTED_OR_MERGED","MERGED","NOT NULL; JSON_VALID"
"chart_filters","id","BIGINT UNSIGNED","N/A","N/A","NO","N/A","YES","NO","N/A","N/A","REJECTED_OR_MERGED","MERGED","NOT NULL; PRIMARY KEY"
"chart_filters","organization_id","BIGINT UNSIGNED","N/A","N/A","NO","N/A","NO","YES","organizations","id","REJECTED_OR_MERGED","MERGED","NOT NULL; FK organizations.id; FOREIGN KEY to organizations.id"
"chart_filters","description","TEXT","N/A","N/A","YES","N/A","NO","NO","N/A","N/A","REJECTED_OR_MERGED","MERGED","N/A"
"chart_filters","status","VARCHAR","40","N/A","NO","active","NO","NO","N/A","N/A","REJECTED_OR_MERGED","MERGED","NOT NULL; ENUM/CHECK; ENUM/CHECK common_status"
"chart_filters","status_changed_at","DATETIME","N/A","N/A","YES","N/A","NO","NO","N/A","N/A","REJECTED_OR_MERGED","MERGED","Required by service when status is changed"
"chart_filters","status_changed_by","BIGINT UNSIGNED","N/A","N/A","YES","N/A","NO","YES","user_profiles","id","REJECTED_OR_MERGED","MERGED","FK user_profiles.id; set null if user profile is removed"
"chart_filters","is_active","TINYINT","1","N/A","NO","1","NO","NO","N/A","N/A","REJECTED_OR_MERGED","MERGED","NOT NULL"
"chart_filters","created_at","TIMESTAMP","N/A","N/A","NO","CURRENT_TIMESTAMP","NO","NO","N/A","N/A","REJECTED_OR_MERGED","MERGED","NOT NULL; valid timestamp"
"chart_filters","created_by","BIGINT UNSIGNED","N/A","N/A","YES","N/A","NO","YES","user_profiles","id","REJECTED_OR_MERGED","MERGED","FK user_profiles.id; FOREIGN KEY to user_profiles.id"
"chart_filters","updated_at","TIMESTAMP","N/A","N/A","YES","CURRENT_TIMESTAMP ON UPDATE CURRENT_TIMESTAMP","NO","NO","N/A","N/A","REJECTED_OR_MERGED","MERGED","valid timestamp"
"chart_filters","updated_by","BIGINT UNSIGNED","N/A","N/A","YES","N/A","NO","YES","user_profiles","id","REJECTED_OR_MERGED","MERGED","FK user_profiles.id; FOREIGN KEY to user_profiles.id"
"chart_filters","deleted_at","TIMESTAMP","N/A","N/A","YES","N/A","NO","NO","N/A","N/A","REJECTED_OR_MERGED","MERGED","valid timestamp"
"chart_filters","deleted_by","BIGINT UNSIGNED","N/A","N/A","YES","N/A","NO","YES","user_profiles","id","REJECTED_OR_MERGED","MERGED","FK user_profiles.id; FOREIGN KEY to user_profiles.id"
"chart_filters","chart_id","BIGINT UNSIGNED","N/A","N/A","NO","N/A","NO","YES","charts","id","REJECTED_OR_MERGED","MERGED","NOT NULL; FK charts.id; FOREIGN KEY to charts.id"
"chart_filters","field_name","VARCHAR","160","N/A","NO","N/A","NO","NO","N/A","N/A","REJECTED_OR_MERGED","MERGED","NOT NULL"
"chart_filters","filter_value_json","JSON","N/A","N/A","NO","N/A","NO","NO","N/A","N/A","REJECTED_OR_MERGED","MERGED","NOT NULL; JSON_VALID"
"chart_filters","is_runtime_filter","TINYINT","1","N/A","NO","0","NO","NO","N/A","N/A","REJECTED_OR_MERGED","MERGED","NOT NULL"
"chart_filters","operator","VARCHAR","40","N/A","NO","'equals'","NO","NO","N/A","N/A","REJECTED_OR_MERGED","MERGED","NOT NULL; ENUM/CHECK; ENUM/CHECK operator_type"
"chart_query_bindings","id","BIGINT UNSIGNED","N/A","N/A","NO","N/A","YES","NO","N/A","N/A","REJECTED_OR_MERGED","MERGED","NOT NULL; PRIMARY KEY"
"chart_query_bindings","organization_id","BIGINT UNSIGNED","N/A","N/A","NO","N/A","NO","YES","organizations","id","REJECTED_OR_MERGED","MERGED","NOT NULL; FK organizations.id; FOREIGN KEY to organizations.id"
"chart_query_bindings","description","TEXT","N/A","N/A","YES","N/A","NO","NO","N/A","N/A","REJECTED_OR_MERGED","MERGED","N/A"
"chart_query_bindings","status","VARCHAR","40","N/A","NO","active","NO","NO","N/A","N/A","REJECTED_OR_MERGED","MERGED","NOT NULL; ENUM/CHECK; ENUM/CHECK common_status"
"chart_query_bindings","status_changed_at","DATETIME","N/A","N/A","YES","N/A","NO","NO","N/A","N/A","REJECTED_OR_MERGED","MERGED","Required by service when status is changed"
"chart_query_bindings","status_changed_by","BIGINT UNSIGNED","N/A","N/A","YES","N/A","NO","YES","user_profiles","id","REJECTED_OR_MERGED","MERGED","FK user_profiles.id; set null if user profile is removed"
"chart_query_bindings","is_active","TINYINT","1","N/A","NO","1","NO","NO","N/A","N/A","REJECTED_OR_MERGED","MERGED","NOT NULL"
"chart_query_bindings","created_at","TIMESTAMP","N/A","N/A","NO","CURRENT_TIMESTAMP","NO","NO","N/A","N/A","REJECTED_OR_MERGED","MERGED","NOT NULL; valid timestamp"
"chart_query_bindings","created_by","BIGINT UNSIGNED","N/A","N/A","YES","N/A","NO","YES","user_profiles","id","REJECTED_OR_MERGED","MERGED","FK user_profiles.id; FOREIGN KEY to user_profiles.id"
"chart_query_bindings","updated_at","TIMESTAMP","N/A","N/A","YES","CURRENT_TIMESTAMP ON UPDATE CURRENT_TIMESTAMP","NO","NO","N/A","N/A","REJECTED_OR_MERGED","MERGED","valid timestamp"
"chart_query_bindings","updated_by","BIGINT UNSIGNED","N/A","N/A","YES","N/A","NO","YES","user_profiles","id","REJECTED_OR_MERGED","MERGED","FK user_profiles.id; FOREIGN KEY to user_profiles.id"
"chart_query_bindings","deleted_at","TIMESTAMP","N/A","N/A","YES","N/A","NO","NO","N/A","N/A","REJECTED_OR_MERGED","MERGED","valid timestamp"
"chart_query_bindings","deleted_by","BIGINT UNSIGNED","N/A","N/A","YES","N/A","NO","YES","user_profiles","id","REJECTED_OR_MERGED","MERGED","FK user_profiles.id; FOREIGN KEY to user_profiles.id"
"chart_query_bindings","chart_id","BIGINT UNSIGNED","N/A","N/A","NO","N/A","NO","YES","charts","id","REJECTED_OR_MERGED","MERGED","NOT NULL; FK charts.id; FOREIGN KEY to charts.id"
"chart_query_bindings","custom_sql","TEXT","N/A","N/A","YES","N/A","NO","NO","N/A","N/A","REJECTED_OR_MERGED","MERGED","N/A"
"chart_query_bindings","dataset_id","BIGINT UNSIGNED","N/A","N/A","YES","N/A","NO","YES","datasets","id","REJECTED_OR_MERGED","MERGED","FK datasets.id; FOREIGN KEY to datasets.id"
"chart_query_bindings","generated_sql","TEXT","N/A","N/A","YES","N/A","NO","NO","N/A","N/A","REJECTED_OR_MERGED","MERGED","N/A"
"chart_query_bindings","last_run_at","DATETIME","N/A","N/A","YES","N/A","NO","NO","N/A","N/A","REJECTED_OR_MERGED","MERGED","valid timestamp"
"chart_query_bindings","query_mode","VARCHAR","40","N/A","NO","'generated'","NO","NO","N/A","N/A","REJECTED_OR_MERGED","MERGED","NOT NULL"
"chart_query_bindings","sql_query_id","BIGINT UNSIGNED","N/A","N/A","YES","N/A","NO","YES","sql_queries","id","REJECTED_OR_MERGED","MERGED","FK sql_queries.id; FOREIGN KEY to sql_queries.id"
"chart_analytics_overlays","id","BIGINT UNSIGNED","N/A","N/A","NO","N/A","YES","NO","N/A","N/A","P1_PRODUCTION_EXTENSION","APPROVED_DEFERRED","NOT NULL; PRIMARY KEY"
"chart_analytics_overlays","organization_id","BIGINT UNSIGNED","N/A","N/A","NO","N/A","NO","YES","organizations","id","P1_PRODUCTION_EXTENSION","APPROVED_DEFERRED","NOT NULL; FK organizations.id; FOREIGN KEY to organizations.id"
"chart_analytics_overlays","description","TEXT","N/A","N/A","YES","N/A","NO","NO","N/A","N/A","P1_PRODUCTION_EXTENSION","APPROVED_DEFERRED","N/A"
"chart_analytics_overlays","status","VARCHAR","40","N/A","NO","active","NO","NO","N/A","N/A","P1_PRODUCTION_EXTENSION","APPROVED_DEFERRED","NOT NULL; ENUM/CHECK; ENUM/CHECK common_status"
"chart_analytics_overlays","status_changed_at","DATETIME","N/A","N/A","YES","N/A","NO","NO","N/A","N/A","P1_PRODUCTION_EXTENSION","APPROVED_DEFERRED","Required by service when status is changed"
"chart_analytics_overlays","status_changed_by","BIGINT UNSIGNED","N/A","N/A","YES","N/A","NO","YES","user_profiles","id","P1_PRODUCTION_EXTENSION","APPROVED_DEFERRED","FK user_profiles.id; set null if user profile is removed"
"chart_analytics_overlays","is_active","TINYINT","1","N/A","NO","1","NO","NO","N/A","N/A","P1_PRODUCTION_EXTENSION","APPROVED_DEFERRED","NOT NULL"
"chart_analytics_overlays","created_at","TIMESTAMP","N/A","N/A","NO","CURRENT_TIMESTAMP","NO","NO","N/A","N/A","P1_PRODUCTION_EXTENSION","APPROVED_DEFERRED","NOT NULL; valid timestamp"
"chart_analytics_overlays","created_by","BIGINT UNSIGNED","N/A","N/A","YES","N/A","NO","YES","user_profiles","id","P1_PRODUCTION_EXTENSION","APPROVED_DEFERRED","FK user_profiles.id; FOREIGN KEY to user_profiles.id"
"chart_analytics_overlays","updated_at","TIMESTAMP","N/A","N/A","YES","CURRENT_TIMESTAMP ON UPDATE CURRENT_TIMESTAMP","NO","NO","N/A","N/A","P1_PRODUCTION_EXTENSION","APPROVED_DEFERRED","valid timestamp"
"chart_analytics_overlays","updated_by","BIGINT UNSIGNED","N/A","N/A","YES","N/A","NO","YES","user_profiles","id","P1_PRODUCTION_EXTENSION","APPROVED_DEFERRED","FK user_profiles.id; FOREIGN KEY to user_profiles.id"
"chart_analytics_overlays","deleted_at","TIMESTAMP","N/A","N/A","YES","N/A","NO","NO","N/A","N/A","P1_PRODUCTION_EXTENSION","APPROVED_DEFERRED","valid timestamp"
"chart_analytics_overlays","deleted_by","BIGINT UNSIGNED","N/A","N/A","YES","N/A","NO","YES","user_profiles","id","P1_PRODUCTION_EXTENSION","APPROVED_DEFERRED","FK user_profiles.id; FOREIGN KEY to user_profiles.id"
"chart_analytics_overlays","chart_id","BIGINT UNSIGNED","N/A","N/A","NO","N/A","NO","YES","charts","id","P1_PRODUCTION_EXTENSION","APPROVED_DEFERRED","NOT NULL; FK charts.id; FOREIGN KEY to charts.id"
"chart_analytics_overlays","field_name","VARCHAR","160","N/A","YES","N/A","NO","NO","N/A","N/A","P1_PRODUCTION_EXTENSION","APPROVED_DEFERRED","N/A"
"chart_analytics_overlays","numeric_value","DECIMAL","N/A","18,4","YES","N/A","NO","NO","N/A","N/A","P1_PRODUCTION_EXTENSION","APPROVED_DEFERRED","N/A"
"chart_analytics_overlays","overlay_config_json","JSON","N/A","N/A","NO","N/A","NO","NO","N/A","N/A","P1_PRODUCTION_EXTENSION","APPROVED_DEFERRED","NOT NULL; JSON_VALID"
"chart_analytics_overlays","overlay_type","VARCHAR","80","N/A","NO","N/A","NO","NO","N/A","N/A","P1_PRODUCTION_EXTENSION","APPROVED_DEFERRED","NOT NULL"
"data_source_types","id","BIGINT UNSIGNED","N/A","N/A","NO","N/A","YES","NO","N/A","N/A","P0_CORE","APPROVED","NOT NULL; PRIMARY KEY"
"data_source_types","code","VARCHAR","80","N/A","NO","N/A","NO","NO","N/A","N/A","P0_CORE","APPROVED","NOT NULL"
"data_source_types","name","VARCHAR","180","N/A","NO","N/A","NO","NO","N/A","N/A","P0_CORE","APPROVED","NOT NULL"
"data_source_types","description","TEXT","N/A","N/A","YES","N/A","NO","NO","N/A","N/A","P0_CORE","APPROVED","N/A"
"data_source_types","status","VARCHAR","40","N/A","NO","active","NO","NO","N/A","N/A","P0_CORE","APPROVED","NOT NULL; ENUM/CHECK; ENUM/CHECK common_status"
"data_source_types","status_changed_at","DATETIME","N/A","N/A","YES","N/A","NO","NO","N/A","N/A","P0_CORE","APPROVED","Required by service when status is changed"
"data_source_types","status_changed_by","BIGINT UNSIGNED","N/A","N/A","YES","N/A","NO","YES","user_profiles","id","P0_CORE","APPROVED","FK user_profiles.id; set null if user profile is removed"
"data_source_types","is_active","TINYINT","1","N/A","NO","1","NO","NO","N/A","N/A","P0_CORE","APPROVED","NOT NULL"
"data_source_types","sort_order","INT","N/A","N/A","NO","0","NO","NO","N/A","N/A","P0_CORE","APPROVED","NOT NULL"
"data_source_types","metadata_json","JSON","N/A","N/A","YES","N/A","NO","NO","N/A","N/A","P0_CORE","APPROVED","JSON_VALID"
"data_source_types","created_at","TIMESTAMP","N/A","N/A","NO","CURRENT_TIMESTAMP","NO","NO","N/A","N/A","P0_CORE","APPROVED","NOT NULL; valid timestamp"
"data_source_types","created_by","BIGINT UNSIGNED","N/A","N/A","YES","N/A","NO","YES","user_profiles","id","P0_CORE","APPROVED","FK user_profiles.id; FOREIGN KEY to user_profiles.id"
"data_source_types","updated_at","TIMESTAMP","N/A","N/A","YES","CURRENT_TIMESTAMP ON UPDATE CURRENT_TIMESTAMP","NO","NO","N/A","N/A","P0_CORE","APPROVED","valid timestamp"
"data_source_types","updated_by","BIGINT UNSIGNED","N/A","N/A","YES","N/A","NO","YES","user_profiles","id","P0_CORE","APPROVED","FK user_profiles.id; FOREIGN KEY to user_profiles.id"
"data_source_types","deleted_at","TIMESTAMP","N/A","N/A","YES","N/A","NO","NO","N/A","N/A","P0_CORE","APPROVED","valid timestamp"
"data_source_types","deleted_by","BIGINT UNSIGNED","N/A","N/A","YES","N/A","NO","YES","user_profiles","id","P0_CORE","APPROVED","FK user_profiles.id; FOREIGN KEY to user_profiles.id"
"data_source_types","capabilities_json","JSON","N/A","N/A","YES","N/A","NO","NO","N/A","N/A","P0_CORE","APPROVED","JSON_VALID"
"data_source_types","connection_mode","VARCHAR","40","N/A","NO","N/A","NO","NO","N/A","N/A","P0_CORE","APPROVED","NOT NULL; ENUM/CHECK; ENUM/CHECK connection_mode"
"data_source_types","driver_key","VARCHAR","120","N/A","NO","N/A","NO","NO","N/A","N/A","P0_CORE","APPROVED","NOT NULL"
"data_source_connections","id","BIGINT UNSIGNED","N/A","N/A","NO","N/A","YES","NO","N/A","N/A","P0_CORE","APPROVED","NOT NULL; PRIMARY KEY"
"data_source_connections","organization_id","BIGINT UNSIGNED","N/A","N/A","NO","N/A","NO","YES","organizations","id","P0_CORE","APPROVED","NOT NULL; FK organizations.id; FOREIGN KEY to organizations.id"
"data_source_connections","branch_id","BIGINT UNSIGNED","N/A","N/A","YES","N/A","NO","YES","branches","id","P0_CORE","APPROVED","FK branches.id; nullable for organization-level records"
"data_source_connections","code","VARCHAR","80","N/A","NO","N/A","NO","NO","N/A","N/A","P0_CORE","APPROVED","NOT NULL"
"data_source_connections","name","VARCHAR","180","N/A","NO","N/A","NO","NO","N/A","N/A","P0_CORE","APPROVED","NOT NULL"
"data_source_connections","description","TEXT","N/A","N/A","YES","N/A","NO","NO","N/A","N/A","P0_CORE","APPROVED","N/A"
"data_source_connections","status","VARCHAR","40","N/A","NO","active","NO","NO","N/A","N/A","P0_CORE","APPROVED","NOT NULL; ENUM/CHECK; ENUM/CHECK common_status"
"data_source_connections","status_changed_at","DATETIME","N/A","N/A","YES","N/A","NO","NO","N/A","N/A","P0_CORE","APPROVED","Required by service when status is changed"
"data_source_connections","status_changed_by","BIGINT UNSIGNED","N/A","N/A","YES","N/A","NO","YES","user_profiles","id","P0_CORE","APPROVED","FK user_profiles.id; set null if user profile is removed"
"data_source_connections","is_active","TINYINT","1","N/A","NO","1","NO","NO","N/A","N/A","P0_CORE","APPROVED","NOT NULL"
"data_source_connections","metadata_json","JSON","N/A","N/A","YES","N/A","NO","NO","N/A","N/A","P0_CORE","APPROVED","JSON_VALID"
"data_source_connections","created_at","TIMESTAMP","N/A","N/A","NO","CURRENT_TIMESTAMP","NO","NO","N/A","N/A","P0_CORE","APPROVED","NOT NULL; valid timestamp"
"data_source_connections","created_by","BIGINT UNSIGNED","N/A","N/A","YES","N/A","NO","YES","user_profiles","id","P0_CORE","APPROVED","FK user_profiles.id; FOREIGN KEY to user_profiles.id"
"data_source_connections","updated_at","TIMESTAMP","N/A","N/A","YES","CURRENT_TIMESTAMP ON UPDATE CURRENT_TIMESTAMP","NO","NO","N/A","N/A","P0_CORE","APPROVED","valid timestamp"
"data_source_connections","updated_by","BIGINT UNSIGNED","N/A","N/A","YES","N/A","NO","YES","user_profiles","id","P0_CORE","APPROVED","FK user_profiles.id; FOREIGN KEY to user_profiles.id"
"data_source_connections","deleted_at","TIMESTAMP","N/A","N/A","YES","N/A","NO","NO","N/A","N/A","P0_CORE","APPROVED","valid timestamp"
"data_source_connections","deleted_by","BIGINT UNSIGNED","N/A","N/A","YES","N/A","NO","YES","user_profiles","id","P0_CORE","APPROVED","FK user_profiles.id; FOREIGN KEY to user_profiles.id"
"data_source_connections","auth_type","VARCHAR","60","N/A","NO","'none'","NO","NO","N/A","N/A","P0_CORE","APPROVED","NOT NULL; ENUM/CHECK; ENUM/CHECK credential_auth_type"
"data_source_connections","connection_mode","VARCHAR","40","N/A","NO","N/A","NO","NO","N/A","N/A","P0_CORE","APPROVED","NOT NULL; ENUM/CHECK; ENUM/CHECK connection_mode"
"data_source_connections","connection_type","VARCHAR","40","N/A","NO","N/A","NO","NO","N/A","N/A","P0_CORE","APPROVED","NOT NULL; ENUM/CHECK; ENUM/CHECK connection_type"
"data_source_connections","data_source_type_id","BIGINT UNSIGNED","N/A","N/A","NO","N/A","NO","YES","data_source_types","id","P0_CORE","APPROVED","NOT NULL; FK data_source_types.id; FOREIGN KEY to data_source_types.id"
"data_source_connections","database_name","VARCHAR","160","N/A","YES","N/A","NO","NO","N/A","N/A","P0_CORE","APPROVED","N/A"
"data_source_connections","file_path_hint","VARCHAR","500","N/A","YES","N/A","NO","NO","N/A","N/A","P0_CORE","APPROVED","N/A"
"data_source_connections","host","VARCHAR","255","N/A","YES","N/A","NO","NO","N/A","N/A","P0_CORE","APPROVED","N/A"
"data_source_connections","last_tested_at","DATETIME","N/A","N/A","YES","N/A","NO","NO","N/A","N/A","P0_CORE","APPROVED","valid timestamp"
"data_source_connections","port","INT","N/A","N/A","YES","N/A","NO","NO","N/A","N/A","P0_CORE","APPROVED","N/A"
"data_source_connections","sheet_url_hint","VARCHAR","500","N/A","YES","N/A","NO","NO","N/A","N/A","P0_CORE","APPROVED","N/A"
"data_source_connections","tags_text","VARCHAR","500","N/A","YES","N/A","NO","NO","N/A","N/A","P0_CORE","APPROVED","N/A"
"data_source_connections","username_hint","VARCHAR","160","N/A","YES","N/A","NO","NO","N/A","N/A","P0_CORE","APPROVED","N/A"
"data_source_connections","workspace","VARCHAR","160","N/A","YES","N/A","NO","NO","N/A","N/A","P0_CORE","APPROVED","N/A"
"data_source_connection_options","id","BIGINT UNSIGNED","N/A","N/A","NO","N/A","YES","NO","N/A","N/A","P1_PRODUCTION_EXTENSION","APPROVED_DEFERRED","NOT NULL; PRIMARY KEY"
"data_source_connection_options","organization_id","BIGINT UNSIGNED","N/A","N/A","NO","N/A","NO","YES","organizations","id","P1_PRODUCTION_EXTENSION","APPROVED_DEFERRED","NOT NULL; FK organizations.id; FOREIGN KEY to organizations.id"
"data_source_connection_options","description","TEXT","N/A","N/A","YES","N/A","NO","NO","N/A","N/A","P1_PRODUCTION_EXTENSION","APPROVED_DEFERRED","N/A"
"data_source_connection_options","status","VARCHAR","40","N/A","NO","active","NO","NO","N/A","N/A","P1_PRODUCTION_EXTENSION","APPROVED_DEFERRED","NOT NULL; ENUM/CHECK; ENUM/CHECK common_status"
"data_source_connection_options","status_changed_at","DATETIME","N/A","N/A","YES","N/A","NO","NO","N/A","N/A","P1_PRODUCTION_EXTENSION","APPROVED_DEFERRED","Required by service when status is changed"
"data_source_connection_options","status_changed_by","BIGINT UNSIGNED","N/A","N/A","YES","N/A","NO","YES","user_profiles","id","P1_PRODUCTION_EXTENSION","APPROVED_DEFERRED","FK user_profiles.id; set null if user profile is removed"
"data_source_connection_options","is_active","TINYINT","1","N/A","NO","1","NO","NO","N/A","N/A","P1_PRODUCTION_EXTENSION","APPROVED_DEFERRED","NOT NULL"
"data_source_connection_options","metadata_json","JSON","N/A","N/A","YES","N/A","NO","NO","N/A","N/A","P1_PRODUCTION_EXTENSION","APPROVED_DEFERRED","JSON_VALID"
"data_source_connection_options","created_at","TIMESTAMP","N/A","N/A","NO","CURRENT_TIMESTAMP","NO","NO","N/A","N/A","P1_PRODUCTION_EXTENSION","APPROVED_DEFERRED","NOT NULL; valid timestamp"
"data_source_connection_options","created_by","BIGINT UNSIGNED","N/A","N/A","YES","N/A","NO","YES","user_profiles","id","P1_PRODUCTION_EXTENSION","APPROVED_DEFERRED","FK user_profiles.id; FOREIGN KEY to user_profiles.id"
"data_source_connection_options","updated_at","TIMESTAMP","N/A","N/A","YES","CURRENT_TIMESTAMP ON UPDATE CURRENT_TIMESTAMP","NO","NO","N/A","N/A","P1_PRODUCTION_EXTENSION","APPROVED_DEFERRED","valid timestamp"
"data_source_connection_options","updated_by","BIGINT UNSIGNED","N/A","N/A","YES","N/A","NO","YES","user_profiles","id","P1_PRODUCTION_EXTENSION","APPROVED_DEFERRED","FK user_profiles.id; FOREIGN KEY to user_profiles.id"
"data_source_connection_options","deleted_at","TIMESTAMP","N/A","N/A","YES","N/A","NO","NO","N/A","N/A","P1_PRODUCTION_EXTENSION","APPROVED_DEFERRED","valid timestamp"
"data_source_connection_options","deleted_by","BIGINT UNSIGNED","N/A","N/A","YES","N/A","NO","YES","user_profiles","id","P1_PRODUCTION_EXTENSION","APPROVED_DEFERRED","FK user_profiles.id; FOREIGN KEY to user_profiles.id"
"data_source_connection_options","connection_id","BIGINT UNSIGNED","N/A","N/A","NO","N/A","NO","YES","data_source_connections","id","P1_PRODUCTION_EXTENSION","APPROVED_DEFERRED","NOT NULL; FK data_source_connections.id; FOREIGN KEY to data_source_connections.id"
"data_source_connection_options","is_sensitive_reference","TINYINT","1","N/A","NO","0","NO","NO","N/A","N/A","P1_PRODUCTION_EXTENSION","APPROVED_DEFERRED","NOT NULL"
"data_source_connection_options","option_group","VARCHAR","80","N/A","NO","N/A","NO","NO","N/A","N/A","P1_PRODUCTION_EXTENSION","APPROVED_DEFERRED","NOT NULL"
"data_source_connection_options","option_key","VARCHAR","160","N/A","NO","N/A","NO","NO","N/A","N/A","P1_PRODUCTION_EXTENSION","APPROVED_DEFERRED","NOT NULL"
"data_source_connection_options","option_value_json","JSON","N/A","N/A","NO","N/A","NO","NO","N/A","N/A","P1_PRODUCTION_EXTENSION","APPROVED_DEFERRED","NOT NULL; JSON_VALID"
"data_source_secret_references","id","BIGINT UNSIGNED","N/A","N/A","NO","N/A","YES","NO","N/A","N/A","P0_CORE","APPROVED","NOT NULL; PRIMARY KEY"
"data_source_secret_references","organization_id","BIGINT UNSIGNED","N/A","N/A","NO","N/A","NO","YES","organizations","id","P0_CORE","APPROVED","NOT NULL; FK organizations.id; FOREIGN KEY to organizations.id"
"data_source_secret_references","description","TEXT","N/A","N/A","YES","N/A","NO","NO","N/A","N/A","P0_CORE","APPROVED","N/A"
"data_source_secret_references","status","VARCHAR","40","N/A","NO","active","NO","NO","N/A","N/A","P0_CORE","APPROVED","NOT NULL; ENUM/CHECK; ENUM/CHECK common_status"
"data_source_secret_references","status_changed_at","DATETIME","N/A","N/A","YES","N/A","NO","NO","N/A","N/A","P0_CORE","APPROVED","Required by service when status is changed"
"data_source_secret_references","status_changed_by","BIGINT UNSIGNED","N/A","N/A","YES","N/A","NO","YES","user_profiles","id","P0_CORE","APPROVED","FK user_profiles.id; set null if user profile is removed"
"data_source_secret_references","is_active","TINYINT","1","N/A","NO","1","NO","NO","N/A","N/A","P0_CORE","APPROVED","NOT NULL"
"data_source_secret_references","created_at","TIMESTAMP","N/A","N/A","NO","CURRENT_TIMESTAMP","NO","NO","N/A","N/A","P0_CORE","APPROVED","NOT NULL; valid timestamp"
"data_source_secret_references","created_by","BIGINT UNSIGNED","N/A","N/A","YES","N/A","NO","YES","user_profiles","id","P0_CORE","APPROVED","FK user_profiles.id; FOREIGN KEY to user_profiles.id"
"data_source_secret_references","updated_at","TIMESTAMP","N/A","N/A","YES","CURRENT_TIMESTAMP ON UPDATE CURRENT_TIMESTAMP","NO","NO","N/A","N/A","P0_CORE","APPROVED","valid timestamp"
"data_source_secret_references","updated_by","BIGINT UNSIGNED","N/A","N/A","YES","N/A","NO","YES","user_profiles","id","P0_CORE","APPROVED","FK user_profiles.id; FOREIGN KEY to user_profiles.id"
"data_source_secret_references","deleted_at","TIMESTAMP","N/A","N/A","YES","N/A","NO","NO","N/A","N/A","P0_CORE","APPROVED","valid timestamp"
"data_source_secret_references","deleted_by","BIGINT UNSIGNED","N/A","N/A","YES","N/A","NO","YES","user_profiles","id","P0_CORE","APPROVED","FK user_profiles.id; FOREIGN KEY to user_profiles.id"
"data_source_secret_references","connection_id","BIGINT UNSIGNED","N/A","N/A","NO","N/A","NO","YES","data_source_connections","id","P0_CORE","APPROVED","NOT NULL; FK data_source_connections.id; FOREIGN KEY to data_source_connections.id"
"data_source_secret_references","masked_display","VARCHAR","120","N/A","YES","N/A","NO","NO","N/A","N/A","P0_CORE","APPROVED","N/A"
"data_source_secret_references","rotated_at","DATETIME","N/A","N/A","YES","N/A","NO","NO","N/A","N/A","P0_CORE","APPROVED","valid timestamp"
"data_source_secret_references","secret_purpose","VARCHAR","80","N/A","NO","N/A","NO","NO","N/A","N/A","P0_CORE","APPROVED","NOT NULL"
"data_source_secret_references","vault_provider","VARCHAR","80","N/A","NO","N/A","NO","NO","N/A","N/A","P0_CORE","APPROVED","NOT NULL"
"data_source_secret_references","vault_secret_ref","VARCHAR","500","N/A","NO","N/A","NO","NO","N/A","N/A","P0_CORE","APPROVED","NOT NULL"
"data_source_test_runs","id","BIGINT UNSIGNED","N/A","N/A","NO","N/A","YES","NO","N/A","N/A","P0_CORE","APPROVED","NOT NULL; PRIMARY KEY"
"data_source_test_runs","organization_id","BIGINT UNSIGNED","N/A","N/A","NO","N/A","NO","YES","organizations","id","P0_CORE","APPROVED","NOT NULL; FK organizations.id; FOREIGN KEY to organizations.id"
"data_source_test_runs","description","TEXT","N/A","N/A","YES","N/A","NO","NO","N/A","N/A","P0_CORE","APPROVED","N/A"
"data_source_test_runs","status","VARCHAR","40","N/A","NO","queued","NO","NO","N/A","N/A","P0_CORE","APPROVED","NOT NULL; ENUM/CHECK; ENUM/CHECK job_status"
"data_source_test_runs","status_changed_at","DATETIME","N/A","N/A","YES","N/A","NO","NO","N/A","N/A","P0_CORE","APPROVED","Required by service when status is changed"
"data_source_test_runs","status_changed_by","BIGINT UNSIGNED","N/A","N/A","YES","N/A","NO","YES","user_profiles","id","P0_CORE","APPROVED","FK user_profiles.id; set null if user profile is removed"
"data_source_test_runs","metadata_json","JSON","N/A","N/A","YES","N/A","NO","NO","N/A","N/A","P0_CORE","APPROVED","JSON_VALID"
"data_source_test_runs","created_at","TIMESTAMP","N/A","N/A","NO","CURRENT_TIMESTAMP","NO","NO","N/A","N/A","P0_CORE","APPROVED","NOT NULL; valid timestamp"
"data_source_test_runs","created_by","BIGINT UNSIGNED","N/A","N/A","YES","N/A","NO","YES","user_profiles","id","P0_CORE","APPROVED","FK user_profiles.id; FOREIGN KEY to user_profiles.id"
"data_source_test_runs","updated_at","TIMESTAMP","N/A","N/A","YES","CURRENT_TIMESTAMP ON UPDATE CURRENT_TIMESTAMP","NO","NO","N/A","N/A","P0_CORE","APPROVED","valid timestamp"
"data_source_test_runs","updated_by","BIGINT UNSIGNED","N/A","N/A","YES","N/A","NO","YES","user_profiles","id","P0_CORE","APPROVED","FK user_profiles.id; FOREIGN KEY to user_profiles.id"
"data_source_test_runs","connection_id","BIGINT UNSIGNED","N/A","N/A","NO","N/A","NO","YES","data_source_connections","id","P0_CORE","APPROVED","NOT NULL; FK data_source_connections.id; FOREIGN KEY to data_source_connections.id"
"data_source_test_runs","driver_version","VARCHAR","80","N/A","YES","N/A","NO","NO","N/A","N/A","P0_CORE","APPROVED","N/A"
"data_source_test_runs","duration_ms","INT","N/A","N/A","YES","N/A","NO","NO","N/A","N/A","P0_CORE","APPROVED","N/A"
"data_source_test_runs","error_message","TEXT","N/A","N/A","YES","N/A","NO","NO","N/A","N/A","P0_CORE","APPROVED","N/A"
"data_source_test_runs","tested_at","DATETIME","N/A","N/A","NO","N/A","NO","NO","N/A","N/A","P0_CORE","APPROVED","NOT NULL; valid timestamp"
"data_source_schemas","id","BIGINT UNSIGNED","N/A","N/A","NO","N/A","YES","NO","N/A","N/A","P0_CORE","APPROVED","NOT NULL; PRIMARY KEY"
"data_source_schemas","organization_id","BIGINT UNSIGNED","N/A","N/A","NO","N/A","NO","YES","organizations","id","P0_CORE","APPROVED","NOT NULL; FK organizations.id; FOREIGN KEY to organizations.id"
"data_source_schemas","description","TEXT","N/A","N/A","YES","N/A","NO","NO","N/A","N/A","P0_CORE","APPROVED","N/A"
"data_source_schemas","status","VARCHAR","40","N/A","NO","active","NO","NO","N/A","N/A","P0_CORE","APPROVED","NOT NULL; ENUM/CHECK; ENUM/CHECK common_status"
"data_source_schemas","status_changed_at","DATETIME","N/A","N/A","YES","N/A","NO","NO","N/A","N/A","P0_CORE","APPROVED","Required by service when status is changed"
"data_source_schemas","status_changed_by","BIGINT UNSIGNED","N/A","N/A","YES","N/A","NO","YES","user_profiles","id","P0_CORE","APPROVED","FK user_profiles.id; set null if user profile is removed"
"data_source_schemas","is_active","TINYINT","1","N/A","NO","1","NO","NO","N/A","N/A","P0_CORE","APPROVED","NOT NULL"
"data_source_schemas","created_at","TIMESTAMP","N/A","N/A","NO","CURRENT_TIMESTAMP","NO","NO","N/A","N/A","P0_CORE","APPROVED","NOT NULL; valid timestamp"
"data_source_schemas","created_by","BIGINT UNSIGNED","N/A","N/A","YES","N/A","NO","YES","user_profiles","id","P0_CORE","APPROVED","FK user_profiles.id; FOREIGN KEY to user_profiles.id"
"data_source_schemas","updated_at","TIMESTAMP","N/A","N/A","YES","CURRENT_TIMESTAMP ON UPDATE CURRENT_TIMESTAMP","NO","NO","N/A","N/A","P0_CORE","APPROVED","valid timestamp"
"data_source_schemas","updated_by","BIGINT UNSIGNED","N/A","N/A","YES","N/A","NO","YES","user_profiles","id","P0_CORE","APPROVED","FK user_profiles.id; FOREIGN KEY to user_profiles.id"
"data_source_schemas","deleted_at","TIMESTAMP","N/A","N/A","YES","N/A","NO","NO","N/A","N/A","P0_CORE","APPROVED","valid timestamp"
"data_source_schemas","deleted_by","BIGINT UNSIGNED","N/A","N/A","YES","N/A","NO","YES","user_profiles","id","P0_CORE","APPROVED","FK user_profiles.id; FOREIGN KEY to user_profiles.id"
"data_source_schemas","connection_id","BIGINT UNSIGNED","N/A","N/A","NO","N/A","NO","YES","data_source_connections","id","P0_CORE","APPROVED","NOT NULL; FK data_source_connections.id; FOREIGN KEY to data_source_connections.id"
"data_source_schemas","discovered_at","DATETIME","N/A","N/A","YES","N/A","NO","NO","N/A","N/A","P0_CORE","APPROVED","valid timestamp"
"data_source_schemas","schema_name","VARCHAR","180","N/A","NO","N/A","NO","NO","N/A","N/A","P0_CORE","APPROVED","NOT NULL"
"data_source_tables","id","BIGINT UNSIGNED","N/A","N/A","NO","N/A","YES","NO","N/A","N/A","P0_CORE","APPROVED","NOT NULL; PRIMARY KEY"
"data_source_tables","organization_id","BIGINT UNSIGNED","N/A","N/A","NO","N/A","NO","YES","organizations","id","P0_CORE","APPROVED","NOT NULL; FK organizations.id; FOREIGN KEY to organizations.id"
"data_source_tables","description","TEXT","N/A","N/A","YES","N/A","NO","NO","N/A","N/A","P0_CORE","APPROVED","N/A"
"data_source_tables","status","VARCHAR","40","N/A","NO","active","NO","NO","N/A","N/A","P0_CORE","APPROVED","NOT NULL; ENUM/CHECK; ENUM/CHECK common_status"
"data_source_tables","status_changed_at","DATETIME","N/A","N/A","YES","N/A","NO","NO","N/A","N/A","P0_CORE","APPROVED","Required by service when status is changed"
"data_source_tables","status_changed_by","BIGINT UNSIGNED","N/A","N/A","YES","N/A","NO","YES","user_profiles","id","P0_CORE","APPROVED","FK user_profiles.id; set null if user profile is removed"
"data_source_tables","is_active","TINYINT","1","N/A","NO","1","NO","NO","N/A","N/A","P0_CORE","APPROVED","NOT NULL"
"data_source_tables","created_at","TIMESTAMP","N/A","N/A","NO","CURRENT_TIMESTAMP","NO","NO","N/A","N/A","P0_CORE","APPROVED","NOT NULL; valid timestamp"
"data_source_tables","created_by","BIGINT UNSIGNED","N/A","N/A","YES","N/A","NO","YES","user_profiles","id","P0_CORE","APPROVED","FK user_profiles.id; FOREIGN KEY to user_profiles.id"
"data_source_tables","updated_at","TIMESTAMP","N/A","N/A","YES","CURRENT_TIMESTAMP ON UPDATE CURRENT_TIMESTAMP","NO","NO","N/A","N/A","P0_CORE","APPROVED","valid timestamp"
"data_source_tables","updated_by","BIGINT UNSIGNED","N/A","N/A","YES","N/A","NO","YES","user_profiles","id","P0_CORE","APPROVED","FK user_profiles.id; FOREIGN KEY to user_profiles.id"
"data_source_tables","deleted_at","TIMESTAMP","N/A","N/A","YES","N/A","NO","NO","N/A","N/A","P0_CORE","APPROVED","valid timestamp"
"data_source_tables","deleted_by","BIGINT UNSIGNED","N/A","N/A","YES","N/A","NO","YES","user_profiles","id","P0_CORE","APPROVED","FK user_profiles.id; FOREIGN KEY to user_profiles.id"
"data_source_tables","estimated_row_count","BIGINT","N/A","N/A","YES","N/A","NO","NO","N/A","N/A","P0_CORE","APPROVED","non-negative where business rule applies"
"data_source_tables","last_profiled_at","DATETIME","N/A","N/A","YES","N/A","NO","NO","N/A","N/A","P0_CORE","APPROVED","valid timestamp"
"data_source_tables","object_type","VARCHAR","40","N/A","NO","'table'","NO","NO","N/A","N/A","P0_CORE","APPROVED","NOT NULL"
"data_source_tables","schema_id","BIGINT UNSIGNED","N/A","N/A","NO","N/A","NO","YES","data_source_schemas","id","P0_CORE","APPROVED","NOT NULL; FK data_source_schemas.id; FOREIGN KEY to data_source_schemas.id"
"data_source_tables","table_name","VARCHAR","180","N/A","NO","N/A","NO","NO","N/A","N/A","P0_CORE","APPROVED","NOT NULL"
"data_source_columns","id","BIGINT UNSIGNED","N/A","N/A","NO","N/A","YES","NO","N/A","N/A","P0_CORE","APPROVED","NOT NULL; PRIMARY KEY"
"data_source_columns","organization_id","BIGINT UNSIGNED","N/A","N/A","NO","N/A","NO","YES","organizations","id","P0_CORE","APPROVED","NOT NULL; FK organizations.id; FOREIGN KEY to organizations.id"
"data_source_columns","description","TEXT","N/A","N/A","YES","N/A","NO","NO","N/A","N/A","P0_CORE","APPROVED","N/A"
"data_source_columns","status","VARCHAR","40","N/A","NO","active","NO","NO","N/A","N/A","P0_CORE","APPROVED","NOT NULL; ENUM/CHECK; ENUM/CHECK common_status"
"data_source_columns","status_changed_at","DATETIME","N/A","N/A","YES","N/A","NO","NO","N/A","N/A","P0_CORE","APPROVED","Required by service when status is changed"
"data_source_columns","status_changed_by","BIGINT UNSIGNED","N/A","N/A","YES","N/A","NO","YES","user_profiles","id","P0_CORE","APPROVED","FK user_profiles.id; set null if user profile is removed"
"data_source_columns","is_active","TINYINT","1","N/A","NO","1","NO","NO","N/A","N/A","P0_CORE","APPROVED","NOT NULL"
"data_source_columns","created_at","TIMESTAMP","N/A","N/A","NO","CURRENT_TIMESTAMP","NO","NO","N/A","N/A","P0_CORE","APPROVED","NOT NULL; valid timestamp"
"data_source_columns","created_by","BIGINT UNSIGNED","N/A","N/A","YES","N/A","NO","YES","user_profiles","id","P0_CORE","APPROVED","FK user_profiles.id; FOREIGN KEY to user_profiles.id"
"data_source_columns","updated_at","TIMESTAMP","N/A","N/A","YES","CURRENT_TIMESTAMP ON UPDATE CURRENT_TIMESTAMP","NO","NO","N/A","N/A","P0_CORE","APPROVED","valid timestamp"
"data_source_columns","updated_by","BIGINT UNSIGNED","N/A","N/A","YES","N/A","NO","YES","user_profiles","id","P0_CORE","APPROVED","FK user_profiles.id; FOREIGN KEY to user_profiles.id"
"data_source_columns","deleted_at","TIMESTAMP","N/A","N/A","YES","N/A","NO","NO","N/A","N/A","P0_CORE","APPROVED","valid timestamp"
"data_source_columns","deleted_by","BIGINT UNSIGNED","N/A","N/A","YES","N/A","NO","YES","user_profiles","id","P0_CORE","APPROVED","FK user_profiles.id; FOREIGN KEY to user_profiles.id"
"data_source_columns","column_name","VARCHAR","180","N/A","NO","N/A","NO","NO","N/A","N/A","P0_CORE","APPROVED","NOT NULL"
"data_source_columns","field_type","VARCHAR","40","N/A","NO","N/A","NO","NO","N/A","N/A","P0_CORE","APPROVED","NOT NULL; ENUM/CHECK; ENUM/CHECK field_type"
"data_source_columns","is_nullable","TINYINT","1","N/A","NO","1","NO","NO","N/A","N/A","P0_CORE","APPROVED","NOT NULL"
"data_source_columns","ordinal_position","INT","N/A","N/A","NO","N/A","NO","NO","N/A","N/A","P0_CORE","APPROVED","NOT NULL"
"data_source_columns","profile_json","JSON","N/A","N/A","YES","N/A","NO","NO","N/A","N/A","P0_CORE","APPROVED","JSON_VALID"
"data_source_columns","semantic_type","VARCHAR","60","N/A","YES","N/A","NO","NO","N/A","N/A","P0_CORE","APPROVED","ENUM/CHECK; ENUM/CHECK semantic_type"
"data_source_columns","source_data_type","VARCHAR","120","N/A","NO","N/A","NO","NO","N/A","N/A","P0_CORE","APPROVED","NOT NULL"
"data_source_columns","source_table_id","BIGINT UNSIGNED","N/A","N/A","NO","N/A","NO","YES","data_source_tables","id","P0_CORE","APPROVED","NOT NULL; FK data_source_tables.id; FOREIGN KEY to data_source_tables.id"
"datasets","id","BIGINT UNSIGNED","N/A","N/A","NO","N/A","YES","NO","N/A","N/A","P0_CORE","APPROVED","NOT NULL; PRIMARY KEY"
"datasets","organization_id","BIGINT UNSIGNED","N/A","N/A","NO","N/A","NO","YES","organizations","id","P0_CORE","APPROVED","NOT NULL; FK organizations.id; FOREIGN KEY to organizations.id"
"datasets","branch_id","BIGINT UNSIGNED","N/A","N/A","YES","N/A","NO","YES","branches","id","P0_CORE","APPROVED","FK branches.id; nullable for organization-level records"
"datasets","project_id","BIGINT UNSIGNED","N/A","N/A","NO","N/A","NO","YES","bi_projects","id","P0_CORE","APPROVED","NOT NULL; FK bi_projects.id; FOREIGN KEY to bi_projects.id"
"datasets","name","VARCHAR","180","N/A","NO","N/A","NO","NO","N/A","N/A","P0_CORE","APPROVED","NOT NULL"
"datasets","description","TEXT","N/A","N/A","YES","N/A","NO","NO","N/A","N/A","P0_CORE","APPROVED","N/A"
"datasets","status","VARCHAR","40","N/A","NO","active","NO","NO","N/A","N/A","P0_CORE","APPROVED","NOT NULL; ENUM/CHECK; ENUM/CHECK common_status"
"datasets","status_changed_at","DATETIME","N/A","N/A","YES","N/A","NO","NO","N/A","N/A","P0_CORE","APPROVED","Required by service when status is changed"
"datasets","status_changed_by","BIGINT UNSIGNED","N/A","N/A","YES","N/A","NO","YES","user_profiles","id","P0_CORE","APPROVED","FK user_profiles.id; set null if user profile is removed"
"datasets","is_active","TINYINT","1","N/A","NO","1","NO","NO","N/A","N/A","P0_CORE","APPROVED","NOT NULL"
"datasets","metadata_json","JSON","N/A","N/A","YES","N/A","NO","NO","N/A","N/A","P0_CORE","APPROVED","JSON_VALID"
"datasets","created_at","TIMESTAMP","N/A","N/A","NO","CURRENT_TIMESTAMP","NO","NO","N/A","N/A","P0_CORE","APPROVED","NOT NULL; valid timestamp"
"datasets","created_by","BIGINT UNSIGNED","N/A","N/A","YES","N/A","NO","YES","user_profiles","id","P0_CORE","APPROVED","FK user_profiles.id; FOREIGN KEY to user_profiles.id"
"datasets","updated_at","TIMESTAMP","N/A","N/A","YES","CURRENT_TIMESTAMP ON UPDATE CURRENT_TIMESTAMP","NO","NO","N/A","N/A","P0_CORE","APPROVED","valid timestamp"
"datasets","updated_by","BIGINT UNSIGNED","N/A","N/A","YES","N/A","NO","YES","user_profiles","id","P0_CORE","APPROVED","FK user_profiles.id; FOREIGN KEY to user_profiles.id"
"datasets","deleted_at","TIMESTAMP","N/A","N/A","YES","N/A","NO","NO","N/A","N/A","P0_CORE","APPROVED","valid timestamp"
"datasets","deleted_by","BIGINT UNSIGNED","N/A","N/A","YES","N/A","NO","YES","user_profiles","id","P0_CORE","APPROVED","FK user_profiles.id; FOREIGN KEY to user_profiles.id"
"datasets","column_count","INT","N/A","N/A","NO","0","NO","NO","N/A","N/A","P0_CORE","APPROVED","NOT NULL; non-negative where business rule applies"
"datasets","connection_id","BIGINT UNSIGNED","N/A","N/A","YES","N/A","NO","YES","data_source_connections","id","P0_CORE","APPROVED","FK data_source_connections.id; FOREIGN KEY to data_source_connections.id"
"datasets","is_builtin","TINYINT","1","N/A","NO","0","NO","NO","N/A","N/A","P0_CORE","APPROVED","NOT NULL"
"datasets","last_refreshed_at","DATETIME","N/A","N/A","YES","N/A","NO","NO","N/A","N/A","P0_CORE","APPROVED","valid timestamp"
"datasets","row_count","BIGINT","N/A","N/A","NO","0","NO","NO","N/A","N/A","P0_CORE","APPROVED","NOT NULL; non-negative where business rule applies"
"datasets","source_name","VARCHAR","240","N/A","YES","N/A","NO","NO","N/A","N/A","P0_CORE","APPROVED","N/A"
"datasets","source_type","VARCHAR","40","N/A","NO","'csv'","NO","NO","N/A","N/A","P0_CORE","APPROVED","NOT NULL; ENUM/CHECK; ENUM/CHECK source_type"
"dataset_versions","id","BIGINT UNSIGNED","N/A","N/A","NO","N/A","YES","NO","N/A","N/A","P0_CORE","APPROVED","NOT NULL; PRIMARY KEY"
"dataset_versions","organization_id","BIGINT UNSIGNED","N/A","N/A","NO","N/A","NO","YES","organizations","id","P0_CORE","APPROVED","NOT NULL; FK organizations.id; FOREIGN KEY to organizations.id"
"dataset_versions","description","TEXT","N/A","N/A","YES","N/A","NO","NO","N/A","N/A","P0_CORE","APPROVED","N/A"
"dataset_versions","status","VARCHAR","40","N/A","NO","active","NO","NO","N/A","N/A","P0_CORE","APPROVED","NOT NULL; ENUM/CHECK; ENUM/CHECK common_status"
"dataset_versions","status_changed_at","DATETIME","N/A","N/A","YES","N/A","NO","NO","N/A","N/A","P0_CORE","APPROVED","Required by service when status is changed"
"dataset_versions","status_changed_by","BIGINT UNSIGNED","N/A","N/A","YES","N/A","NO","YES","user_profiles","id","P0_CORE","APPROVED","FK user_profiles.id; set null if user profile is removed"
"dataset_versions","is_active","TINYINT","1","N/A","NO","1","NO","NO","N/A","N/A","P0_CORE","APPROVED","NOT NULL"
"dataset_versions","metadata_json","JSON","N/A","N/A","YES","N/A","NO","NO","N/A","N/A","P0_CORE","APPROVED","JSON_VALID"
"dataset_versions","created_at","TIMESTAMP","N/A","N/A","NO","CURRENT_TIMESTAMP","NO","NO","N/A","N/A","P0_CORE","APPROVED","NOT NULL; valid timestamp"
"dataset_versions","created_by","BIGINT UNSIGNED","N/A","N/A","YES","N/A","NO","YES","user_profiles","id","P0_CORE","APPROVED","FK user_profiles.id; FOREIGN KEY to user_profiles.id"
"dataset_versions","updated_at","TIMESTAMP","N/A","N/A","YES","CURRENT_TIMESTAMP ON UPDATE CURRENT_TIMESTAMP","NO","NO","N/A","N/A","P0_CORE","APPROVED","valid timestamp"
"dataset_versions","updated_by","BIGINT UNSIGNED","N/A","N/A","YES","N/A","NO","YES","user_profiles","id","P0_CORE","APPROVED","FK user_profiles.id; FOREIGN KEY to user_profiles.id"
"dataset_versions","deleted_at","TIMESTAMP","N/A","N/A","YES","N/A","NO","NO","N/A","N/A","P0_CORE","APPROVED","valid timestamp"
"dataset_versions","deleted_by","BIGINT UNSIGNED","N/A","N/A","YES","N/A","NO","YES","user_profiles","id","P0_CORE","APPROVED","FK user_profiles.id; FOREIGN KEY to user_profiles.id"
"dataset_versions","column_count","INT","N/A","N/A","NO","0","NO","NO","N/A","N/A","P0_CORE","APPROVED","NOT NULL; non-negative where business rule applies"
"dataset_versions","dataset_id","BIGINT UNSIGNED","N/A","N/A","NO","N/A","NO","YES","datasets","id","P0_CORE","APPROVED","NOT NULL; FK datasets.id; FOREIGN KEY to datasets.id"
"dataset_versions","row_count","BIGINT","N/A","N/A","NO","0","NO","NO","N/A","N/A","P0_CORE","APPROVED","NOT NULL; non-negative where business rule applies"
"dataset_versions","schema_snapshot_json","JSON","N/A","N/A","NO","N/A","NO","NO","N/A","N/A","P0_CORE","APPROVED","NOT NULL; JSON_VALID"
"dataset_versions","source_file_id","BIGINT UNSIGNED","N/A","N/A","YES","N/A","NO","YES","files","id","P0_CORE","APPROVED","FK files.id; FOREIGN KEY to files.id"
"dataset_versions","version_no","INT","N/A","N/A","NO","N/A","NO","NO","N/A","N/A","P0_CORE","APPROVED","NOT NULL"
"dataset_fields","id","BIGINT UNSIGNED","N/A","N/A","NO","N/A","YES","NO","N/A","N/A","P0_CORE","APPROVED","NOT NULL; PRIMARY KEY"
"dataset_fields","organization_id","BIGINT UNSIGNED","N/A","N/A","NO","N/A","NO","YES","organizations","id","P0_CORE","APPROVED","NOT NULL; FK organizations.id; FOREIGN KEY to organizations.id"
"dataset_fields","description","TEXT","N/A","N/A","YES","N/A","NO","NO","N/A","N/A","P0_CORE","APPROVED","N/A"
"dataset_fields","status","VARCHAR","40","N/A","NO","active","NO","NO","N/A","N/A","P0_CORE","APPROVED","NOT NULL; ENUM/CHECK; ENUM/CHECK common_status"
"dataset_fields","status_changed_at","DATETIME","N/A","N/A","YES","N/A","NO","NO","N/A","N/A","P0_CORE","APPROVED","Required by service when status is changed"
"dataset_fields","status_changed_by","BIGINT UNSIGNED","N/A","N/A","YES","N/A","NO","YES","user_profiles","id","P0_CORE","APPROVED","FK user_profiles.id; set null if user profile is removed"
"dataset_fields","is_active","TINYINT","1","N/A","NO","1","NO","NO","N/A","N/A","P0_CORE","APPROVED","NOT NULL"
"dataset_fields","created_at","TIMESTAMP","N/A","N/A","NO","CURRENT_TIMESTAMP","NO","NO","N/A","N/A","P0_CORE","APPROVED","NOT NULL; valid timestamp"
"dataset_fields","created_by","BIGINT UNSIGNED","N/A","N/A","YES","N/A","NO","YES","user_profiles","id","P0_CORE","APPROVED","FK user_profiles.id; FOREIGN KEY to user_profiles.id"
"dataset_fields","updated_at","TIMESTAMP","N/A","N/A","YES","CURRENT_TIMESTAMP ON UPDATE CURRENT_TIMESTAMP","NO","NO","N/A","N/A","P0_CORE","APPROVED","valid timestamp"
"dataset_fields","updated_by","BIGINT UNSIGNED","N/A","N/A","YES","N/A","NO","YES","user_profiles","id","P0_CORE","APPROVED","FK user_profiles.id; FOREIGN KEY to user_profiles.id"
"dataset_fields","deleted_at","TIMESTAMP","N/A","N/A","YES","N/A","NO","NO","N/A","N/A","P0_CORE","APPROVED","valid timestamp"
"dataset_fields","deleted_by","BIGINT UNSIGNED","N/A","N/A","YES","N/A","NO","YES","user_profiles","id","P0_CORE","APPROVED","FK user_profiles.id; FOREIGN KEY to user_profiles.id"
"dataset_fields","dataset_id","BIGINT UNSIGNED","N/A","N/A","NO","N/A","NO","YES","datasets","id","P0_CORE","APPROVED","NOT NULL; FK datasets.id; FOREIGN KEY to datasets.id"
"dataset_fields","default_aggregation","VARCHAR","40","N/A","YES","N/A","NO","NO","N/A","N/A","P0_CORE","APPROVED","ENUM/CHECK; ENUM/CHECK aggregation_type"
"dataset_fields","field_name","VARCHAR","180","N/A","NO","N/A","NO","NO","N/A","N/A","P0_CORE","APPROVED","NOT NULL"
"dataset_fields","field_type","VARCHAR","40","N/A","NO","N/A","NO","NO","N/A","N/A","P0_CORE","APPROVED","NOT NULL; ENUM/CHECK; ENUM/CHECK field_type"
"dataset_fields","is_dimension","TINYINT","1","N/A","NO","1","NO","NO","N/A","N/A","P0_CORE","APPROVED","NOT NULL"
"dataset_fields","is_measure","TINYINT","1","N/A","NO","0","NO","NO","N/A","N/A","P0_CORE","APPROVED","NOT NULL"
"dataset_fields","label","VARCHAR","180","N/A","YES","N/A","NO","NO","N/A","N/A","P0_CORE","APPROVED","N/A"
"dataset_fields","ordinal_position","INT","N/A","N/A","NO","0","NO","NO","N/A","N/A","P0_CORE","APPROVED","NOT NULL"
"dataset_fields","sample_values_json","JSON","N/A","N/A","YES","N/A","NO","NO","N/A","N/A","P0_CORE","APPROVED","JSON_VALID"
"dataset_fields","semantic_type","VARCHAR","60","N/A","YES","N/A","NO","NO","N/A","N/A","P0_CORE","APPROVED","ENUM/CHECK; ENUM/CHECK semantic_type"
"dataset_rows","id","BIGINT UNSIGNED","N/A","N/A","NO","N/A","YES","NO","N/A","N/A","P0_CORE","APPROVED","NOT NULL; PRIMARY KEY"
"dataset_rows","organization_id","BIGINT UNSIGNED","N/A","N/A","NO","N/A","NO","YES","organizations","id","P0_CORE","APPROVED","NOT NULL; FK organizations.id; FOREIGN KEY to organizations.id"
"dataset_rows","description","TEXT","N/A","N/A","YES","N/A","NO","NO","N/A","N/A","P0_CORE","APPROVED","N/A"
"dataset_rows","status","VARCHAR","40","N/A","NO","active","NO","NO","N/A","N/A","P0_CORE","APPROVED","NOT NULL; ENUM/CHECK; ENUM/CHECK common_status"
"dataset_rows","status_changed_at","DATETIME","N/A","N/A","YES","N/A","NO","NO","N/A","N/A","P0_CORE","APPROVED","Required by service when status is changed"
"dataset_rows","status_changed_by","BIGINT UNSIGNED","N/A","N/A","YES","N/A","NO","YES","user_profiles","id","P0_CORE","APPROVED","FK user_profiles.id; set null if user profile is removed"
"dataset_rows","is_active","TINYINT","1","N/A","NO","1","NO","NO","N/A","N/A","P0_CORE","APPROVED","NOT NULL"
"dataset_rows","created_at","TIMESTAMP","N/A","N/A","NO","CURRENT_TIMESTAMP","NO","NO","N/A","N/A","P0_CORE","APPROVED","NOT NULL; valid timestamp"
"dataset_rows","created_by","BIGINT UNSIGNED","N/A","N/A","YES","N/A","NO","YES","user_profiles","id","P0_CORE","APPROVED","FK user_profiles.id; FOREIGN KEY to user_profiles.id"
"dataset_rows","updated_at","TIMESTAMP","N/A","N/A","YES","CURRENT_TIMESTAMP ON UPDATE CURRENT_TIMESTAMP","NO","NO","N/A","N/A","P0_CORE","APPROVED","valid timestamp"
"dataset_rows","updated_by","BIGINT UNSIGNED","N/A","N/A","YES","N/A","NO","YES","user_profiles","id","P0_CORE","APPROVED","FK user_profiles.id; FOREIGN KEY to user_profiles.id"
"dataset_rows","dataset_id","BIGINT UNSIGNED","N/A","N/A","NO","N/A","NO","YES","datasets","id","P0_CORE","APPROVED","NOT NULL; FK datasets.id; FOREIGN KEY to datasets.id"
"dataset_rows","dataset_version_id","BIGINT UNSIGNED","N/A","N/A","YES","N/A","NO","YES","dataset_versions","id","P0_CORE","APPROVED","FK dataset_versions.id; FOREIGN KEY to dataset_versions.id"
"dataset_rows","row_hash","VARCHAR","128","N/A","YES","N/A","NO","NO","N/A","N/A","P0_CORE","APPROVED","N/A"
"dataset_rows","row_json","JSON","N/A","N/A","NO","N/A","NO","NO","N/A","N/A","P0_CORE","APPROVED","NOT NULL; JSON_VALID"
"dataset_rows","row_number","BIGINT","N/A","N/A","NO","N/A","NO","NO","N/A","N/A","P0_CORE","APPROVED","NOT NULL"
"dataset_statistics","id","BIGINT UNSIGNED","N/A","N/A","NO","N/A","YES","NO","N/A","N/A","P0_CORE","APPROVED","NOT NULL; PRIMARY KEY"
"dataset_statistics","organization_id","BIGINT UNSIGNED","N/A","N/A","NO","N/A","NO","YES","organizations","id","P0_CORE","APPROVED","NOT NULL; FK organizations.id; FOREIGN KEY to organizations.id"
"dataset_statistics","description","TEXT","N/A","N/A","YES","N/A","NO","NO","N/A","N/A","P0_CORE","APPROVED","N/A"
"dataset_statistics","status","VARCHAR","40","N/A","NO","active","NO","NO","N/A","N/A","P0_CORE","APPROVED","NOT NULL; ENUM/CHECK; ENUM/CHECK common_status"
"dataset_statistics","status_changed_at","DATETIME","N/A","N/A","YES","N/A","NO","NO","N/A","N/A","P0_CORE","APPROVED","Required by service when status is changed"
"dataset_statistics","status_changed_by","BIGINT UNSIGNED","N/A","N/A","YES","N/A","NO","YES","user_profiles","id","P0_CORE","APPROVED","FK user_profiles.id; set null if user profile is removed"
"dataset_statistics","is_active","TINYINT","1","N/A","NO","1","NO","NO","N/A","N/A","P0_CORE","APPROVED","NOT NULL"
"dataset_statistics","metadata_json","JSON","N/A","N/A","YES","N/A","NO","NO","N/A","N/A","P0_CORE","APPROVED","JSON_VALID"
"dataset_statistics","created_at","TIMESTAMP","N/A","N/A","NO","CURRENT_TIMESTAMP","NO","NO","N/A","N/A","P0_CORE","APPROVED","NOT NULL; valid timestamp"
"dataset_statistics","created_by","BIGINT UNSIGNED","N/A","N/A","YES","N/A","NO","YES","user_profiles","id","P0_CORE","APPROVED","FK user_profiles.id; FOREIGN KEY to user_profiles.id"
"dataset_statistics","updated_at","TIMESTAMP","N/A","N/A","YES","CURRENT_TIMESTAMP ON UPDATE CURRENT_TIMESTAMP","NO","NO","N/A","N/A","P0_CORE","APPROVED","valid timestamp"
"dataset_statistics","updated_by","BIGINT UNSIGNED","N/A","N/A","YES","N/A","NO","YES","user_profiles","id","P0_CORE","APPROVED","FK user_profiles.id; FOREIGN KEY to user_profiles.id"
"dataset_statistics","deleted_at","TIMESTAMP","N/A","N/A","YES","N/A","NO","NO","N/A","N/A","P0_CORE","APPROVED","valid timestamp"
"dataset_statistics","deleted_by","BIGINT UNSIGNED","N/A","N/A","YES","N/A","NO","YES","user_profiles","id","P0_CORE","APPROVED","FK user_profiles.id; FOREIGN KEY to user_profiles.id"
"dataset_statistics","average_numeric","DECIMAL","N/A","18,4","YES","N/A","NO","NO","N/A","N/A","P0_CORE","APPROVED","N/A"
"dataset_statistics","dataset_field_id","BIGINT UNSIGNED","N/A","N/A","NO","N/A","NO","YES","dataset_fields","id","P0_CORE","APPROVED","NOT NULL; FK dataset_fields.id; FOREIGN KEY to dataset_fields.id"
"dataset_statistics","dataset_id","BIGINT UNSIGNED","N/A","N/A","NO","N/A","NO","YES","datasets","id","P0_CORE","APPROVED","NOT NULL; FK datasets.id; FOREIGN KEY to datasets.id"
"dataset_statistics","max_numeric","DECIMAL","N/A","18,4","YES","N/A","NO","NO","N/A","N/A","P0_CORE","APPROVED","N/A"
"dataset_statistics","min_numeric","DECIMAL","N/A","18,4","YES","N/A","NO","NO","N/A","N/A","P0_CORE","APPROVED","N/A"
"dataset_statistics","non_empty_count","BIGINT","N/A","N/A","YES","N/A","NO","NO","N/A","N/A","P0_CORE","APPROVED","non-negative where business rule applies"
"dataset_statistics","profile_json","JSON","N/A","N/A","YES","N/A","NO","NO","N/A","N/A","P0_CORE","APPROVED","JSON_VALID"
"dataset_statistics","unique_count","BIGINT","N/A","N/A","YES","N/A","NO","NO","N/A","N/A","P0_CORE","APPROVED","non-negative where business rule applies"
"dataset_validation_results","id","BIGINT UNSIGNED","N/A","N/A","NO","N/A","YES","NO","N/A","N/A","P0_CORE","APPROVED","NOT NULL; PRIMARY KEY"
"dataset_validation_results","organization_id","BIGINT UNSIGNED","N/A","N/A","NO","N/A","NO","YES","organizations","id","P0_CORE","APPROVED","NOT NULL; FK organizations.id; FOREIGN KEY to organizations.id"
"dataset_validation_results","description","TEXT","N/A","N/A","YES","N/A","NO","NO","N/A","N/A","P0_CORE","APPROVED","N/A"
"dataset_validation_results","status","VARCHAR","40","N/A","NO","warning","NO","NO","N/A","N/A","P0_CORE","APPROVED","NOT NULL; ENUM/CHECK; ENUM/CHECK severity_level"
"dataset_validation_results","status_changed_at","DATETIME","N/A","N/A","YES","N/A","NO","NO","N/A","N/A","P0_CORE","APPROVED","Required by service when status is changed"
"dataset_validation_results","status_changed_by","BIGINT UNSIGNED","N/A","N/A","YES","N/A","NO","YES","user_profiles","id","P0_CORE","APPROVED","FK user_profiles.id; set null if user profile is removed"
"dataset_validation_results","created_at","TIMESTAMP","N/A","N/A","NO","CURRENT_TIMESTAMP","NO","NO","N/A","N/A","P0_CORE","APPROVED","NOT NULL; valid timestamp"
"dataset_validation_results","created_by","BIGINT UNSIGNED","N/A","N/A","YES","N/A","NO","YES","user_profiles","id","P0_CORE","APPROVED","FK user_profiles.id; FOREIGN KEY to user_profiles.id"
"dataset_validation_results","updated_at","TIMESTAMP","N/A","N/A","YES","CURRENT_TIMESTAMP ON UPDATE CURRENT_TIMESTAMP","NO","NO","N/A","N/A","P0_CORE","APPROVED","valid timestamp"
"dataset_validation_results","updated_by","BIGINT UNSIGNED","N/A","N/A","YES","N/A","NO","YES","user_profiles","id","P0_CORE","APPROVED","FK user_profiles.id; FOREIGN KEY to user_profiles.id"
"dataset_validation_results","deleted_at","TIMESTAMP","N/A","N/A","YES","N/A","NO","NO","N/A","N/A","P0_CORE","APPROVED","valid timestamp"
"dataset_validation_results","deleted_by","BIGINT UNSIGNED","N/A","N/A","YES","N/A","NO","YES","user_profiles","id","P0_CORE","APPROVED","FK user_profiles.id; FOREIGN KEY to user_profiles.id"
"dataset_validation_results","context_json","JSON","N/A","N/A","YES","N/A","NO","NO","N/A","N/A","P0_CORE","APPROVED","JSON_VALID"
"dataset_validation_results","dataset_field_id","BIGINT UNSIGNED","N/A","N/A","YES","N/A","NO","YES","dataset_fields","id","P0_CORE","APPROVED","FK dataset_fields.id; FOREIGN KEY to dataset_fields.id"
"dataset_validation_results","dataset_id","BIGINT UNSIGNED","N/A","N/A","NO","N/A","NO","YES","datasets","id","P0_CORE","APPROVED","NOT NULL; FK datasets.id; FOREIGN KEY to datasets.id"
"dataset_validation_results","finding_type","VARCHAR","80","N/A","NO","N/A","NO","NO","N/A","N/A","P0_CORE","APPROVED","NOT NULL"
"dataset_validation_results","message","TEXT","N/A","N/A","NO","N/A","NO","NO","N/A","N/A","P0_CORE","APPROVED","NOT NULL"
"dataset_validation_results","row_number","BIGINT","N/A","N/A","YES","N/A","NO","NO","N/A","N/A","P0_CORE","APPROVED","N/A"
"dataset_refresh_jobs","id","BIGINT UNSIGNED","N/A","N/A","NO","N/A","YES","NO","N/A","N/A","P1_PRODUCTION_EXTENSION","APPROVED_DEFERRED","NOT NULL; PRIMARY KEY"
"dataset_refresh_jobs","organization_id","BIGINT UNSIGNED","N/A","N/A","NO","N/A","NO","YES","organizations","id","P1_PRODUCTION_EXTENSION","APPROVED_DEFERRED","NOT NULL; FK organizations.id; FOREIGN KEY to organizations.id"
"dataset_refresh_jobs","description","TEXT","N/A","N/A","YES","N/A","NO","NO","N/A","N/A","P1_PRODUCTION_EXTENSION","APPROVED_DEFERRED","N/A"
"dataset_refresh_jobs","status","VARCHAR","40","N/A","NO","queued","NO","NO","N/A","N/A","P1_PRODUCTION_EXTENSION","APPROVED_DEFERRED","NOT NULL; ENUM/CHECK; ENUM/CHECK job_status"
"dataset_refresh_jobs","status_changed_at","DATETIME","N/A","N/A","YES","N/A","NO","NO","N/A","N/A","P1_PRODUCTION_EXTENSION","APPROVED_DEFERRED","Required by service when status is changed"
"dataset_refresh_jobs","status_changed_by","BIGINT UNSIGNED","N/A","N/A","YES","N/A","NO","YES","user_profiles","id","P1_PRODUCTION_EXTENSION","APPROVED_DEFERRED","FK user_profiles.id; set null if user profile is removed"
"dataset_refresh_jobs","created_at","TIMESTAMP","N/A","N/A","NO","CURRENT_TIMESTAMP","NO","NO","N/A","N/A","P1_PRODUCTION_EXTENSION","APPROVED_DEFERRED","NOT NULL; valid timestamp"
"dataset_refresh_jobs","created_by","BIGINT UNSIGNED","N/A","N/A","YES","N/A","NO","YES","user_profiles","id","P1_PRODUCTION_EXTENSION","APPROVED_DEFERRED","FK user_profiles.id; FOREIGN KEY to user_profiles.id"
"dataset_refresh_jobs","updated_at","TIMESTAMP","N/A","N/A","YES","CURRENT_TIMESTAMP ON UPDATE CURRENT_TIMESTAMP","NO","NO","N/A","N/A","P1_PRODUCTION_EXTENSION","APPROVED_DEFERRED","valid timestamp"
"dataset_refresh_jobs","updated_by","BIGINT UNSIGNED","N/A","N/A","YES","N/A","NO","YES","user_profiles","id","P1_PRODUCTION_EXTENSION","APPROVED_DEFERRED","FK user_profiles.id; FOREIGN KEY to user_profiles.id"
"dataset_refresh_jobs","deleted_at","TIMESTAMP","N/A","N/A","YES","N/A","NO","NO","N/A","N/A","P1_PRODUCTION_EXTENSION","APPROVED_DEFERRED","valid timestamp"
"dataset_refresh_jobs","deleted_by","BIGINT UNSIGNED","N/A","N/A","YES","N/A","NO","YES","user_profiles","id","P1_PRODUCTION_EXTENSION","APPROVED_DEFERRED","FK user_profiles.id; FOREIGN KEY to user_profiles.id"
"dataset_refresh_jobs","connection_id","BIGINT UNSIGNED","N/A","N/A","YES","N/A","NO","YES","data_source_connections","id","P1_PRODUCTION_EXTENSION","APPROVED_DEFERRED","FK data_source_connections.id; FOREIGN KEY to data_source_connections.id"
"dataset_refresh_jobs","dataset_id","BIGINT UNSIGNED","N/A","N/A","NO","N/A","NO","YES","datasets","id","P1_PRODUCTION_EXTENSION","APPROVED_DEFERRED","NOT NULL; FK datasets.id; FOREIGN KEY to datasets.id"
"dataset_refresh_jobs","error_message","TEXT","N/A","N/A","YES","N/A","NO","NO","N/A","N/A","P1_PRODUCTION_EXTENSION","APPROVED_DEFERRED","N/A"
"dataset_refresh_jobs","finished_at","DATETIME","N/A","N/A","YES","N/A","NO","NO","N/A","N/A","P1_PRODUCTION_EXTENSION","APPROVED_DEFERRED","valid timestamp"
"dataset_refresh_jobs","rows_failed","BIGINT","N/A","N/A","NO","0","NO","NO","N/A","N/A","P1_PRODUCTION_EXTENSION","APPROVED_DEFERRED","NOT NULL"
"dataset_refresh_jobs","rows_processed","BIGINT","N/A","N/A","NO","0","NO","NO","N/A","N/A","P1_PRODUCTION_EXTENSION","APPROVED_DEFERRED","NOT NULL"
"dataset_refresh_jobs","started_at","DATETIME","N/A","N/A","YES","N/A","NO","NO","N/A","N/A","P1_PRODUCTION_EXTENSION","APPROVED_DEFERRED","valid timestamp"
"dataset_lineage","id","BIGINT UNSIGNED","N/A","N/A","NO","N/A","YES","NO","N/A","N/A","P1_PRODUCTION_EXTENSION","APPROVED_DEFERRED","NOT NULL; PRIMARY KEY"
"dataset_lineage","organization_id","BIGINT UNSIGNED","N/A","N/A","NO","N/A","NO","YES","organizations","id","P1_PRODUCTION_EXTENSION","APPROVED_DEFERRED","NOT NULL; FK organizations.id; FOREIGN KEY to organizations.id"
"dataset_lineage","description","TEXT","N/A","N/A","YES","N/A","NO","NO","N/A","N/A","P1_PRODUCTION_EXTENSION","APPROVED_DEFERRED","N/A"
"dataset_lineage","status","VARCHAR","40","N/A","NO","active","NO","NO","N/A","N/A","P1_PRODUCTION_EXTENSION","APPROVED_DEFERRED","NOT NULL; ENUM/CHECK; ENUM/CHECK common_status"
"dataset_lineage","status_changed_at","DATETIME","N/A","N/A","YES","N/A","NO","NO","N/A","N/A","P1_PRODUCTION_EXTENSION","APPROVED_DEFERRED","Required by service when status is changed"
"dataset_lineage","status_changed_by","BIGINT UNSIGNED","N/A","N/A","YES","N/A","NO","YES","user_profiles","id","P1_PRODUCTION_EXTENSION","APPROVED_DEFERRED","FK user_profiles.id; set null if user profile is removed"
"dataset_lineage","is_active","TINYINT","1","N/A","NO","1","NO","NO","N/A","N/A","P1_PRODUCTION_EXTENSION","APPROVED_DEFERRED","NOT NULL"
"dataset_lineage","created_at","TIMESTAMP","N/A","N/A","NO","CURRENT_TIMESTAMP","NO","NO","N/A","N/A","P1_PRODUCTION_EXTENSION","APPROVED_DEFERRED","NOT NULL; valid timestamp"
"dataset_lineage","created_by","BIGINT UNSIGNED","N/A","N/A","YES","N/A","NO","YES","user_profiles","id","P1_PRODUCTION_EXTENSION","APPROVED_DEFERRED","FK user_profiles.id; FOREIGN KEY to user_profiles.id"
"dataset_lineage","updated_at","TIMESTAMP","N/A","N/A","YES","CURRENT_TIMESTAMP ON UPDATE CURRENT_TIMESTAMP","NO","NO","N/A","N/A","P1_PRODUCTION_EXTENSION","APPROVED_DEFERRED","valid timestamp"
"dataset_lineage","updated_by","BIGINT UNSIGNED","N/A","N/A","YES","N/A","NO","YES","user_profiles","id","P1_PRODUCTION_EXTENSION","APPROVED_DEFERRED","FK user_profiles.id; FOREIGN KEY to user_profiles.id"
"dataset_lineage","deleted_at","TIMESTAMP","N/A","N/A","YES","N/A","NO","NO","N/A","N/A","P1_PRODUCTION_EXTENSION","APPROVED_DEFERRED","valid timestamp"
"dataset_lineage","deleted_by","BIGINT UNSIGNED","N/A","N/A","YES","N/A","NO","YES","user_profiles","id","P1_PRODUCTION_EXTENSION","APPROVED_DEFERRED","FK user_profiles.id; FOREIGN KEY to user_profiles.id"
"dataset_lineage","lineage_type","VARCHAR","80","N/A","NO","N/A","NO","NO","N/A","N/A","P1_PRODUCTION_EXTENSION","APPROVED_DEFERRED","NOT NULL"
"dataset_lineage","source_entity_id","BIGINT","N/A","N/A","NO","N/A","NO","NO","N/A","N/A","P1_PRODUCTION_EXTENSION","APPROVED_DEFERRED","NOT NULL"
"dataset_lineage","source_entity_type","VARCHAR","80","N/A","NO","N/A","NO","NO","N/A","N/A","P1_PRODUCTION_EXTENSION","APPROVED_DEFERRED","NOT NULL"
"dataset_lineage","target_entity_id","BIGINT","N/A","N/A","NO","N/A","NO","NO","N/A","N/A","P1_PRODUCTION_EXTENSION","APPROVED_DEFERRED","NOT NULL"
"dataset_lineage","target_entity_type","VARCHAR","80","N/A","NO","N/A","NO","NO","N/A","N/A","P1_PRODUCTION_EXTENSION","APPROVED_DEFERRED","NOT NULL"
"dataset_lineage","transform_summary_json","JSON","N/A","N/A","YES","N/A","NO","NO","N/A","N/A","P1_PRODUCTION_EXTENSION","APPROVED_DEFERRED","JSON_VALID"
"import_jobs","id","BIGINT UNSIGNED","N/A","N/A","NO","N/A","YES","NO","N/A","N/A","P0_CORE","APPROVED","NOT NULL; PRIMARY KEY"
"import_jobs","organization_id","BIGINT UNSIGNED","N/A","N/A","NO","N/A","NO","YES","organizations","id","P0_CORE","APPROVED","NOT NULL; FK organizations.id; FOREIGN KEY to organizations.id"
"import_jobs","branch_id","BIGINT UNSIGNED","N/A","N/A","YES","N/A","NO","YES","branches","id","P0_CORE","APPROVED","FK branches.id; nullable for organization-level records"
"import_jobs","project_id","BIGINT UNSIGNED","N/A","N/A","NO","N/A","NO","YES","bi_projects","id","P0_CORE","APPROVED","NOT NULL; FK bi_projects.id; FOREIGN KEY to bi_projects.id"
"import_jobs","description","TEXT","N/A","N/A","YES","N/A","NO","NO","N/A","N/A","P0_CORE","APPROVED","N/A"
"import_jobs","status","VARCHAR","40","N/A","NO","queued","NO","NO","N/A","N/A","P0_CORE","APPROVED","NOT NULL; ENUM/CHECK; ENUM/CHECK job_status"
"import_jobs","status_changed_at","DATETIME","N/A","N/A","YES","N/A","NO","NO","N/A","N/A","P0_CORE","APPROVED","Required by service when status is changed"
"import_jobs","status_changed_by","BIGINT UNSIGNED","N/A","N/A","YES","N/A","NO","YES","user_profiles","id","P0_CORE","APPROVED","FK user_profiles.id; set null if user profile is removed"
"import_jobs","remarks","TEXT","N/A","N/A","YES","N/A","NO","NO","N/A","N/A","P0_CORE","APPROVED","Optional free text; sanitize before display"
"import_jobs","created_at","TIMESTAMP","N/A","N/A","NO","CURRENT_TIMESTAMP","NO","NO","N/A","N/A","P0_CORE","APPROVED","NOT NULL; valid timestamp"
"import_jobs","created_by","BIGINT UNSIGNED","N/A","N/A","YES","N/A","NO","YES","user_profiles","id","P0_CORE","APPROVED","FK user_profiles.id; FOREIGN KEY to user_profiles.id"
"import_jobs","updated_at","TIMESTAMP","N/A","N/A","YES","CURRENT_TIMESTAMP ON UPDATE CURRENT_TIMESTAMP","NO","NO","N/A","N/A","P0_CORE","APPROVED","valid timestamp"
"import_jobs","updated_by","BIGINT UNSIGNED","N/A","N/A","YES","N/A","NO","YES","user_profiles","id","P0_CORE","APPROVED","FK user_profiles.id; FOREIGN KEY to user_profiles.id"
"import_jobs","deleted_at","TIMESTAMP","N/A","N/A","YES","N/A","NO","NO","N/A","N/A","P0_CORE","APPROVED","valid timestamp"
"import_jobs","deleted_by","BIGINT UNSIGNED","N/A","N/A","YES","N/A","NO","YES","user_profiles","id","P0_CORE","APPROVED","FK user_profiles.id; FOREIGN KEY to user_profiles.id"
"import_jobs","dataset_id","BIGINT UNSIGNED","N/A","N/A","YES","N/A","NO","YES","datasets","id","P0_CORE","APPROVED","FK datasets.id; FOREIGN KEY to datasets.id"
"import_jobs","delimiter","VARCHAR","10","N/A","YES","N/A","NO","NO","N/A","N/A","P0_CORE","APPROVED","N/A"
"import_jobs","finished_at","DATETIME","N/A","N/A","YES","N/A","NO","NO","N/A","N/A","P0_CORE","APPROVED","valid timestamp"
"import_jobs","invalid_rows","BIGINT","N/A","N/A","NO","0","NO","NO","N/A","N/A","P0_CORE","APPROVED","NOT NULL"
"import_jobs","source_file_id","BIGINT UNSIGNED","N/A","N/A","YES","N/A","NO","YES","files","id","P0_CORE","APPROVED","FK files.id; FOREIGN KEY to files.id"
"import_jobs","source_format","VARCHAR","40","N/A","NO","'csv'","NO","NO","N/A","N/A","P0_CORE","APPROVED","NOT NULL"
"import_jobs","started_at","DATETIME","N/A","N/A","YES","N/A","NO","NO","N/A","N/A","P0_CORE","APPROVED","valid timestamp"
"import_jobs","total_rows","BIGINT","N/A","N/A","NO","0","NO","NO","N/A","N/A","P0_CORE","APPROVED","NOT NULL"
"import_jobs","valid_rows","BIGINT","N/A","N/A","NO","0","NO","NO","N/A","N/A","P0_CORE","APPROVED","NOT NULL"
"import_job_rows","id","BIGINT UNSIGNED","N/A","N/A","NO","N/A","YES","NO","N/A","N/A","P0_CORE","APPROVED","NOT NULL; PRIMARY KEY"
"import_job_rows","organization_id","BIGINT UNSIGNED","N/A","N/A","NO","N/A","NO","YES","organizations","id","P0_CORE","APPROVED","NOT NULL; FK organizations.id; FOREIGN KEY to organizations.id"
"import_job_rows","description","TEXT","N/A","N/A","YES","N/A","NO","NO","N/A","N/A","P0_CORE","APPROVED","N/A"
"import_job_rows","status","VARCHAR","40","N/A","NO","queued","NO","NO","N/A","N/A","P0_CORE","APPROVED","NOT NULL; ENUM/CHECK; ENUM/CHECK job_status"
"import_job_rows","status_changed_at","DATETIME","N/A","N/A","YES","N/A","NO","NO","N/A","N/A","P0_CORE","APPROVED","Required by service when status is changed"
"import_job_rows","status_changed_by","BIGINT UNSIGNED","N/A","N/A","YES","N/A","NO","YES","user_profiles","id","P0_CORE","APPROVED","FK user_profiles.id; set null if user profile is removed"
"import_job_rows","created_at","TIMESTAMP","N/A","N/A","NO","CURRENT_TIMESTAMP","NO","NO","N/A","N/A","P0_CORE","APPROVED","NOT NULL; valid timestamp"
"import_job_rows","created_by","BIGINT UNSIGNED","N/A","N/A","YES","N/A","NO","YES","user_profiles","id","P0_CORE","APPROVED","FK user_profiles.id; FOREIGN KEY to user_profiles.id"
"import_job_rows","updated_at","TIMESTAMP","N/A","N/A","YES","CURRENT_TIMESTAMP ON UPDATE CURRENT_TIMESTAMP","NO","NO","N/A","N/A","P0_CORE","APPROVED","valid timestamp"
"import_job_rows","updated_by","BIGINT UNSIGNED","N/A","N/A","YES","N/A","NO","YES","user_profiles","id","P0_CORE","APPROVED","FK user_profiles.id; FOREIGN KEY to user_profiles.id"
"import_job_rows","import_job_id","BIGINT UNSIGNED","N/A","N/A","NO","N/A","NO","YES","import_jobs","id","P0_CORE","APPROVED","NOT NULL; FK import_jobs.id; FOREIGN KEY to import_jobs.id"
"import_job_rows","parsed_row_json","JSON","N/A","N/A","YES","N/A","NO","NO","N/A","N/A","P0_CORE","APPROVED","JSON_VALID"
"import_job_rows","raw_row_json","JSON","N/A","N/A","NO","N/A","NO","NO","N/A","N/A","P0_CORE","APPROVED","NOT NULL; JSON_VALID"
"import_job_rows","row_hash","VARCHAR","128","N/A","YES","N/A","NO","NO","N/A","N/A","P0_CORE","APPROVED","N/A"
"import_job_rows","row_number","BIGINT","N/A","N/A","NO","N/A","NO","NO","N/A","N/A","P0_CORE","APPROVED","NOT NULL"
"import_errors","id","BIGINT UNSIGNED","N/A","N/A","NO","N/A","YES","NO","N/A","N/A","P0_CORE","APPROVED","NOT NULL; PRIMARY KEY"
"import_errors","organization_id","BIGINT UNSIGNED","N/A","N/A","NO","N/A","NO","YES","organizations","id","P0_CORE","APPROVED","NOT NULL; FK organizations.id; FOREIGN KEY to organizations.id"
"import_errors","description","TEXT","N/A","N/A","YES","N/A","NO","NO","N/A","N/A","P0_CORE","APPROVED","N/A"
"import_errors","status","VARCHAR","40","N/A","NO","error","NO","NO","N/A","N/A","P0_CORE","APPROVED","NOT NULL; ENUM/CHECK; ENUM/CHECK severity_level"
"import_errors","status_changed_at","DATETIME","N/A","N/A","YES","N/A","NO","NO","N/A","N/A","P0_CORE","APPROVED","Required by service when status is changed"
"import_errors","status_changed_by","BIGINT UNSIGNED","N/A","N/A","YES","N/A","NO","YES","user_profiles","id","P0_CORE","APPROVED","FK user_profiles.id; set null if user profile is removed"
"import_errors","remarks","TEXT","N/A","N/A","YES","N/A","NO","NO","N/A","N/A","P0_CORE","APPROVED","Optional free text; sanitize before display"
"import_errors","created_at","TIMESTAMP","N/A","N/A","NO","CURRENT_TIMESTAMP","NO","NO","N/A","N/A","P0_CORE","APPROVED","NOT NULL; valid timestamp"
"import_errors","created_by","BIGINT UNSIGNED","N/A","N/A","YES","N/A","NO","YES","user_profiles","id","P0_CORE","APPROVED","FK user_profiles.id; FOREIGN KEY to user_profiles.id"
"import_errors","updated_at","TIMESTAMP","N/A","N/A","YES","CURRENT_TIMESTAMP ON UPDATE CURRENT_TIMESTAMP","NO","NO","N/A","N/A","P0_CORE","APPROVED","valid timestamp"
"import_errors","updated_by","BIGINT UNSIGNED","N/A","N/A","YES","N/A","NO","YES","user_profiles","id","P0_CORE","APPROVED","FK user_profiles.id; FOREIGN KEY to user_profiles.id"
"import_errors","column_name","VARCHAR","180","N/A","YES","N/A","NO","NO","N/A","N/A","P0_CORE","APPROVED","N/A"
"import_errors","context_json","JSON","N/A","N/A","YES","N/A","NO","NO","N/A","N/A","P0_CORE","APPROVED","JSON_VALID"
"import_errors","error_code","VARCHAR","80","N/A","NO","N/A","NO","NO","N/A","N/A","P0_CORE","APPROVED","NOT NULL"
"import_errors","error_message","TEXT","N/A","N/A","NO","N/A","NO","NO","N/A","N/A","P0_CORE","APPROVED","NOT NULL"
"import_errors","import_job_id","BIGINT UNSIGNED","N/A","N/A","NO","N/A","NO","YES","import_jobs","id","P0_CORE","APPROVED","NOT NULL; FK import_jobs.id; FOREIGN KEY to import_jobs.id"
"import_errors","import_job_row_id","BIGINT UNSIGNED","N/A","N/A","YES","N/A","NO","YES","import_job_rows","id","P0_CORE","APPROVED","FK import_job_rows.id; FOREIGN KEY to import_job_rows.id"
"sql_queries","id","BIGINT UNSIGNED","N/A","N/A","NO","N/A","YES","NO","N/A","N/A","P0_CORE","APPROVED","NOT NULL; PRIMARY KEY"
"sql_queries","organization_id","BIGINT UNSIGNED","N/A","N/A","NO","N/A","NO","YES","organizations","id","P0_CORE","APPROVED","NOT NULL; FK organizations.id; FOREIGN KEY to organizations.id"
"sql_queries","branch_id","BIGINT UNSIGNED","N/A","N/A","YES","N/A","NO","YES","branches","id","P0_CORE","APPROVED","FK branches.id; nullable for organization-level records"
"sql_queries","project_id","BIGINT UNSIGNED","N/A","N/A","NO","N/A","NO","YES","bi_projects","id","P0_CORE","APPROVED","NOT NULL; FK bi_projects.id; FOREIGN KEY to bi_projects.id"
"sql_queries","name","VARCHAR","180","N/A","NO","N/A","NO","NO","N/A","N/A","P0_CORE","APPROVED","NOT NULL"
"sql_queries","description","TEXT","N/A","N/A","YES","N/A","NO","NO","N/A","N/A","P0_CORE","APPROVED","N/A"
"sql_queries","status","VARCHAR","40","N/A","NO","active","NO","NO","N/A","N/A","P0_CORE","APPROVED","NOT NULL; ENUM/CHECK; ENUM/CHECK common_status"
"sql_queries","status_changed_at","DATETIME","N/A","N/A","YES","N/A","NO","NO","N/A","N/A","P0_CORE","APPROVED","Required by service when status is changed"
"sql_queries","status_changed_by","BIGINT UNSIGNED","N/A","N/A","YES","N/A","NO","YES","user_profiles","id","P0_CORE","APPROVED","FK user_profiles.id; set null if user profile is removed"
"sql_queries","is_active","TINYINT","1","N/A","NO","1","NO","NO","N/A","N/A","P0_CORE","APPROVED","NOT NULL"
"sql_queries","metadata_json","JSON","N/A","N/A","YES","N/A","NO","NO","N/A","N/A","P0_CORE","APPROVED","JSON_VALID"
"sql_queries","created_at","TIMESTAMP","N/A","N/A","NO","CURRENT_TIMESTAMP","NO","NO","N/A","N/A","P0_CORE","APPROVED","NOT NULL; valid timestamp"
"sql_queries","created_by","BIGINT UNSIGNED","N/A","N/A","YES","N/A","NO","YES","user_profiles","id","P0_CORE","APPROVED","FK user_profiles.id; FOREIGN KEY to user_profiles.id"
"sql_queries","updated_at","TIMESTAMP","N/A","N/A","YES","CURRENT_TIMESTAMP ON UPDATE CURRENT_TIMESTAMP","NO","NO","N/A","N/A","P0_CORE","APPROVED","valid timestamp"
"sql_queries","updated_by","BIGINT UNSIGNED","N/A","N/A","YES","N/A","NO","YES","user_profiles","id","P0_CORE","APPROVED","FK user_profiles.id; FOREIGN KEY to user_profiles.id"
"sql_queries","deleted_at","TIMESTAMP","N/A","N/A","YES","N/A","NO","NO","N/A","N/A","P0_CORE","APPROVED","valid timestamp"
"sql_queries","deleted_by","BIGINT UNSIGNED","N/A","N/A","YES","N/A","NO","YES","user_profiles","id","P0_CORE","APPROVED","FK user_profiles.id; FOREIGN KEY to user_profiles.id"
"sql_queries","connection_id","BIGINT UNSIGNED","N/A","N/A","YES","N/A","NO","YES","data_source_connections","id","P0_CORE","APPROVED","FK data_source_connections.id; FOREIGN KEY to data_source_connections.id"
"sql_queries","dataset_id","BIGINT UNSIGNED","N/A","N/A","YES","N/A","NO","YES","datasets","id","P0_CORE","APPROVED","FK datasets.id; FOREIGN KEY to datasets.id"
"sql_queries","is_validated","TINYINT","1","N/A","NO","0","NO","NO","N/A","N/A","P0_CORE","APPROVED","NOT NULL"
"sql_queries","query_mode","VARCHAR","40","N/A","NO","'custom'","NO","NO","N/A","N/A","P0_CORE","APPROVED","NOT NULL"
"sql_queries","sql_text","TEXT","N/A","N/A","NO","N/A","NO","NO","N/A","N/A","P0_CORE","APPROVED","NOT NULL"
"sql_query_versions","id","BIGINT UNSIGNED","N/A","N/A","NO","N/A","YES","NO","N/A","N/A","P1_PRODUCTION_EXTENSION","APPROVED_DEFERRED","NOT NULL; PRIMARY KEY"
"sql_query_versions","organization_id","BIGINT UNSIGNED","N/A","N/A","NO","N/A","NO","YES","organizations","id","P1_PRODUCTION_EXTENSION","APPROVED_DEFERRED","NOT NULL; FK organizations.id; FOREIGN KEY to organizations.id"
"sql_query_versions","description","TEXT","N/A","N/A","YES","N/A","NO","NO","N/A","N/A","P1_PRODUCTION_EXTENSION","APPROVED_DEFERRED","N/A"
"sql_query_versions","created_at","TIMESTAMP","N/A","N/A","NO","CURRENT_TIMESTAMP","NO","NO","N/A","N/A","P1_PRODUCTION_EXTENSION","APPROVED_DEFERRED","NOT NULL; valid timestamp"
"sql_query_versions","created_by","BIGINT UNSIGNED","N/A","N/A","YES","N/A","NO","YES","user_profiles","id","P1_PRODUCTION_EXTENSION","APPROVED_DEFERRED","FK user_profiles.id; FOREIGN KEY to user_profiles.id"
"sql_query_versions","updated_at","TIMESTAMP","N/A","N/A","YES","CURRENT_TIMESTAMP ON UPDATE CURRENT_TIMESTAMP","NO","NO","N/A","N/A","P1_PRODUCTION_EXTENSION","APPROVED_DEFERRED","valid timestamp"
"sql_query_versions","updated_by","BIGINT UNSIGNED","N/A","N/A","YES","N/A","NO","YES","user_profiles","id","P1_PRODUCTION_EXTENSION","APPROVED_DEFERRED","FK user_profiles.id; FOREIGN KEY to user_profiles.id"
"sql_query_versions","change_reason","VARCHAR","240","N/A","YES","N/A","NO","NO","N/A","N/A","P1_PRODUCTION_EXTENSION","APPROVED_DEFERRED","N/A"
"sql_query_versions","sql_query_id","BIGINT UNSIGNED","N/A","N/A","NO","N/A","NO","YES","sql_queries","id","P1_PRODUCTION_EXTENSION","APPROVED_DEFERRED","NOT NULL; FK sql_queries.id; FOREIGN KEY to sql_queries.id"
"sql_query_versions","sql_text","TEXT","N/A","N/A","NO","N/A","NO","NO","N/A","N/A","P1_PRODUCTION_EXTENSION","APPROVED_DEFERRED","NOT NULL"
"sql_query_versions","version_no","INT","N/A","N/A","NO","N/A","NO","NO","N/A","N/A","P1_PRODUCTION_EXTENSION","APPROVED_DEFERRED","NOT NULL"
"sql_query_runs","id","BIGINT UNSIGNED","N/A","N/A","NO","N/A","YES","NO","N/A","N/A","P0_CORE","APPROVED","NOT NULL; PRIMARY KEY"
"sql_query_runs","organization_id","BIGINT UNSIGNED","N/A","N/A","NO","N/A","NO","YES","organizations","id","P0_CORE","APPROVED","NOT NULL; FK organizations.id; FOREIGN KEY to organizations.id"
"sql_query_runs","description","TEXT","N/A","N/A","YES","N/A","NO","NO","N/A","N/A","P0_CORE","APPROVED","N/A"
"sql_query_runs","status","VARCHAR","40","N/A","NO","queued","NO","NO","N/A","N/A","P0_CORE","APPROVED","NOT NULL; ENUM/CHECK; ENUM/CHECK job_status"
"sql_query_runs","status_changed_at","DATETIME","N/A","N/A","YES","N/A","NO","NO","N/A","N/A","P0_CORE","APPROVED","Required by service when status is changed"
"sql_query_runs","status_changed_by","BIGINT UNSIGNED","N/A","N/A","YES","N/A","NO","YES","user_profiles","id","P0_CORE","APPROVED","FK user_profiles.id; set null if user profile is removed"
"sql_query_runs","metadata_json","JSON","N/A","N/A","YES","N/A","NO","NO","N/A","N/A","P0_CORE","APPROVED","JSON_VALID"
"sql_query_runs","created_at","TIMESTAMP","N/A","N/A","NO","CURRENT_TIMESTAMP","NO","NO","N/A","N/A","P0_CORE","APPROVED","NOT NULL; valid timestamp"
"sql_query_runs","created_by","BIGINT UNSIGNED","N/A","N/A","YES","N/A","NO","YES","user_profiles","id","P0_CORE","APPROVED","FK user_profiles.id; FOREIGN KEY to user_profiles.id"
"sql_query_runs","updated_at","TIMESTAMP","N/A","N/A","YES","CURRENT_TIMESTAMP ON UPDATE CURRENT_TIMESTAMP","NO","NO","N/A","N/A","P0_CORE","APPROVED","valid timestamp"
"sql_query_runs","updated_by","BIGINT UNSIGNED","N/A","N/A","YES","N/A","NO","YES","user_profiles","id","P0_CORE","APPROVED","FK user_profiles.id; FOREIGN KEY to user_profiles.id"
"sql_query_runs","connection_id","BIGINT UNSIGNED","N/A","N/A","YES","N/A","NO","YES","data_source_connections","id","P0_CORE","APPROVED","FK data_source_connections.id; FOREIGN KEY to data_source_connections.id"
"sql_query_runs","error_message","TEXT","N/A","N/A","YES","N/A","NO","NO","N/A","N/A","P0_CORE","APPROVED","N/A"
"sql_query_runs","executed_at","DATETIME","N/A","N/A","NO","N/A","NO","NO","N/A","N/A","P0_CORE","APPROVED","NOT NULL; valid timestamp"
"sql_query_runs","executed_sql","TEXT","N/A","N/A","NO","N/A","NO","NO","N/A","N/A","P0_CORE","APPROVED","NOT NULL"
"sql_query_runs","execution_ms","INT","N/A","N/A","YES","N/A","NO","NO","N/A","N/A","P0_CORE","APPROVED","N/A"
"sql_query_runs","row_count","BIGINT","N/A","N/A","NO","0","NO","NO","N/A","N/A","P0_CORE","APPROVED","NOT NULL; non-negative where business rule applies"
"sql_query_runs","sql_query_id","BIGINT UNSIGNED","N/A","N/A","YES","N/A","NO","YES","sql_queries","id","P0_CORE","APPROVED","FK sql_queries.id; FOREIGN KEY to sql_queries.id"
"sql_query_results","id","BIGINT UNSIGNED","N/A","N/A","NO","N/A","YES","NO","N/A","N/A","P0_CORE","APPROVED","NOT NULL; PRIMARY KEY"
"sql_query_results","organization_id","BIGINT UNSIGNED","N/A","N/A","NO","N/A","NO","YES","organizations","id","P0_CORE","APPROVED","NOT NULL; FK organizations.id; FOREIGN KEY to organizations.id"
"sql_query_results","description","TEXT","N/A","N/A","YES","N/A","NO","NO","N/A","N/A","P0_CORE","APPROVED","N/A"
"sql_query_results","created_at","TIMESTAMP","N/A","N/A","NO","CURRENT_TIMESTAMP","NO","NO","N/A","N/A","P0_CORE","APPROVED","NOT NULL; valid timestamp"
"sql_query_results","created_by","BIGINT UNSIGNED","N/A","N/A","YES","N/A","NO","YES","user_profiles","id","P0_CORE","APPROVED","FK user_profiles.id; FOREIGN KEY to user_profiles.id"
"sql_query_results","updated_at","TIMESTAMP","N/A","N/A","YES","CURRENT_TIMESTAMP ON UPDATE CURRENT_TIMESTAMP","NO","NO","N/A","N/A","P0_CORE","APPROVED","valid timestamp"
"sql_query_results","updated_by","BIGINT UNSIGNED","N/A","N/A","YES","N/A","NO","YES","user_profiles","id","P0_CORE","APPROVED","FK user_profiles.id; FOREIGN KEY to user_profiles.id"
"sql_query_results","column_count","INT","N/A","N/A","NO","0","NO","NO","N/A","N/A","P0_CORE","APPROVED","NOT NULL; non-negative where business rule applies"
"sql_query_results","expires_at","DATETIME","N/A","N/A","YES","N/A","NO","NO","N/A","N/A","P0_CORE","APPROVED","valid timestamp"
"sql_query_results","query_run_id","BIGINT UNSIGNED","N/A","N/A","NO","N/A","NO","YES","sql_query_runs","id","P0_CORE","APPROVED","NOT NULL; FK sql_query_runs.id; FOREIGN KEY to sql_query_runs.id"
"sql_query_results","result_hash","VARCHAR","128","N/A","YES","N/A","NO","NO","N/A","N/A","P0_CORE","APPROVED","N/A"
"sql_query_results","row_count","BIGINT","N/A","N/A","NO","0","NO","NO","N/A","N/A","P0_CORE","APPROVED","NOT NULL; non-negative where business rule applies"
"sql_query_result_columns","id","BIGINT UNSIGNED","N/A","N/A","NO","N/A","YES","NO","N/A","N/A","P0_CORE","APPROVED","NOT NULL; PRIMARY KEY"
"sql_query_result_columns","organization_id","BIGINT UNSIGNED","N/A","N/A","NO","N/A","NO","YES","organizations","id","P0_CORE","APPROVED","NOT NULL; FK organizations.id; FOREIGN KEY to organizations.id"
"sql_query_result_columns","description","TEXT","N/A","N/A","YES","N/A","NO","NO","N/A","N/A","P0_CORE","APPROVED","N/A"
"sql_query_result_columns","status","VARCHAR","40","N/A","NO","active","NO","NO","N/A","N/A","P0_CORE","APPROVED","NOT NULL; ENUM/CHECK; ENUM/CHECK common_status"
"sql_query_result_columns","status_changed_at","DATETIME","N/A","N/A","YES","N/A","NO","NO","N/A","N/A","P0_CORE","APPROVED","Required by service when status is changed"
"sql_query_result_columns","status_changed_by","BIGINT UNSIGNED","N/A","N/A","YES","N/A","NO","YES","user_profiles","id","P0_CORE","APPROVED","FK user_profiles.id; set null if user profile is removed"
"sql_query_result_columns","is_active","TINYINT","1","N/A","NO","1","NO","NO","N/A","N/A","P0_CORE","APPROVED","NOT NULL"
"sql_query_result_columns","created_at","TIMESTAMP","N/A","N/A","NO","CURRENT_TIMESTAMP","NO","NO","N/A","N/A","P0_CORE","APPROVED","NOT NULL; valid timestamp"
"sql_query_result_columns","created_by","BIGINT UNSIGNED","N/A","N/A","YES","N/A","NO","YES","user_profiles","id","P0_CORE","APPROVED","FK user_profiles.id; FOREIGN KEY to user_profiles.id"
"sql_query_result_columns","updated_at","TIMESTAMP","N/A","N/A","YES","CURRENT_TIMESTAMP ON UPDATE CURRENT_TIMESTAMP","NO","NO","N/A","N/A","P0_CORE","APPROVED","valid timestamp"
"sql_query_result_columns","updated_by","BIGINT UNSIGNED","N/A","N/A","YES","N/A","NO","YES","user_profiles","id","P0_CORE","APPROVED","FK user_profiles.id; FOREIGN KEY to user_profiles.id"
"sql_query_result_columns","column_name","VARCHAR","180","N/A","NO","N/A","NO","NO","N/A","N/A","P0_CORE","APPROVED","NOT NULL"
"sql_query_result_columns","field_type","VARCHAR","40","N/A","NO","N/A","NO","NO","N/A","N/A","P0_CORE","APPROVED","NOT NULL; ENUM/CHECK; ENUM/CHECK field_type"
"sql_query_result_columns","ordinal_position","INT","N/A","N/A","NO","N/A","NO","NO","N/A","N/A","P0_CORE","APPROVED","NOT NULL"
"sql_query_result_columns","profile_json","JSON","N/A","N/A","YES","N/A","NO","NO","N/A","N/A","P0_CORE","APPROVED","JSON_VALID"
"sql_query_result_columns","query_result_id","BIGINT UNSIGNED","N/A","N/A","NO","N/A","NO","YES","sql_query_results","id","P0_CORE","APPROVED","NOT NULL; FK sql_query_results.id; FOREIGN KEY to sql_query_results.id"
"sql_query_result_rows","id","BIGINT UNSIGNED","N/A","N/A","NO","N/A","YES","NO","N/A","N/A","P0_CORE","APPROVED","NOT NULL; PRIMARY KEY"
"sql_query_result_rows","organization_id","BIGINT UNSIGNED","N/A","N/A","NO","N/A","NO","YES","organizations","id","P0_CORE","APPROVED","NOT NULL; FK organizations.id; FOREIGN KEY to organizations.id"
"sql_query_result_rows","description","TEXT","N/A","N/A","YES","N/A","NO","NO","N/A","N/A","P0_CORE","APPROVED","N/A"
"sql_query_result_rows","status","VARCHAR","40","N/A","NO","active","NO","NO","N/A","N/A","P0_CORE","APPROVED","NOT NULL; ENUM/CHECK; ENUM/CHECK common_status"
"sql_query_result_rows","status_changed_at","DATETIME","N/A","N/A","YES","N/A","NO","NO","N/A","N/A","P0_CORE","APPROVED","Required by service when status is changed"
"sql_query_result_rows","status_changed_by","BIGINT UNSIGNED","N/A","N/A","YES","N/A","NO","YES","user_profiles","id","P0_CORE","APPROVED","FK user_profiles.id; set null if user profile is removed"
"sql_query_result_rows","is_active","TINYINT","1","N/A","NO","1","NO","NO","N/A","N/A","P0_CORE","APPROVED","NOT NULL"
"sql_query_result_rows","created_at","TIMESTAMP","N/A","N/A","NO","CURRENT_TIMESTAMP","NO","NO","N/A","N/A","P0_CORE","APPROVED","NOT NULL; valid timestamp"
"sql_query_result_rows","created_by","BIGINT UNSIGNED","N/A","N/A","YES","N/A","NO","YES","user_profiles","id","P0_CORE","APPROVED","FK user_profiles.id; FOREIGN KEY to user_profiles.id"
"sql_query_result_rows","updated_at","TIMESTAMP","N/A","N/A","YES","CURRENT_TIMESTAMP ON UPDATE CURRENT_TIMESTAMP","NO","NO","N/A","N/A","P0_CORE","APPROVED","valid timestamp"
"sql_query_result_rows","updated_by","BIGINT UNSIGNED","N/A","N/A","YES","N/A","NO","YES","user_profiles","id","P0_CORE","APPROVED","FK user_profiles.id; FOREIGN KEY to user_profiles.id"
"sql_query_result_rows","query_result_id","BIGINT UNSIGNED","N/A","N/A","NO","N/A","NO","YES","sql_query_results","id","P0_CORE","APPROVED","NOT NULL; FK sql_query_results.id; FOREIGN KEY to sql_query_results.id"
"sql_query_result_rows","row_json","JSON","N/A","N/A","NO","N/A","NO","NO","N/A","N/A","P0_CORE","APPROVED","NOT NULL; JSON_VALID"
"sql_query_result_rows","row_number","BIGINT","N/A","N/A","NO","N/A","NO","NO","N/A","N/A","P0_CORE","APPROVED","NOT NULL"
"sql_query_saved_parameters","id","BIGINT UNSIGNED","N/A","N/A","NO","N/A","YES","NO","N/A","N/A","P1_PRODUCTION_EXTENSION","APPROVED_DEFERRED","NOT NULL; PRIMARY KEY"
"sql_query_saved_parameters","organization_id","BIGINT UNSIGNED","N/A","N/A","NO","N/A","NO","YES","organizations","id","P1_PRODUCTION_EXTENSION","APPROVED_DEFERRED","NOT NULL; FK organizations.id; FOREIGN KEY to organizations.id"
"sql_query_saved_parameters","description","TEXT","N/A","N/A","YES","N/A","NO","NO","N/A","N/A","P1_PRODUCTION_EXTENSION","APPROVED_DEFERRED","N/A"
"sql_query_saved_parameters","status","VARCHAR","40","N/A","NO","active","NO","NO","N/A","N/A","P1_PRODUCTION_EXTENSION","APPROVED_DEFERRED","NOT NULL; ENUM/CHECK; ENUM/CHECK common_status"
"sql_query_saved_parameters","status_changed_at","DATETIME","N/A","N/A","YES","N/A","NO","NO","N/A","N/A","P1_PRODUCTION_EXTENSION","APPROVED_DEFERRED","Required by service when status is changed"
"sql_query_saved_parameters","status_changed_by","BIGINT UNSIGNED","N/A","N/A","YES","N/A","NO","YES","user_profiles","id","P1_PRODUCTION_EXTENSION","APPROVED_DEFERRED","FK user_profiles.id; set null if user profile is removed"
"sql_query_saved_parameters","is_active","TINYINT","1","N/A","NO","1","NO","NO","N/A","N/A","P1_PRODUCTION_EXTENSION","APPROVED_DEFERRED","NOT NULL"
"sql_query_saved_parameters","created_at","TIMESTAMP","N/A","N/A","NO","CURRENT_TIMESTAMP","NO","NO","N/A","N/A","P1_PRODUCTION_EXTENSION","APPROVED_DEFERRED","NOT NULL; valid timestamp"
"sql_query_saved_parameters","created_by","BIGINT UNSIGNED","N/A","N/A","YES","N/A","NO","YES","user_profiles","id","P1_PRODUCTION_EXTENSION","APPROVED_DEFERRED","FK user_profiles.id; FOREIGN KEY to user_profiles.id"
"sql_query_saved_parameters","updated_at","TIMESTAMP","N/A","N/A","YES","CURRENT_TIMESTAMP ON UPDATE CURRENT_TIMESTAMP","NO","NO","N/A","N/A","P1_PRODUCTION_EXTENSION","APPROVED_DEFERRED","valid timestamp"
"sql_query_saved_parameters","updated_by","BIGINT UNSIGNED","N/A","N/A","YES","N/A","NO","YES","user_profiles","id","P1_PRODUCTION_EXTENSION","APPROVED_DEFERRED","FK user_profiles.id; FOREIGN KEY to user_profiles.id"
"sql_query_saved_parameters","deleted_at","TIMESTAMP","N/A","N/A","YES","N/A","NO","NO","N/A","N/A","P1_PRODUCTION_EXTENSION","APPROVED_DEFERRED","valid timestamp"
"sql_query_saved_parameters","deleted_by","BIGINT UNSIGNED","N/A","N/A","YES","N/A","NO","YES","user_profiles","id","P1_PRODUCTION_EXTENSION","APPROVED_DEFERRED","FK user_profiles.id; FOREIGN KEY to user_profiles.id"
"sql_query_saved_parameters","default_value_json","JSON","N/A","N/A","YES","N/A","NO","NO","N/A","N/A","P1_PRODUCTION_EXTENSION","APPROVED_DEFERRED","JSON_VALID"
"sql_query_saved_parameters","field_type","VARCHAR","40","N/A","NO","N/A","NO","NO","N/A","N/A","P1_PRODUCTION_EXTENSION","APPROVED_DEFERRED","NOT NULL; ENUM/CHECK; ENUM/CHECK field_type"
"sql_query_saved_parameters","is_required","TINYINT","1","N/A","NO","1","NO","NO","N/A","N/A","P1_PRODUCTION_EXTENSION","APPROVED_DEFERRED","NOT NULL"
"sql_query_saved_parameters","parameter_name","VARCHAR","120","N/A","NO","N/A","NO","NO","N/A","N/A","P1_PRODUCTION_EXTENSION","APPROVED_DEFERRED","NOT NULL"
"sql_query_saved_parameters","sql_query_id","BIGINT UNSIGNED","N/A","N/A","NO","N/A","NO","YES","sql_queries","id","P1_PRODUCTION_EXTENSION","APPROVED_DEFERRED","NOT NULL; FK sql_queries.id; FOREIGN KEY to sql_queries.id"
"dashboard_share_links","id","BIGINT UNSIGNED","N/A","N/A","NO","N/A","YES","NO","N/A","N/A","P0_CORE","APPROVED","NOT NULL; PRIMARY KEY"
"dashboard_share_links","organization_id","BIGINT UNSIGNED","N/A","N/A","NO","N/A","NO","YES","organizations","id","P0_CORE","APPROVED","NOT NULL; FK organizations.id; FOREIGN KEY to organizations.id"
"dashboard_share_links","branch_id","BIGINT UNSIGNED","N/A","N/A","YES","N/A","NO","YES","branches","id","P0_CORE","APPROVED","FK branches.id; nullable for organization-level records"
"dashboard_share_links","dashboard_id","BIGINT UNSIGNED","N/A","N/A","NO","N/A","NO","YES","bi_dashboards","id","P0_CORE","APPROVED","NOT NULL; FK bi_dashboards.id; FOREIGN KEY to bi_dashboards.id"
"dashboard_share_links","description","TEXT","N/A","N/A","YES","N/A","NO","NO","N/A","N/A","P0_CORE","APPROVED","N/A"
"dashboard_share_links","status","VARCHAR","40","N/A","NO","active","NO","NO","N/A","N/A","P0_CORE","APPROVED","NOT NULL; ENUM/CHECK; ENUM/CHECK share_status"
"dashboard_share_links","status_changed_at","DATETIME","N/A","N/A","YES","N/A","NO","NO","N/A","N/A","P0_CORE","APPROVED","Required by service when status is changed"
"dashboard_share_links","status_changed_by","BIGINT UNSIGNED","N/A","N/A","YES","N/A","NO","YES","user_profiles","id","P0_CORE","APPROVED","FK user_profiles.id; set null if user profile is removed"
"dashboard_share_links","is_active","TINYINT","1","N/A","NO","1","NO","NO","N/A","N/A","P0_CORE","APPROVED","NOT NULL"
"dashboard_share_links","metadata_json","JSON","N/A","N/A","YES","N/A","NO","NO","N/A","N/A","P0_CORE","APPROVED","JSON_VALID"
"dashboard_share_links","created_at","TIMESTAMP","N/A","N/A","NO","CURRENT_TIMESTAMP","NO","NO","N/A","N/A","P0_CORE","APPROVED","NOT NULL; valid timestamp"
"dashboard_share_links","created_by","BIGINT UNSIGNED","N/A","N/A","YES","N/A","NO","YES","user_profiles","id","P0_CORE","APPROVED","FK user_profiles.id; FOREIGN KEY to user_profiles.id"
"dashboard_share_links","updated_at","TIMESTAMP","N/A","N/A","YES","CURRENT_TIMESTAMP ON UPDATE CURRENT_TIMESTAMP","NO","NO","N/A","N/A","P0_CORE","APPROVED","valid timestamp"
"dashboard_share_links","updated_by","BIGINT UNSIGNED","N/A","N/A","YES","N/A","NO","YES","user_profiles","id","P0_CORE","APPROVED","FK user_profiles.id; FOREIGN KEY to user_profiles.id"
"dashboard_share_links","deleted_at","TIMESTAMP","N/A","N/A","YES","N/A","NO","NO","N/A","N/A","P0_CORE","APPROVED","valid timestamp"
"dashboard_share_links","deleted_by","BIGINT UNSIGNED","N/A","N/A","YES","N/A","NO","YES","user_profiles","id","P0_CORE","APPROVED","FK user_profiles.id; FOREIGN KEY to user_profiles.id"
"dashboard_share_links","access_level","VARCHAR","40","N/A","NO","'public'","NO","NO","N/A","N/A","P0_CORE","APPROVED","NOT NULL"
"dashboard_share_links","allowed_origin_json","JSON","N/A","N/A","YES","N/A","NO","NO","N/A","N/A","P0_CORE","APPROVED","JSON_VALID"
"dashboard_share_links","expires_at","DATETIME","N/A","N/A","YES","N/A","NO","NO","N/A","N/A","P0_CORE","APPROVED","valid timestamp"
"dashboard_share_links","max_views","INT","N/A","N/A","YES","N/A","NO","NO","N/A","N/A","P0_CORE","APPROVED","N/A"
"dashboard_share_links","revoked_at","DATETIME","N/A","N/A","YES","N/A","NO","NO","N/A","N/A","P0_CORE","APPROVED","valid timestamp"
"dashboard_share_links","revoked_by","BIGINT UNSIGNED","N/A","N/A","YES","N/A","NO","YES","user_profiles","id","P0_CORE","APPROVED","FK user_profiles.id; FOREIGN KEY to user_profiles.id"
"dashboard_share_links","share_mode","VARCHAR","40","N/A","NO","'dashboard-readonly'","NO","NO","N/A","N/A","P0_CORE","APPROVED","NOT NULL; ENUM/CHECK; ENUM/CHECK share_mode"
"dashboard_share_links","share_token_hash","VARCHAR","128","N/A","NO","N/A","NO","NO","N/A","N/A","P0_CORE","APPROVED","NOT NULL"
"dashboard_share_snapshots","id","BIGINT UNSIGNED","N/A","N/A","NO","N/A","YES","NO","N/A","N/A","P0_CORE","APPROVED","NOT NULL; PRIMARY KEY"
"dashboard_share_snapshots","organization_id","BIGINT UNSIGNED","N/A","N/A","NO","N/A","NO","YES","organizations","id","P0_CORE","APPROVED","NOT NULL; FK organizations.id; FOREIGN KEY to organizations.id"
"dashboard_share_snapshots","description","TEXT","N/A","N/A","YES","N/A","NO","NO","N/A","N/A","P0_CORE","APPROVED","N/A"
"dashboard_share_snapshots","status","VARCHAR","40","N/A","NO","active","NO","NO","N/A","N/A","P0_CORE","APPROVED","NOT NULL; ENUM/CHECK; ENUM/CHECK common_status"
"dashboard_share_snapshots","status_changed_at","DATETIME","N/A","N/A","YES","N/A","NO","NO","N/A","N/A","P0_CORE","APPROVED","Required by service when status is changed"
"dashboard_share_snapshots","status_changed_by","BIGINT UNSIGNED","N/A","N/A","YES","N/A","NO","YES","user_profiles","id","P0_CORE","APPROVED","FK user_profiles.id; set null if user profile is removed"
"dashboard_share_snapshots","is_active","TINYINT","1","N/A","NO","1","NO","NO","N/A","N/A","P0_CORE","APPROVED","NOT NULL"
"dashboard_share_snapshots","metadata_json","JSON","N/A","N/A","YES","N/A","NO","NO","N/A","N/A","P0_CORE","APPROVED","JSON_VALID"
"dashboard_share_snapshots","created_at","TIMESTAMP","N/A","N/A","NO","CURRENT_TIMESTAMP","NO","NO","N/A","N/A","P0_CORE","APPROVED","NOT NULL; valid timestamp"
"dashboard_share_snapshots","created_by","BIGINT UNSIGNED","N/A","N/A","YES","N/A","NO","YES","user_profiles","id","P0_CORE","APPROVED","FK user_profiles.id; FOREIGN KEY to user_profiles.id"
"dashboard_share_snapshots","updated_at","TIMESTAMP","N/A","N/A","YES","CURRENT_TIMESTAMP ON UPDATE CURRENT_TIMESTAMP","NO","NO","N/A","N/A","P0_CORE","APPROVED","valid timestamp"
"dashboard_share_snapshots","updated_by","BIGINT UNSIGNED","N/A","N/A","YES","N/A","NO","YES","user_profiles","id","P0_CORE","APPROVED","FK user_profiles.id; FOREIGN KEY to user_profiles.id"
"dashboard_share_snapshots","deleted_at","TIMESTAMP","N/A","N/A","YES","N/A","NO","NO","N/A","N/A","P0_CORE","APPROVED","valid timestamp"
"dashboard_share_snapshots","deleted_by","BIGINT UNSIGNED","N/A","N/A","YES","N/A","NO","YES","user_profiles","id","P0_CORE","APPROVED","FK user_profiles.id; FOREIGN KEY to user_profiles.id"
"dashboard_share_snapshots","captured_at","DATETIME","N/A","N/A","NO","N/A","NO","NO","N/A","N/A","P0_CORE","APPROVED","NOT NULL; valid timestamp"
"dashboard_share_snapshots","dashboard_version_id","BIGINT UNSIGNED","N/A","N/A","YES","N/A","NO","YES","dashboard_versions","id","P0_CORE","APPROVED","FK dashboard_versions.id; FOREIGN KEY to dashboard_versions.id"
"dashboard_share_snapshots","share_link_id","BIGINT UNSIGNED","N/A","N/A","NO","N/A","NO","YES","dashboard_share_links","id","P0_CORE","APPROVED","NOT NULL; FK dashboard_share_links.id; FOREIGN KEY to dashboard_share_links.id"
"dashboard_share_snapshots","snapshot_json","JSON","N/A","N/A","NO","N/A","NO","NO","N/A","N/A","P0_CORE","APPROVED","NOT NULL; JSON_VALID"
"dashboard_share_access_logs","id","BIGINT UNSIGNED","N/A","N/A","NO","N/A","YES","NO","N/A","N/A","P0_CORE","APPROVED","NOT NULL; PRIMARY KEY"
"dashboard_share_access_logs","organization_id","BIGINT UNSIGNED","N/A","N/A","NO","N/A","NO","YES","organizations","id","P0_CORE","APPROVED","NOT NULL; FK organizations.id; FOREIGN KEY to organizations.id"
"dashboard_share_access_logs","description","TEXT","N/A","N/A","YES","N/A","NO","NO","N/A","N/A","P0_CORE","APPROVED","N/A"
"dashboard_share_access_logs","created_at","TIMESTAMP","N/A","N/A","NO","CURRENT_TIMESTAMP","NO","NO","N/A","N/A","P0_CORE","APPROVED","NOT NULL; valid timestamp"
"dashboard_share_access_logs","created_by","BIGINT UNSIGNED","N/A","N/A","YES","N/A","NO","YES","user_profiles","id","P0_CORE","APPROVED","FK user_profiles.id; FOREIGN KEY to user_profiles.id"
"dashboard_share_access_logs","updated_at","TIMESTAMP","N/A","N/A","YES","CURRENT_TIMESTAMP ON UPDATE CURRENT_TIMESTAMP","NO","NO","N/A","N/A","P0_CORE","APPROVED","valid timestamp"
"dashboard_share_access_logs","updated_by","BIGINT UNSIGNED","N/A","N/A","YES","N/A","NO","YES","user_profiles","id","P0_CORE","APPROVED","FK user_profiles.id; FOREIGN KEY to user_profiles.id"
"dashboard_share_access_logs","access_result","VARCHAR","40","N/A","NO","N/A","NO","NO","N/A","N/A","P0_CORE","APPROVED","NOT NULL"
"dashboard_share_access_logs","accessed_at","DATETIME","N/A","N/A","NO","N/A","NO","NO","N/A","N/A","P0_CORE","APPROVED","NOT NULL; valid timestamp"
"dashboard_share_access_logs","ip_address","VARCHAR","64","N/A","YES","N/A","NO","NO","N/A","N/A","P0_CORE","APPROVED","N/A"
"dashboard_share_access_logs","referrer_domain","VARCHAR","255","N/A","YES","N/A","NO","NO","N/A","N/A","P0_CORE","APPROVED","N/A"
"dashboard_share_access_logs","request_path","VARCHAR","500","N/A","NO","N/A","NO","NO","N/A","N/A","P0_CORE","APPROVED","NOT NULL"
"dashboard_share_access_logs","share_link_id","BIGINT UNSIGNED","N/A","N/A","NO","N/A","NO","YES","dashboard_share_links","id","P0_CORE","APPROVED","NOT NULL; FK dashboard_share_links.id; FOREIGN KEY to dashboard_share_links.id"
"dashboard_share_access_logs","user_agent_hash","VARCHAR","128","N/A","YES","N/A","NO","NO","N/A","N/A","P0_CORE","APPROVED","N/A"
"embed_settings","id","BIGINT UNSIGNED","N/A","N/A","NO","N/A","YES","NO","N/A","N/A","P0_CORE","APPROVED","NOT NULL; PRIMARY KEY"
"embed_settings","organization_id","BIGINT UNSIGNED","N/A","N/A","NO","N/A","NO","YES","organizations","id","P0_CORE","APPROVED","NOT NULL; FK organizations.id; FOREIGN KEY to organizations.id"
"embed_settings","description","TEXT","N/A","N/A","YES","N/A","NO","NO","N/A","N/A","P0_CORE","APPROVED","N/A"
"embed_settings","status","VARCHAR","40","N/A","NO","active","NO","NO","N/A","N/A","P0_CORE","APPROVED","NOT NULL; ENUM/CHECK; ENUM/CHECK common_status"
"embed_settings","status_changed_at","DATETIME","N/A","N/A","YES","N/A","NO","NO","N/A","N/A","P0_CORE","APPROVED","Required by service when status is changed"
"embed_settings","status_changed_by","BIGINT UNSIGNED","N/A","N/A","YES","N/A","NO","YES","user_profiles","id","P0_CORE","APPROVED","FK user_profiles.id; set null if user profile is removed"
"embed_settings","is_active","TINYINT","1","N/A","NO","1","NO","NO","N/A","N/A","P0_CORE","APPROVED","NOT NULL"
"embed_settings","metadata_json","JSON","N/A","N/A","YES","N/A","NO","NO","N/A","N/A","P0_CORE","APPROVED","JSON_VALID"
"embed_settings","created_at","TIMESTAMP","N/A","N/A","NO","CURRENT_TIMESTAMP","NO","NO","N/A","N/A","P0_CORE","APPROVED","NOT NULL; valid timestamp"
"embed_settings","created_by","BIGINT UNSIGNED","N/A","N/A","YES","N/A","NO","YES","user_profiles","id","P0_CORE","APPROVED","FK user_profiles.id; FOREIGN KEY to user_profiles.id"
"embed_settings","updated_at","TIMESTAMP","N/A","N/A","YES","CURRENT_TIMESTAMP ON UPDATE CURRENT_TIMESTAMP","NO","NO","N/A","N/A","P0_CORE","APPROVED","valid timestamp"
"embed_settings","updated_by","BIGINT UNSIGNED","N/A","N/A","YES","N/A","NO","YES","user_profiles","id","P0_CORE","APPROVED","FK user_profiles.id; FOREIGN KEY to user_profiles.id"
"embed_settings","deleted_at","TIMESTAMP","N/A","N/A","YES","N/A","NO","NO","N/A","N/A","P0_CORE","APPROVED","valid timestamp"
"embed_settings","deleted_by","BIGINT UNSIGNED","N/A","N/A","YES","N/A","NO","YES","user_profiles","id","P0_CORE","APPROVED","FK user_profiles.id; FOREIGN KEY to user_profiles.id"
"embed_settings","height_px","INT","N/A","N/A","NO","800","NO","NO","N/A","N/A","P0_CORE","APPROVED","NOT NULL"
"embed_settings","is_responsive","TINYINT","1","N/A","NO","1","NO","NO","N/A","N/A","P0_CORE","APPROVED","NOT NULL"
"embed_settings","share_link_id","BIGINT UNSIGNED","N/A","N/A","NO","N/A","NO","YES","dashboard_share_links","id","P0_CORE","APPROVED","NOT NULL; FK dashboard_share_links.id; FOREIGN KEY to dashboard_share_links.id"
"embed_settings","show_header","TINYINT","1","N/A","NO","1","NO","NO","N/A","N/A","P0_CORE","APPROVED","NOT NULL"
"embed_settings","theme","VARCHAR","40","N/A","NO","'auto'","NO","NO","N/A","N/A","P0_CORE","APPROVED","NOT NULL; ENUM/CHECK; ENUM/CHECK theme_option"
"embed_settings","width_px","INT","N/A","N/A","NO","1200","NO","NO","N/A","N/A","P0_CORE","APPROVED","NOT NULL"
"export_jobs","id","BIGINT UNSIGNED","N/A","N/A","NO","N/A","YES","NO","N/A","N/A","P0_CORE","APPROVED","NOT NULL; PRIMARY KEY"
"export_jobs","organization_id","BIGINT UNSIGNED","N/A","N/A","NO","N/A","NO","YES","organizations","id","P0_CORE","APPROVED","NOT NULL; FK organizations.id; FOREIGN KEY to organizations.id"
"export_jobs","branch_id","BIGINT UNSIGNED","N/A","N/A","YES","N/A","NO","YES","branches","id","P0_CORE","APPROVED","FK branches.id; nullable for organization-level records"
"export_jobs","project_id","BIGINT UNSIGNED","N/A","N/A","NO","N/A","NO","YES","bi_projects","id","P0_CORE","APPROVED","NOT NULL; FK bi_projects.id; FOREIGN KEY to bi_projects.id"
"export_jobs","description","TEXT","N/A","N/A","YES","N/A","NO","NO","N/A","N/A","P0_CORE","APPROVED","N/A"
"export_jobs","status","VARCHAR","40","N/A","NO","queued","NO","NO","N/A","N/A","P0_CORE","APPROVED","NOT NULL; ENUM/CHECK; ENUM/CHECK job_status"
"export_jobs","status_changed_at","DATETIME","N/A","N/A","YES","N/A","NO","NO","N/A","N/A","P0_CORE","APPROVED","Required by service when status is changed"
"export_jobs","status_changed_by","BIGINT UNSIGNED","N/A","N/A","YES","N/A","NO","YES","user_profiles","id","P0_CORE","APPROVED","FK user_profiles.id; set null if user profile is removed"
"export_jobs","remarks","TEXT","N/A","N/A","YES","N/A","NO","NO","N/A","N/A","P0_CORE","APPROVED","Optional free text; sanitize before display"
"export_jobs","metadata_json","JSON","N/A","N/A","YES","N/A","NO","NO","N/A","N/A","P0_CORE","APPROVED","JSON_VALID"
"export_jobs","created_at","TIMESTAMP","N/A","N/A","NO","CURRENT_TIMESTAMP","NO","NO","N/A","N/A","P0_CORE","APPROVED","NOT NULL; valid timestamp"
"export_jobs","created_by","BIGINT UNSIGNED","N/A","N/A","YES","N/A","NO","YES","user_profiles","id","P0_CORE","APPROVED","FK user_profiles.id; FOREIGN KEY to user_profiles.id"
"export_jobs","updated_at","TIMESTAMP","N/A","N/A","YES","CURRENT_TIMESTAMP ON UPDATE CURRENT_TIMESTAMP","NO","NO","N/A","N/A","P0_CORE","APPROVED","valid timestamp"
"export_jobs","updated_by","BIGINT UNSIGNED","N/A","N/A","YES","N/A","NO","YES","user_profiles","id","P0_CORE","APPROVED","FK user_profiles.id; FOREIGN KEY to user_profiles.id"
"export_jobs","deleted_at","TIMESTAMP","N/A","N/A","YES","N/A","NO","NO","N/A","N/A","P0_CORE","APPROVED","valid timestamp"
"export_jobs","deleted_by","BIGINT UNSIGNED","N/A","N/A","YES","N/A","NO","YES","user_profiles","id","P0_CORE","APPROVED","FK user_profiles.id; FOREIGN KEY to user_profiles.id"
"export_jobs","error_message","TEXT","N/A","N/A","YES","N/A","NO","NO","N/A","N/A","P0_CORE","APPROVED","N/A"
"export_jobs","export_format","VARCHAR","40","N/A","NO","N/A","NO","NO","N/A","N/A","P0_CORE","APPROVED","NOT NULL; ENUM/CHECK; ENUM/CHECK export_format"
"export_jobs","export_options_json","JSON","N/A","N/A","YES","N/A","NO","NO","N/A","N/A","P0_CORE","APPROVED","JSON_VALID"
"export_jobs","export_type","VARCHAR","80","N/A","NO","N/A","NO","NO","N/A","N/A","P0_CORE","APPROVED","NOT NULL"
"export_jobs","finished_at","DATETIME","N/A","N/A","YES","N/A","NO","NO","N/A","N/A","P0_CORE","APPROVED","valid timestamp"
"export_jobs","source_entity_id","BIGINT","N/A","N/A","NO","N/A","NO","NO","N/A","N/A","P0_CORE","APPROVED","NOT NULL"
"export_jobs","source_entity_type","VARCHAR","80","N/A","NO","N/A","NO","NO","N/A","N/A","P0_CORE","APPROVED","NOT NULL"
"export_jobs","started_at","DATETIME","N/A","N/A","YES","N/A","NO","NO","N/A","N/A","P0_CORE","APPROVED","valid timestamp"
"export_files","id","BIGINT UNSIGNED","N/A","N/A","NO","N/A","YES","NO","N/A","N/A","P0_CORE","APPROVED","NOT NULL; PRIMARY KEY"
"export_files","organization_id","BIGINT UNSIGNED","N/A","N/A","NO","N/A","NO","YES","organizations","id","P0_CORE","APPROVED","NOT NULL; FK organizations.id; FOREIGN KEY to organizations.id"
"export_files","description","TEXT","N/A","N/A","YES","N/A","NO","NO","N/A","N/A","P0_CORE","APPROVED","N/A"
"export_files","status","VARCHAR","40","N/A","NO","active","NO","NO","N/A","N/A","P0_CORE","APPROVED","NOT NULL; ENUM/CHECK; ENUM/CHECK common_status"
"export_files","status_changed_at","DATETIME","N/A","N/A","YES","N/A","NO","NO","N/A","N/A","P0_CORE","APPROVED","Required by service when status is changed"
"export_files","status_changed_by","BIGINT UNSIGNED","N/A","N/A","YES","N/A","NO","YES","user_profiles","id","P0_CORE","APPROVED","FK user_profiles.id; set null if user profile is removed"
"export_files","is_active","TINYINT","1","N/A","NO","1","NO","NO","N/A","N/A","P0_CORE","APPROVED","NOT NULL"
"export_files","created_at","TIMESTAMP","N/A","N/A","NO","CURRENT_TIMESTAMP","NO","NO","N/A","N/A","P0_CORE","APPROVED","NOT NULL; valid timestamp"
"export_files","created_by","BIGINT UNSIGNED","N/A","N/A","YES","N/A","NO","YES","user_profiles","id","P0_CORE","APPROVED","FK user_profiles.id; FOREIGN KEY to user_profiles.id"
"export_files","updated_at","TIMESTAMP","N/A","N/A","YES","CURRENT_TIMESTAMP ON UPDATE CURRENT_TIMESTAMP","NO","NO","N/A","N/A","P0_CORE","APPROVED","valid timestamp"
"export_files","updated_by","BIGINT UNSIGNED","N/A","N/A","YES","N/A","NO","YES","user_profiles","id","P0_CORE","APPROVED","FK user_profiles.id; FOREIGN KEY to user_profiles.id"
"export_files","deleted_at","TIMESTAMP","N/A","N/A","YES","N/A","NO","NO","N/A","N/A","P0_CORE","APPROVED","valid timestamp"
"export_files","deleted_by","BIGINT UNSIGNED","N/A","N/A","YES","N/A","NO","YES","user_profiles","id","P0_CORE","APPROVED","FK user_profiles.id; FOREIGN KEY to user_profiles.id"
"export_files","export_job_id","BIGINT UNSIGNED","N/A","N/A","NO","N/A","NO","YES","export_jobs","id","P0_CORE","APPROVED","NOT NULL; FK export_jobs.id; FOREIGN KEY to export_jobs.id"
"export_files","file_id","BIGINT UNSIGNED","N/A","N/A","NO","N/A","NO","YES","files","id","P0_CORE","APPROVED","NOT NULL; FK files.id; FOREIGN KEY to files.id"
"export_files","file_role","VARCHAR","80","N/A","NO","'primary'","NO","NO","N/A","N/A","P0_CORE","APPROVED","NOT NULL"
"export_files","file_size_bytes","BIGINT","N/A","N/A","YES","N/A","NO","NO","N/A","N/A","P0_CORE","APPROVED","N/A"
"chart_exports","id","BIGINT UNSIGNED","N/A","N/A","NO","N/A","YES","NO","N/A","N/A","P1_PRODUCTION_EXTENSION","APPROVED_DEFERRED","NOT NULL; PRIMARY KEY"
"chart_exports","organization_id","BIGINT UNSIGNED","N/A","N/A","NO","N/A","NO","YES","organizations","id","P1_PRODUCTION_EXTENSION","APPROVED_DEFERRED","NOT NULL; FK organizations.id; FOREIGN KEY to organizations.id"
"chart_exports","description","TEXT","N/A","N/A","YES","N/A","NO","NO","N/A","N/A","P1_PRODUCTION_EXTENSION","APPROVED_DEFERRED","N/A"
"chart_exports","status","VARCHAR","40","N/A","NO","active","NO","NO","N/A","N/A","P1_PRODUCTION_EXTENSION","APPROVED_DEFERRED","NOT NULL; ENUM/CHECK; ENUM/CHECK common_status"
"chart_exports","status_changed_at","DATETIME","N/A","N/A","YES","N/A","NO","NO","N/A","N/A","P1_PRODUCTION_EXTENSION","APPROVED_DEFERRED","Required by service when status is changed"
"chart_exports","status_changed_by","BIGINT UNSIGNED","N/A","N/A","YES","N/A","NO","YES","user_profiles","id","P1_PRODUCTION_EXTENSION","APPROVED_DEFERRED","FK user_profiles.id; set null if user profile is removed"
"chart_exports","is_active","TINYINT","1","N/A","NO","1","NO","NO","N/A","N/A","P1_PRODUCTION_EXTENSION","APPROVED_DEFERRED","NOT NULL"
"chart_exports","created_at","TIMESTAMP","N/A","N/A","NO","CURRENT_TIMESTAMP","NO","NO","N/A","N/A","P1_PRODUCTION_EXTENSION","APPROVED_DEFERRED","NOT NULL; valid timestamp"
"chart_exports","created_by","BIGINT UNSIGNED","N/A","N/A","YES","N/A","NO","YES","user_profiles","id","P1_PRODUCTION_EXTENSION","APPROVED_DEFERRED","FK user_profiles.id; FOREIGN KEY to user_profiles.id"
"chart_exports","updated_at","TIMESTAMP","N/A","N/A","YES","CURRENT_TIMESTAMP ON UPDATE CURRENT_TIMESTAMP","NO","NO","N/A","N/A","P1_PRODUCTION_EXTENSION","APPROVED_DEFERRED","valid timestamp"
"chart_exports","updated_by","BIGINT UNSIGNED","N/A","N/A","YES","N/A","NO","YES","user_profiles","id","P1_PRODUCTION_EXTENSION","APPROVED_DEFERRED","FK user_profiles.id; FOREIGN KEY to user_profiles.id"
"chart_exports","deleted_at","TIMESTAMP","N/A","N/A","YES","N/A","NO","NO","N/A","N/A","P1_PRODUCTION_EXTENSION","APPROVED_DEFERRED","valid timestamp"
"chart_exports","deleted_by","BIGINT UNSIGNED","N/A","N/A","YES","N/A","NO","YES","user_profiles","id","P1_PRODUCTION_EXTENSION","APPROVED_DEFERRED","FK user_profiles.id; FOREIGN KEY to user_profiles.id"
"chart_exports","chart_id","BIGINT UNSIGNED","N/A","N/A","NO","N/A","NO","YES","charts","id","P1_PRODUCTION_EXTENSION","APPROVED_DEFERRED","NOT NULL; FK charts.id; FOREIGN KEY to charts.id"
"chart_exports","chart_version_id","BIGINT UNSIGNED","N/A","N/A","YES","N/A","NO","YES","chart_versions","id","P1_PRODUCTION_EXTENSION","APPROVED_DEFERRED","FK chart_versions.id; FOREIGN KEY to chart_versions.id"
"chart_exports","export_job_id","BIGINT UNSIGNED","N/A","N/A","NO","N/A","NO","YES","export_jobs","id","P1_PRODUCTION_EXTENSION","APPROVED_DEFERRED","NOT NULL; FK export_jobs.id; FOREIGN KEY to export_jobs.id"
"chart_exports","render_engine","VARCHAR","80","N/A","YES","N/A","NO","NO","N/A","N/A","P1_PRODUCTION_EXTENSION","APPROVED_DEFERRED","N/A"
"dashboard_exports","id","BIGINT UNSIGNED","N/A","N/A","NO","N/A","YES","NO","N/A","N/A","P1_PRODUCTION_EXTENSION","APPROVED_DEFERRED","NOT NULL; PRIMARY KEY"
"dashboard_exports","organization_id","BIGINT UNSIGNED","N/A","N/A","NO","N/A","NO","YES","organizations","id","P1_PRODUCTION_EXTENSION","APPROVED_DEFERRED","NOT NULL; FK organizations.id; FOREIGN KEY to organizations.id"
"dashboard_exports","dashboard_id","BIGINT UNSIGNED","N/A","N/A","NO","N/A","NO","YES","bi_dashboards","id","P1_PRODUCTION_EXTENSION","APPROVED_DEFERRED","NOT NULL; FK bi_dashboards.id; FOREIGN KEY to bi_dashboards.id"
"dashboard_exports","description","TEXT","N/A","N/A","YES","N/A","NO","NO","N/A","N/A","P1_PRODUCTION_EXTENSION","APPROVED_DEFERRED","N/A"
"dashboard_exports","status","VARCHAR","40","N/A","NO","active","NO","NO","N/A","N/A","P1_PRODUCTION_EXTENSION","APPROVED_DEFERRED","NOT NULL; ENUM/CHECK; ENUM/CHECK common_status"
"dashboard_exports","status_changed_at","DATETIME","N/A","N/A","YES","N/A","NO","NO","N/A","N/A","P1_PRODUCTION_EXTENSION","APPROVED_DEFERRED","Required by service when status is changed"
"dashboard_exports","status_changed_by","BIGINT UNSIGNED","N/A","N/A","YES","N/A","NO","YES","user_profiles","id","P1_PRODUCTION_EXTENSION","APPROVED_DEFERRED","FK user_profiles.id; set null if user profile is removed"
"dashboard_exports","is_active","TINYINT","1","N/A","NO","1","NO","NO","N/A","N/A","P1_PRODUCTION_EXTENSION","APPROVED_DEFERRED","NOT NULL"
"dashboard_exports","created_at","TIMESTAMP","N/A","N/A","NO","CURRENT_TIMESTAMP","NO","NO","N/A","N/A","P1_PRODUCTION_EXTENSION","APPROVED_DEFERRED","NOT NULL; valid timestamp"
"dashboard_exports","created_by","BIGINT UNSIGNED","N/A","N/A","YES","N/A","NO","YES","user_profiles","id","P1_PRODUCTION_EXTENSION","APPROVED_DEFERRED","FK user_profiles.id; FOREIGN KEY to user_profiles.id"
"dashboard_exports","updated_at","TIMESTAMP","N/A","N/A","YES","CURRENT_TIMESTAMP ON UPDATE CURRENT_TIMESTAMP","NO","NO","N/A","N/A","P1_PRODUCTION_EXTENSION","APPROVED_DEFERRED","valid timestamp"
"dashboard_exports","updated_by","BIGINT UNSIGNED","N/A","N/A","YES","N/A","NO","YES","user_profiles","id","P1_PRODUCTION_EXTENSION","APPROVED_DEFERRED","FK user_profiles.id; FOREIGN KEY to user_profiles.id"
"dashboard_exports","deleted_at","TIMESTAMP","N/A","N/A","YES","N/A","NO","NO","N/A","N/A","P1_PRODUCTION_EXTENSION","APPROVED_DEFERRED","valid timestamp"
"dashboard_exports","deleted_by","BIGINT UNSIGNED","N/A","N/A","YES","N/A","NO","YES","user_profiles","id","P1_PRODUCTION_EXTENSION","APPROVED_DEFERRED","FK user_profiles.id; FOREIGN KEY to user_profiles.id"
"dashboard_exports","dashboard_version_id","BIGINT UNSIGNED","N/A","N/A","YES","N/A","NO","YES","dashboard_versions","id","P1_PRODUCTION_EXTENSION","APPROVED_DEFERRED","FK dashboard_versions.id; FOREIGN KEY to dashboard_versions.id"
"dashboard_exports","export_job_id","BIGINT UNSIGNED","N/A","N/A","NO","N/A","NO","YES","export_jobs","id","P1_PRODUCTION_EXTENSION","APPROVED_DEFERRED","NOT NULL; FK export_jobs.id; FOREIGN KEY to export_jobs.id"
"dashboard_exports","included_filters","TINYINT","1","N/A","NO","1","NO","NO","N/A","N/A","P1_PRODUCTION_EXTENSION","APPROVED_DEFERRED","NOT NULL"
"dashboard_exports","included_header","TINYINT","1","N/A","NO","1","NO","NO","N/A","N/A","P1_PRODUCTION_EXTENSION","APPROVED_DEFERRED","NOT NULL"
"report_definitions","id","BIGINT UNSIGNED","N/A","N/A","NO","N/A","YES","NO","N/A","N/A","P1_PRODUCTION_EXTENSION","APPROVED_DEFERRED","NOT NULL; PRIMARY KEY"
"report_definitions","organization_id","BIGINT UNSIGNED","N/A","N/A","NO","N/A","NO","YES","organizations","id","P1_PRODUCTION_EXTENSION","APPROVED_DEFERRED","NOT NULL; FK organizations.id; FOREIGN KEY to organizations.id"
"report_definitions","branch_id","BIGINT UNSIGNED","N/A","N/A","YES","N/A","NO","YES","branches","id","P1_PRODUCTION_EXTENSION","APPROVED_DEFERRED","FK branches.id; nullable for organization-level records"
"report_definitions","project_id","BIGINT UNSIGNED","N/A","N/A","NO","N/A","NO","YES","bi_projects","id","P1_PRODUCTION_EXTENSION","APPROVED_DEFERRED","NOT NULL; FK bi_projects.id; FOREIGN KEY to bi_projects.id"
"report_definitions","dashboard_id","BIGINT UNSIGNED","N/A","N/A","YES","N/A","NO","YES","bi_dashboards","id","P1_PRODUCTION_EXTENSION","APPROVED_DEFERRED","FK bi_dashboards.id; FOREIGN KEY to bi_dashboards.id"
"report_definitions","code","VARCHAR","80","N/A","NO","N/A","NO","NO","N/A","N/A","P1_PRODUCTION_EXTENSION","APPROVED_DEFERRED","NOT NULL"
"report_definitions","name","VARCHAR","180","N/A","NO","N/A","NO","NO","N/A","N/A","P1_PRODUCTION_EXTENSION","APPROVED_DEFERRED","NOT NULL"
"report_definitions","description","TEXT","N/A","N/A","YES","N/A","NO","NO","N/A","N/A","P1_PRODUCTION_EXTENSION","APPROVED_DEFERRED","N/A"
"report_definitions","status","VARCHAR","40","N/A","NO","active","NO","NO","N/A","N/A","P1_PRODUCTION_EXTENSION","APPROVED_DEFERRED","NOT NULL; ENUM/CHECK; ENUM/CHECK common_status"
"report_definitions","status_changed_at","DATETIME","N/A","N/A","YES","N/A","NO","NO","N/A","N/A","P1_PRODUCTION_EXTENSION","APPROVED_DEFERRED","Required by service when status is changed"
"report_definitions","status_changed_by","BIGINT UNSIGNED","N/A","N/A","YES","N/A","NO","YES","user_profiles","id","P1_PRODUCTION_EXTENSION","APPROVED_DEFERRED","FK user_profiles.id; set null if user profile is removed"
"report_definitions","is_active","TINYINT","1","N/A","NO","1","NO","NO","N/A","N/A","P1_PRODUCTION_EXTENSION","APPROVED_DEFERRED","NOT NULL"
"report_definitions","remarks","TEXT","N/A","N/A","YES","N/A","NO","NO","N/A","N/A","P1_PRODUCTION_EXTENSION","APPROVED_DEFERRED","Optional free text; sanitize before display"
"report_definitions","metadata_json","JSON","N/A","N/A","YES","N/A","NO","NO","N/A","N/A","P1_PRODUCTION_EXTENSION","APPROVED_DEFERRED","JSON_VALID"
"report_definitions","created_at","TIMESTAMP","N/A","N/A","NO","CURRENT_TIMESTAMP","NO","NO","N/A","N/A","P1_PRODUCTION_EXTENSION","APPROVED_DEFERRED","NOT NULL; valid timestamp"
"report_definitions","created_by","BIGINT UNSIGNED","N/A","N/A","YES","N/A","NO","YES","user_profiles","id","P1_PRODUCTION_EXTENSION","APPROVED_DEFERRED","FK user_profiles.id; FOREIGN KEY to user_profiles.id"
"report_definitions","updated_at","TIMESTAMP","N/A","N/A","YES","CURRENT_TIMESTAMP ON UPDATE CURRENT_TIMESTAMP","NO","NO","N/A","N/A","P1_PRODUCTION_EXTENSION","APPROVED_DEFERRED","valid timestamp"
"report_definitions","updated_by","BIGINT UNSIGNED","N/A","N/A","YES","N/A","NO","YES","user_profiles","id","P1_PRODUCTION_EXTENSION","APPROVED_DEFERRED","FK user_profiles.id; FOREIGN KEY to user_profiles.id"
"report_definitions","deleted_at","TIMESTAMP","N/A","N/A","YES","N/A","NO","NO","N/A","N/A","P1_PRODUCTION_EXTENSION","APPROVED_DEFERRED","valid timestamp"
"report_definitions","deleted_by","BIGINT UNSIGNED","N/A","N/A","YES","N/A","NO","YES","user_profiles","id","P1_PRODUCTION_EXTENSION","APPROVED_DEFERRED","FK user_profiles.id; FOREIGN KEY to user_profiles.id"
"report_definitions","layout_json","JSON","N/A","N/A","YES","N/A","NO","NO","N/A","N/A","P1_PRODUCTION_EXTENSION","APPROVED_DEFERRED","JSON_VALID"
"report_definitions","report_type","VARCHAR","80","N/A","NO","N/A","NO","NO","N/A","N/A","P1_PRODUCTION_EXTENSION","APPROVED_DEFERRED","NOT NULL"
"report_definitions","schedule_json","JSON","N/A","N/A","YES","N/A","NO","NO","N/A","N/A","P1_PRODUCTION_EXTENSION","APPROVED_DEFERRED","JSON_VALID"
"report_definitions","sql_query_id","BIGINT UNSIGNED","N/A","N/A","YES","N/A","NO","YES","sql_queries","id","P1_PRODUCTION_EXTENSION","APPROVED_DEFERRED","FK sql_queries.id; FOREIGN KEY to sql_queries.id"
"report_parameters","id","BIGINT UNSIGNED","N/A","N/A","NO","N/A","YES","NO","N/A","N/A","P1_PRODUCTION_EXTENSION","APPROVED_DEFERRED","NOT NULL; PRIMARY KEY"
"report_parameters","organization_id","BIGINT UNSIGNED","N/A","N/A","NO","N/A","NO","YES","organizations","id","P1_PRODUCTION_EXTENSION","APPROVED_DEFERRED","NOT NULL; FK organizations.id; FOREIGN KEY to organizations.id"
"report_parameters","description","TEXT","N/A","N/A","YES","N/A","NO","NO","N/A","N/A","P1_PRODUCTION_EXTENSION","APPROVED_DEFERRED","N/A"
"report_parameters","status","VARCHAR","40","N/A","NO","active","NO","NO","N/A","N/A","P1_PRODUCTION_EXTENSION","APPROVED_DEFERRED","NOT NULL; ENUM/CHECK; ENUM/CHECK common_status"
"report_parameters","status_changed_at","DATETIME","N/A","N/A","YES","N/A","NO","NO","N/A","N/A","P1_PRODUCTION_EXTENSION","APPROVED_DEFERRED","Required by service when status is changed"
"report_parameters","status_changed_by","BIGINT UNSIGNED","N/A","N/A","YES","N/A","NO","YES","user_profiles","id","P1_PRODUCTION_EXTENSION","APPROVED_DEFERRED","FK user_profiles.id; set null if user profile is removed"
"report_parameters","is_active","TINYINT","1","N/A","NO","1","NO","NO","N/A","N/A","P1_PRODUCTION_EXTENSION","APPROVED_DEFERRED","NOT NULL"
"report_parameters","created_at","TIMESTAMP","N/A","N/A","NO","CURRENT_TIMESTAMP","NO","NO","N/A","N/A","P1_PRODUCTION_EXTENSION","APPROVED_DEFERRED","NOT NULL; valid timestamp"
"report_parameters","created_by","BIGINT UNSIGNED","N/A","N/A","YES","N/A","NO","YES","user_profiles","id","P1_PRODUCTION_EXTENSION","APPROVED_DEFERRED","FK user_profiles.id; FOREIGN KEY to user_profiles.id"
"report_parameters","updated_at","TIMESTAMP","N/A","N/A","YES","CURRENT_TIMESTAMP ON UPDATE CURRENT_TIMESTAMP","NO","NO","N/A","N/A","P1_PRODUCTION_EXTENSION","APPROVED_DEFERRED","valid timestamp"
"report_parameters","updated_by","BIGINT UNSIGNED","N/A","N/A","YES","N/A","NO","YES","user_profiles","id","P1_PRODUCTION_EXTENSION","APPROVED_DEFERRED","FK user_profiles.id; FOREIGN KEY to user_profiles.id"
"report_parameters","deleted_at","TIMESTAMP","N/A","N/A","YES","N/A","NO","NO","N/A","N/A","P1_PRODUCTION_EXTENSION","APPROVED_DEFERRED","valid timestamp"
"report_parameters","deleted_by","BIGINT UNSIGNED","N/A","N/A","YES","N/A","NO","YES","user_profiles","id","P1_PRODUCTION_EXTENSION","APPROVED_DEFERRED","FK user_profiles.id; FOREIGN KEY to user_profiles.id"
"report_parameters","default_value_json","JSON","N/A","N/A","YES","N/A","NO","NO","N/A","N/A","P1_PRODUCTION_EXTENSION","APPROVED_DEFERRED","JSON_VALID"
"report_parameters","field_type","VARCHAR","40","N/A","NO","N/A","NO","NO","N/A","N/A","P1_PRODUCTION_EXTENSION","APPROVED_DEFERRED","NOT NULL; ENUM/CHECK; ENUM/CHECK field_type"
"report_parameters","is_required","TINYINT","1","N/A","NO","0","NO","NO","N/A","N/A","P1_PRODUCTION_EXTENSION","APPROVED_DEFERRED","NOT NULL"
"report_parameters","parameter_key","VARCHAR","120","N/A","NO","N/A","NO","NO","N/A","N/A","P1_PRODUCTION_EXTENSION","APPROVED_DEFERRED","NOT NULL"
"report_parameters","report_definition_id","BIGINT UNSIGNED","N/A","N/A","NO","N/A","NO","YES","report_definitions","id","P1_PRODUCTION_EXTENSION","APPROVED_DEFERRED","NOT NULL; FK report_definitions.id; FOREIGN KEY to report_definitions.id"
"report_runs","id","BIGINT UNSIGNED","N/A","N/A","NO","N/A","YES","NO","N/A","N/A","P1_PRODUCTION_EXTENSION","APPROVED_DEFERRED","NOT NULL; PRIMARY KEY"
"report_runs","organization_id","BIGINT UNSIGNED","N/A","N/A","NO","N/A","NO","YES","organizations","id","P1_PRODUCTION_EXTENSION","APPROVED_DEFERRED","NOT NULL; FK organizations.id; FOREIGN KEY to organizations.id"
"report_runs","description","TEXT","N/A","N/A","YES","N/A","NO","NO","N/A","N/A","P1_PRODUCTION_EXTENSION","APPROVED_DEFERRED","N/A"
"report_runs","status","VARCHAR","40","N/A","NO","queued","NO","NO","N/A","N/A","P1_PRODUCTION_EXTENSION","APPROVED_DEFERRED","NOT NULL; ENUM/CHECK; ENUM/CHECK job_status"
"report_runs","status_changed_at","DATETIME","N/A","N/A","YES","N/A","NO","NO","N/A","N/A","P1_PRODUCTION_EXTENSION","APPROVED_DEFERRED","Required by service when status is changed"
"report_runs","status_changed_by","BIGINT UNSIGNED","N/A","N/A","YES","N/A","NO","YES","user_profiles","id","P1_PRODUCTION_EXTENSION","APPROVED_DEFERRED","FK user_profiles.id; set null if user profile is removed"
"report_runs","remarks","TEXT","N/A","N/A","YES","N/A","NO","NO","N/A","N/A","P1_PRODUCTION_EXTENSION","APPROVED_DEFERRED","Optional free text; sanitize before display"
"report_runs","created_at","TIMESTAMP","N/A","N/A","NO","CURRENT_TIMESTAMP","NO","NO","N/A","N/A","P1_PRODUCTION_EXTENSION","APPROVED_DEFERRED","NOT NULL; valid timestamp"
"report_runs","created_by","BIGINT UNSIGNED","N/A","N/A","YES","N/A","NO","YES","user_profiles","id","P1_PRODUCTION_EXTENSION","APPROVED_DEFERRED","FK user_profiles.id; FOREIGN KEY to user_profiles.id"
"report_runs","updated_at","TIMESTAMP","N/A","N/A","YES","CURRENT_TIMESTAMP ON UPDATE CURRENT_TIMESTAMP","NO","NO","N/A","N/A","P1_PRODUCTION_EXTENSION","APPROVED_DEFERRED","valid timestamp"
"report_runs","updated_by","BIGINT UNSIGNED","N/A","N/A","YES","N/A","NO","YES","user_profiles","id","P1_PRODUCTION_EXTENSION","APPROVED_DEFERRED","FK user_profiles.id; FOREIGN KEY to user_profiles.id"
"report_runs","deleted_at","TIMESTAMP","N/A","N/A","YES","N/A","NO","NO","N/A","N/A","P1_PRODUCTION_EXTENSION","APPROVED_DEFERRED","valid timestamp"
"report_runs","deleted_by","BIGINT UNSIGNED","N/A","N/A","YES","N/A","NO","YES","user_profiles","id","P1_PRODUCTION_EXTENSION","APPROVED_DEFERRED","FK user_profiles.id; FOREIGN KEY to user_profiles.id"
"report_runs","error_message","TEXT","N/A","N/A","YES","N/A","NO","NO","N/A","N/A","P1_PRODUCTION_EXTENSION","APPROVED_DEFERRED","N/A"
"report_runs","finished_at","DATETIME","N/A","N/A","YES","N/A","NO","NO","N/A","N/A","P1_PRODUCTION_EXTENSION","APPROVED_DEFERRED","valid timestamp"
"report_runs","parameter_values_json","JSON","N/A","N/A","YES","N/A","NO","NO","N/A","N/A","P1_PRODUCTION_EXTENSION","APPROVED_DEFERRED","JSON_VALID"
"report_runs","report_definition_id","BIGINT UNSIGNED","N/A","N/A","NO","N/A","NO","YES","report_definitions","id","P1_PRODUCTION_EXTENSION","APPROVED_DEFERRED","NOT NULL; FK report_definitions.id; FOREIGN KEY to report_definitions.id"
"report_runs","started_at","DATETIME","N/A","N/A","YES","N/A","NO","NO","N/A","N/A","P1_PRODUCTION_EXTENSION","APPROVED_DEFERRED","valid timestamp"
"report_exports","id","BIGINT UNSIGNED","N/A","N/A","NO","N/A","YES","NO","N/A","N/A","P1_PRODUCTION_EXTENSION","APPROVED_DEFERRED","NOT NULL; PRIMARY KEY"
"report_exports","organization_id","BIGINT UNSIGNED","N/A","N/A","NO","N/A","NO","YES","organizations","id","P1_PRODUCTION_EXTENSION","APPROVED_DEFERRED","NOT NULL; FK organizations.id; FOREIGN KEY to organizations.id"
"report_exports","description","TEXT","N/A","N/A","YES","N/A","NO","NO","N/A","N/A","P1_PRODUCTION_EXTENSION","APPROVED_DEFERRED","N/A"
"report_exports","status","VARCHAR","40","N/A","NO","active","NO","NO","N/A","N/A","P1_PRODUCTION_EXTENSION","APPROVED_DEFERRED","NOT NULL; ENUM/CHECK; ENUM/CHECK common_status"
"report_exports","status_changed_at","DATETIME","N/A","N/A","YES","N/A","NO","NO","N/A","N/A","P1_PRODUCTION_EXTENSION","APPROVED_DEFERRED","Required by service when status is changed"
"report_exports","status_changed_by","BIGINT UNSIGNED","N/A","N/A","YES","N/A","NO","YES","user_profiles","id","P1_PRODUCTION_EXTENSION","APPROVED_DEFERRED","FK user_profiles.id; set null if user profile is removed"
"report_exports","is_active","TINYINT","1","N/A","NO","1","NO","NO","N/A","N/A","P1_PRODUCTION_EXTENSION","APPROVED_DEFERRED","NOT NULL"
"report_exports","created_at","TIMESTAMP","N/A","N/A","NO","CURRENT_TIMESTAMP","NO","NO","N/A","N/A","P1_PRODUCTION_EXTENSION","APPROVED_DEFERRED","NOT NULL; valid timestamp"
"report_exports","created_by","BIGINT UNSIGNED","N/A","N/A","YES","N/A","NO","YES","user_profiles","id","P1_PRODUCTION_EXTENSION","APPROVED_DEFERRED","FK user_profiles.id; FOREIGN KEY to user_profiles.id"
"report_exports","updated_at","TIMESTAMP","N/A","N/A","YES","CURRENT_TIMESTAMP ON UPDATE CURRENT_TIMESTAMP","NO","NO","N/A","N/A","P1_PRODUCTION_EXTENSION","APPROVED_DEFERRED","valid timestamp"
"report_exports","updated_by","BIGINT UNSIGNED","N/A","N/A","YES","N/A","NO","YES","user_profiles","id","P1_PRODUCTION_EXTENSION","APPROVED_DEFERRED","FK user_profiles.id; FOREIGN KEY to user_profiles.id"
"report_exports","deleted_at","TIMESTAMP","N/A","N/A","YES","N/A","NO","NO","N/A","N/A","P1_PRODUCTION_EXTENSION","APPROVED_DEFERRED","valid timestamp"
"report_exports","deleted_by","BIGINT UNSIGNED","N/A","N/A","YES","N/A","NO","YES","user_profiles","id","P1_PRODUCTION_EXTENSION","APPROVED_DEFERRED","FK user_profiles.id; FOREIGN KEY to user_profiles.id"
"report_exports","delivery_status","VARCHAR","40","N/A","YES","N/A","NO","NO","N/A","N/A","P1_PRODUCTION_EXTENSION","APPROVED_DEFERRED","N/A"
"report_exports","export_file_id","BIGINT UNSIGNED","N/A","N/A","YES","N/A","NO","YES","export_files","id","P1_PRODUCTION_EXTENSION","APPROVED_DEFERRED","FK export_files.id; FOREIGN KEY to export_files.id"
"report_exports","file_id","BIGINT UNSIGNED","N/A","N/A","YES","N/A","NO","YES","files","id","P1_PRODUCTION_EXTENSION","APPROVED_DEFERRED","FK files.id; FOREIGN KEY to files.id"
"report_exports","report_run_id","BIGINT UNSIGNED","N/A","N/A","NO","N/A","NO","YES","report_runs","id","P1_PRODUCTION_EXTENSION","APPROVED_DEFERRED","NOT NULL; FK report_runs.id; FOREIGN KEY to report_runs.id"
"user_preferences","id","BIGINT UNSIGNED","N/A","N/A","NO","N/A","YES","NO","N/A","N/A","P0_CORE","APPROVED","NOT NULL; PRIMARY KEY"
"user_preferences","organization_id","BIGINT UNSIGNED","N/A","N/A","NO","N/A","NO","YES","organizations","id","P0_CORE","APPROVED","NOT NULL; FK organizations.id; FOREIGN KEY to organizations.id"
"user_preferences","description","TEXT","N/A","N/A","YES","N/A","NO","NO","N/A","N/A","P0_CORE","APPROVED","N/A"
"user_preferences","status","VARCHAR","40","N/A","NO","active","NO","NO","N/A","N/A","P0_CORE","APPROVED","NOT NULL; ENUM/CHECK; ENUM/CHECK common_status"
"user_preferences","status_changed_at","DATETIME","N/A","N/A","YES","N/A","NO","NO","N/A","N/A","P0_CORE","APPROVED","Required by service when status is changed"
"user_preferences","status_changed_by","BIGINT UNSIGNED","N/A","N/A","YES","N/A","NO","YES","user_profiles","id","P0_CORE","APPROVED","FK user_profiles.id; set null if user profile is removed"
"user_preferences","is_active","TINYINT","1","N/A","NO","1","NO","NO","N/A","N/A","P0_CORE","APPROVED","NOT NULL"
"user_preferences","metadata_json","JSON","N/A","N/A","YES","N/A","NO","NO","N/A","N/A","P0_CORE","APPROVED","JSON_VALID"
"user_preferences","created_at","TIMESTAMP","N/A","N/A","NO","CURRENT_TIMESTAMP","NO","NO","N/A","N/A","P0_CORE","APPROVED","NOT NULL; valid timestamp"
"user_preferences","created_by","BIGINT UNSIGNED","N/A","N/A","YES","N/A","NO","YES","user_profiles","id","P0_CORE","APPROVED","FK user_profiles.id; FOREIGN KEY to user_profiles.id"
"user_preferences","updated_at","TIMESTAMP","N/A","N/A","YES","CURRENT_TIMESTAMP ON UPDATE CURRENT_TIMESTAMP","NO","NO","N/A","N/A","P0_CORE","APPROVED","valid timestamp"
"user_preferences","updated_by","BIGINT UNSIGNED","N/A","N/A","YES","N/A","NO","YES","user_profiles","id","P0_CORE","APPROVED","FK user_profiles.id; FOREIGN KEY to user_profiles.id"
"user_preferences","deleted_at","TIMESTAMP","N/A","N/A","YES","N/A","NO","NO","N/A","N/A","P0_CORE","APPROVED","valid timestamp"
"user_preferences","deleted_by","BIGINT UNSIGNED","N/A","N/A","YES","N/A","NO","YES","user_profiles","id","P0_CORE","APPROVED","FK user_profiles.id; FOREIGN KEY to user_profiles.id"
"user_preferences","dashboard_preferences_json","JSON","N/A","N/A","YES","N/A","NO","NO","N/A","N/A","P0_CORE","APPROVED","JSON_VALID"
"user_preferences","date_format","VARCHAR","40","N/A","NO","'MMM d, yyyy'","NO","NO","N/A","N/A","P0_CORE","APPROVED","NOT NULL"
"user_preferences","density","VARCHAR","40","N/A","NO","'comfortable'","NO","NO","N/A","N/A","P0_CORE","APPROVED","NOT NULL; ENUM/CHECK; ENUM/CHECK density_option"
"user_preferences","notification_preferences_json","JSON","N/A","N/A","YES","N/A","NO","NO","N/A","N/A","P0_CORE","APPROVED","JSON_VALID"
"user_preferences","number_format","VARCHAR","40","N/A","NO","'compact'","NO","NO","N/A","N/A","P0_CORE","APPROVED","NOT NULL"
"user_preferences","theme","VARCHAR","40","N/A","NO","'light'","NO","NO","N/A","N/A","P0_CORE","APPROVED","NOT NULL; ENUM/CHECK; ENUM/CHECK theme_option"
"user_preferences","user_id","BIGINT UNSIGNED","N/A","N/A","NO","N/A","NO","YES","user_profiles","id","P0_CORE","APPROVED","NOT NULL; FK user_profiles.id; FOREIGN KEY to user_profiles.id"
"user_workspace_contexts","id","BIGINT UNSIGNED","N/A","N/A","NO","N/A","YES","NO","N/A","N/A","REJECTED_OR_MERGED","MERGED","NOT NULL; PRIMARY KEY"
"user_workspace_contexts","organization_id","BIGINT UNSIGNED","N/A","N/A","NO","N/A","NO","YES","organizations","id","REJECTED_OR_MERGED","MERGED","NOT NULL; FK organizations.id; FOREIGN KEY to organizations.id"
"user_workspace_contexts","project_id","BIGINT UNSIGNED","N/A","N/A","YES","N/A","NO","YES","bi_projects","id","REJECTED_OR_MERGED","MERGED","FK bi_projects.id; FOREIGN KEY to bi_projects.id"
"user_workspace_contexts","dashboard_id","BIGINT UNSIGNED","N/A","N/A","YES","N/A","NO","YES","bi_dashboards","id","REJECTED_OR_MERGED","MERGED","FK bi_dashboards.id; FOREIGN KEY to bi_dashboards.id"
"user_workspace_contexts","description","TEXT","N/A","N/A","YES","N/A","NO","NO","N/A","N/A","REJECTED_OR_MERGED","MERGED","N/A"
"user_workspace_contexts","created_at","TIMESTAMP","N/A","N/A","NO","CURRENT_TIMESTAMP","NO","NO","N/A","N/A","REJECTED_OR_MERGED","MERGED","NOT NULL; valid timestamp"
"user_workspace_contexts","created_by","BIGINT UNSIGNED","N/A","N/A","YES","N/A","NO","YES","user_profiles","id","REJECTED_OR_MERGED","MERGED","FK user_profiles.id; FOREIGN KEY to user_profiles.id"
"user_workspace_contexts","updated_at","TIMESTAMP","N/A","N/A","YES","CURRENT_TIMESTAMP ON UPDATE CURRENT_TIMESTAMP","NO","NO","N/A","N/A","REJECTED_OR_MERGED","MERGED","valid timestamp"
"user_workspace_contexts","updated_by","BIGINT UNSIGNED","N/A","N/A","YES","N/A","NO","YES","user_profiles","id","REJECTED_OR_MERGED","MERGED","FK user_profiles.id; FOREIGN KEY to user_profiles.id"
"user_workspace_contexts","deleted_at","TIMESTAMP","N/A","N/A","YES","N/A","NO","NO","N/A","N/A","REJECTED_OR_MERGED","MERGED","valid timestamp"
"user_workspace_contexts","deleted_by","BIGINT UNSIGNED","N/A","N/A","YES","N/A","NO","YES","user_profiles","id","REJECTED_OR_MERGED","MERGED","FK user_profiles.id; FOREIGN KEY to user_profiles.id"
"user_workspace_contexts","recent_items_json","JSON","N/A","N/A","YES","N/A","NO","NO","N/A","N/A","REJECTED_OR_MERGED","MERGED","JSON_VALID"
"user_workspace_contexts","sheet_id","BIGINT UNSIGNED","N/A","N/A","YES","N/A","NO","YES","bi_sheets","id","REJECTED_OR_MERGED","MERGED","FK bi_sheets.id; FOREIGN KEY to bi_sheets.id"
"user_workspace_contexts","user_id","BIGINT UNSIGNED","N/A","N/A","NO","N/A","NO","YES","user_profiles","id","REJECTED_OR_MERGED","MERGED","NOT NULL; FK user_profiles.id; FOREIGN KEY to user_profiles.id"
"user_favorite_items","id","BIGINT UNSIGNED","N/A","N/A","NO","N/A","YES","NO","N/A","N/A","P2_ENTERPRISE_FUTURE","DEFERRED","NOT NULL; PRIMARY KEY"
"user_favorite_items","organization_id","BIGINT UNSIGNED","N/A","N/A","NO","N/A","NO","YES","organizations","id","P2_ENTERPRISE_FUTURE","DEFERRED","NOT NULL; FK organizations.id; FOREIGN KEY to organizations.id"
"user_favorite_items","description","TEXT","N/A","N/A","YES","N/A","NO","NO","N/A","N/A","P2_ENTERPRISE_FUTURE","DEFERRED","N/A"
"user_favorite_items","status","VARCHAR","40","N/A","NO","active","NO","NO","N/A","N/A","P2_ENTERPRISE_FUTURE","DEFERRED","NOT NULL; ENUM/CHECK; ENUM/CHECK common_status"
"user_favorite_items","status_changed_at","DATETIME","N/A","N/A","YES","N/A","NO","NO","N/A","N/A","P2_ENTERPRISE_FUTURE","DEFERRED","Required by service when status is changed"
"user_favorite_items","status_changed_by","BIGINT UNSIGNED","N/A","N/A","YES","N/A","NO","YES","user_profiles","id","P2_ENTERPRISE_FUTURE","DEFERRED","FK user_profiles.id; set null if user profile is removed"
"user_favorite_items","is_active","TINYINT","1","N/A","NO","1","NO","NO","N/A","N/A","P2_ENTERPRISE_FUTURE","DEFERRED","NOT NULL"
"user_favorite_items","sort_order","INT","N/A","N/A","NO","0","NO","NO","N/A","N/A","P2_ENTERPRISE_FUTURE","DEFERRED","NOT NULL"
"user_favorite_items","created_at","TIMESTAMP","N/A","N/A","NO","CURRENT_TIMESTAMP","NO","NO","N/A","N/A","P2_ENTERPRISE_FUTURE","DEFERRED","NOT NULL; valid timestamp"
"user_favorite_items","created_by","BIGINT UNSIGNED","N/A","N/A","YES","N/A","NO","YES","user_profiles","id","P2_ENTERPRISE_FUTURE","DEFERRED","FK user_profiles.id; FOREIGN KEY to user_profiles.id"
"user_favorite_items","updated_at","TIMESTAMP","N/A","N/A","YES","CURRENT_TIMESTAMP ON UPDATE CURRENT_TIMESTAMP","NO","NO","N/A","N/A","P2_ENTERPRISE_FUTURE","DEFERRED","valid timestamp"
"user_favorite_items","updated_by","BIGINT UNSIGNED","N/A","N/A","YES","N/A","NO","YES","user_profiles","id","P2_ENTERPRISE_FUTURE","DEFERRED","FK user_profiles.id; FOREIGN KEY to user_profiles.id"
"user_favorite_items","deleted_at","TIMESTAMP","N/A","N/A","YES","N/A","NO","NO","N/A","N/A","P2_ENTERPRISE_FUTURE","DEFERRED","valid timestamp"
"user_favorite_items","deleted_by","BIGINT UNSIGNED","N/A","N/A","YES","N/A","NO","YES","user_profiles","id","P2_ENTERPRISE_FUTURE","DEFERRED","FK user_profiles.id; FOREIGN KEY to user_profiles.id"
"user_favorite_items","entity_id","BIGINT","N/A","N/A","NO","N/A","NO","NO","N/A","N/A","P2_ENTERPRISE_FUTURE","DEFERRED","NOT NULL"
"user_favorite_items","entity_type","VARCHAR","80","N/A","NO","N/A","NO","NO","N/A","N/A","P2_ENTERPRISE_FUTURE","DEFERRED","NOT NULL"
"user_favorite_items","user_id","BIGINT UNSIGNED","N/A","N/A","NO","N/A","NO","YES","user_profiles","id","P2_ENTERPRISE_FUTURE","DEFERRED","NOT NULL; FK user_profiles.id; FOREIGN KEY to user_profiles.id"
"navigation_history","id","BIGINT UNSIGNED","N/A","N/A","NO","N/A","YES","NO","N/A","N/A","P2_ENTERPRISE_FUTURE","DEFERRED","NOT NULL; PRIMARY KEY"
"navigation_history","organization_id","BIGINT UNSIGNED","N/A","N/A","NO","N/A","NO","YES","organizations","id","P2_ENTERPRISE_FUTURE","DEFERRED","NOT NULL; FK organizations.id; FOREIGN KEY to organizations.id"
"navigation_history","description","TEXT","N/A","N/A","YES","N/A","NO","NO","N/A","N/A","P2_ENTERPRISE_FUTURE","DEFERRED","N/A"
"navigation_history","created_at","TIMESTAMP","N/A","N/A","NO","CURRENT_TIMESTAMP","NO","NO","N/A","N/A","P2_ENTERPRISE_FUTURE","DEFERRED","NOT NULL; valid timestamp"
"navigation_history","created_by","BIGINT UNSIGNED","N/A","N/A","YES","N/A","NO","YES","user_profiles","id","P2_ENTERPRISE_FUTURE","DEFERRED","FK user_profiles.id; FOREIGN KEY to user_profiles.id"
"navigation_history","updated_at","TIMESTAMP","N/A","N/A","YES","CURRENT_TIMESTAMP ON UPDATE CURRENT_TIMESTAMP","NO","NO","N/A","N/A","P2_ENTERPRISE_FUTURE","DEFERRED","valid timestamp"
"navigation_history","updated_by","BIGINT UNSIGNED","N/A","N/A","YES","N/A","NO","YES","user_profiles","id","P2_ENTERPRISE_FUTURE","DEFERRED","FK user_profiles.id; FOREIGN KEY to user_profiles.id"
"navigation_history","entity_id","BIGINT","N/A","N/A","YES","N/A","NO","NO","N/A","N/A","P2_ENTERPRISE_FUTURE","DEFERRED","N/A"
"navigation_history","entity_type","VARCHAR","80","N/A","YES","N/A","NO","NO","N/A","N/A","P2_ENTERPRISE_FUTURE","DEFERRED","N/A"
"navigation_history","route_path","VARCHAR","500","N/A","NO","N/A","NO","NO","N/A","N/A","P2_ENTERPRISE_FUTURE","DEFERRED","NOT NULL"
"navigation_history","user_id","BIGINT UNSIGNED","N/A","N/A","YES","N/A","NO","YES","user_profiles","id","P2_ENTERPRISE_FUTURE","DEFERRED","FK user_profiles.id; FOREIGN KEY to user_profiles.id"
"navigation_history","visited_at","DATETIME","N/A","N/A","NO","N/A","NO","NO","N/A","N/A","P2_ENTERPRISE_FUTURE","DEFERRED","NOT NULL; valid timestamp"
"command_palette_actions","id","BIGINT UNSIGNED","N/A","N/A","NO","N/A","YES","NO","N/A","N/A","P2_ENTERPRISE_FUTURE","DEFERRED","NOT NULL; PRIMARY KEY"
"command_palette_actions","organization_id","BIGINT UNSIGNED","N/A","N/A","NO","N/A","NO","YES","organizations","id","P2_ENTERPRISE_FUTURE","DEFERRED","NOT NULL; FK organizations.id; FOREIGN KEY to organizations.id"
"command_palette_actions","code","VARCHAR","80","N/A","NO","N/A","NO","NO","N/A","N/A","P2_ENTERPRISE_FUTURE","DEFERRED","NOT NULL"
"command_palette_actions","name","VARCHAR","180","N/A","NO","N/A","NO","NO","N/A","N/A","P2_ENTERPRISE_FUTURE","DEFERRED","NOT NULL"
"command_palette_actions","description","TEXT","N/A","N/A","YES","N/A","NO","NO","N/A","N/A","P2_ENTERPRISE_FUTURE","DEFERRED","N/A"
"command_palette_actions","status","VARCHAR","40","N/A","NO","active","NO","NO","N/A","N/A","P2_ENTERPRISE_FUTURE","DEFERRED","NOT NULL; ENUM/CHECK; ENUM/CHECK common_status"
"command_palette_actions","status_changed_at","DATETIME","N/A","N/A","YES","N/A","NO","NO","N/A","N/A","P2_ENTERPRISE_FUTURE","DEFERRED","Required by service when status is changed"
"command_palette_actions","status_changed_by","BIGINT UNSIGNED","N/A","N/A","YES","N/A","NO","YES","user_profiles","id","P2_ENTERPRISE_FUTURE","DEFERRED","FK user_profiles.id; set null if user profile is removed"
"command_palette_actions","is_active","TINYINT","1","N/A","NO","1","NO","NO","N/A","N/A","P2_ENTERPRISE_FUTURE","DEFERRED","NOT NULL"
"command_palette_actions","created_at","TIMESTAMP","N/A","N/A","NO","CURRENT_TIMESTAMP","NO","NO","N/A","N/A","P2_ENTERPRISE_FUTURE","DEFERRED","NOT NULL; valid timestamp"
"command_palette_actions","created_by","BIGINT UNSIGNED","N/A","N/A","YES","N/A","NO","YES","user_profiles","id","P2_ENTERPRISE_FUTURE","DEFERRED","FK user_profiles.id; FOREIGN KEY to user_profiles.id"
"command_palette_actions","updated_at","TIMESTAMP","N/A","N/A","YES","CURRENT_TIMESTAMP ON UPDATE CURRENT_TIMESTAMP","NO","NO","N/A","N/A","P2_ENTERPRISE_FUTURE","DEFERRED","valid timestamp"
"command_palette_actions","updated_by","BIGINT UNSIGNED","N/A","N/A","YES","N/A","NO","YES","user_profiles","id","P2_ENTERPRISE_FUTURE","DEFERRED","FK user_profiles.id; FOREIGN KEY to user_profiles.id"
"command_palette_actions","deleted_at","TIMESTAMP","N/A","N/A","YES","N/A","NO","NO","N/A","N/A","P2_ENTERPRISE_FUTURE","DEFERRED","valid timestamp"
"command_palette_actions","deleted_by","BIGINT UNSIGNED","N/A","N/A","YES","N/A","NO","YES","user_profiles","id","P2_ENTERPRISE_FUTURE","DEFERRED","FK user_profiles.id; FOREIGN KEY to user_profiles.id"
"command_palette_actions","action_payload_json","JSON","N/A","N/A","YES","N/A","NO","NO","N/A","N/A","P2_ENTERPRISE_FUTURE","DEFERRED","JSON_VALID"
"command_palette_actions","icon_key","VARCHAR","80","N/A","YES","N/A","NO","NO","N/A","N/A","P2_ENTERPRISE_FUTURE","DEFERRED","N/A"
"command_palette_actions","required_permission","VARCHAR","160","N/A","YES","N/A","NO","NO","N/A","N/A","P2_ENTERPRISE_FUTURE","DEFERRED","N/A"
"command_palette_actions","route_path","VARCHAR","500","N/A","YES","N/A","NO","NO","N/A","N/A","P2_ENTERPRISE_FUTURE","DEFERRED","N/A"
"comments","id","BIGINT UNSIGNED","N/A","N/A","NO","N/A","YES","NO","N/A","N/A","P2_ENTERPRISE_FUTURE","DEFERRED","NOT NULL; PRIMARY KEY"
"comments","organization_id","BIGINT UNSIGNED","N/A","N/A","NO","N/A","NO","YES","organizations","id","P2_ENTERPRISE_FUTURE","DEFERRED","NOT NULL; FK organizations.id; FOREIGN KEY to organizations.id"
"comments","description","TEXT","N/A","N/A","YES","N/A","NO","NO","N/A","N/A","P2_ENTERPRISE_FUTURE","DEFERRED","N/A"
"comments","status","VARCHAR","40","N/A","NO","active","NO","NO","N/A","N/A","P2_ENTERPRISE_FUTURE","DEFERRED","NOT NULL; ENUM/CHECK; ENUM/CHECK common_status"
"comments","status_changed_at","DATETIME","N/A","N/A","YES","N/A","NO","NO","N/A","N/A","P2_ENTERPRISE_FUTURE","DEFERRED","Required by service when status is changed"
"comments","status_changed_by","BIGINT UNSIGNED","N/A","N/A","YES","N/A","NO","YES","user_profiles","id","P2_ENTERPRISE_FUTURE","DEFERRED","FK user_profiles.id; set null if user profile is removed"
"comments","is_active","TINYINT","1","N/A","NO","1","NO","NO","N/A","N/A","P2_ENTERPRISE_FUTURE","DEFERRED","NOT NULL"
"comments","created_at","TIMESTAMP","N/A","N/A","NO","CURRENT_TIMESTAMP","NO","NO","N/A","N/A","P2_ENTERPRISE_FUTURE","DEFERRED","NOT NULL; valid timestamp"
"comments","created_by","BIGINT UNSIGNED","N/A","N/A","YES","N/A","NO","YES","user_profiles","id","P2_ENTERPRISE_FUTURE","DEFERRED","FK user_profiles.id; FOREIGN KEY to user_profiles.id"
"comments","updated_at","TIMESTAMP","N/A","N/A","YES","CURRENT_TIMESTAMP ON UPDATE CURRENT_TIMESTAMP","NO","NO","N/A","N/A","P2_ENTERPRISE_FUTURE","DEFERRED","valid timestamp"
"comments","updated_by","BIGINT UNSIGNED","N/A","N/A","YES","N/A","NO","YES","user_profiles","id","P2_ENTERPRISE_FUTURE","DEFERRED","FK user_profiles.id; FOREIGN KEY to user_profiles.id"
"comments","deleted_at","TIMESTAMP","N/A","N/A","YES","N/A","NO","NO","N/A","N/A","P2_ENTERPRISE_FUTURE","DEFERRED","valid timestamp"
"comments","deleted_by","BIGINT UNSIGNED","N/A","N/A","YES","N/A","NO","YES","user_profiles","id","P2_ENTERPRISE_FUTURE","DEFERRED","FK user_profiles.id; FOREIGN KEY to user_profiles.id"
"comments","author_user_id","BIGINT UNSIGNED","N/A","N/A","NO","N/A","NO","YES","user_profiles","id","P2_ENTERPRISE_FUTURE","DEFERRED","NOT NULL; FK user_profiles.id; FOREIGN KEY to user_profiles.id"
"comments","comment_text","TEXT","N/A","N/A","NO","N/A","NO","NO","N/A","N/A","P2_ENTERPRISE_FUTURE","DEFERRED","NOT NULL"
"comments","parent_comment_id","BIGINT UNSIGNED","N/A","N/A","YES","N/A","NO","YES","comments","id","P2_ENTERPRISE_FUTURE","DEFERRED","FK comments.id; FOREIGN KEY to comments.id"
"comments","reference_id","BIGINT","N/A","N/A","NO","N/A","NO","NO","N/A","N/A","P2_ENTERPRISE_FUTURE","DEFERRED","NOT NULL"
"comments","reference_table","VARCHAR","120","N/A","NO","N/A","NO","NO","N/A","N/A","P2_ENTERPRISE_FUTURE","DEFERRED","NOT NULL"
"comments","resolved_at","DATETIME","N/A","N/A","YES","N/A","NO","NO","N/A","N/A","P2_ENTERPRISE_FUTURE","DEFERRED","valid timestamp"
"comments","resolved_by","BIGINT UNSIGNED","N/A","N/A","YES","N/A","NO","YES","user_profiles","id","P2_ENTERPRISE_FUTURE","DEFERRED","FK user_profiles.id; FOREIGN KEY to user_profiles.id"
"comment_mentions","id","BIGINT UNSIGNED","N/A","N/A","NO","N/A","YES","NO","N/A","N/A","P2_ENTERPRISE_FUTURE","DEFERRED","NOT NULL; PRIMARY KEY"
"comment_mentions","organization_id","BIGINT UNSIGNED","N/A","N/A","NO","N/A","NO","YES","organizations","id","P2_ENTERPRISE_FUTURE","DEFERRED","NOT NULL; FK organizations.id; FOREIGN KEY to organizations.id"
"comment_mentions","description","TEXT","N/A","N/A","YES","N/A","NO","NO","N/A","N/A","P2_ENTERPRISE_FUTURE","DEFERRED","N/A"
"comment_mentions","status","VARCHAR","40","N/A","NO","active","NO","NO","N/A","N/A","P2_ENTERPRISE_FUTURE","DEFERRED","NOT NULL; ENUM/CHECK; ENUM/CHECK common_status"
"comment_mentions","status_changed_at","DATETIME","N/A","N/A","YES","N/A","NO","NO","N/A","N/A","P2_ENTERPRISE_FUTURE","DEFERRED","Required by service when status is changed"
"comment_mentions","status_changed_by","BIGINT UNSIGNED","N/A","N/A","YES","N/A","NO","YES","user_profiles","id","P2_ENTERPRISE_FUTURE","DEFERRED","FK user_profiles.id; set null if user profile is removed"
"comment_mentions","is_active","TINYINT","1","N/A","NO","1","NO","NO","N/A","N/A","P2_ENTERPRISE_FUTURE","DEFERRED","NOT NULL"
"comment_mentions","created_at","TIMESTAMP","N/A","N/A","NO","CURRENT_TIMESTAMP","NO","NO","N/A","N/A","P2_ENTERPRISE_FUTURE","DEFERRED","NOT NULL; valid timestamp"
"comment_mentions","created_by","BIGINT UNSIGNED","N/A","N/A","YES","N/A","NO","YES","user_profiles","id","P2_ENTERPRISE_FUTURE","DEFERRED","FK user_profiles.id; FOREIGN KEY to user_profiles.id"
"comment_mentions","updated_at","TIMESTAMP","N/A","N/A","YES","CURRENT_TIMESTAMP ON UPDATE CURRENT_TIMESTAMP","NO","NO","N/A","N/A","P2_ENTERPRISE_FUTURE","DEFERRED","valid timestamp"
"comment_mentions","updated_by","BIGINT UNSIGNED","N/A","N/A","YES","N/A","NO","YES","user_profiles","id","P2_ENTERPRISE_FUTURE","DEFERRED","FK user_profiles.id; FOREIGN KEY to user_profiles.id"
"comment_mentions","deleted_at","TIMESTAMP","N/A","N/A","YES","N/A","NO","NO","N/A","N/A","P2_ENTERPRISE_FUTURE","DEFERRED","valid timestamp"
"comment_mentions","deleted_by","BIGINT UNSIGNED","N/A","N/A","YES","N/A","NO","YES","user_profiles","id","P2_ENTERPRISE_FUTURE","DEFERRED","FK user_profiles.id; FOREIGN KEY to user_profiles.id"
"comment_mentions","comment_id","BIGINT UNSIGNED","N/A","N/A","NO","N/A","NO","YES","comments","id","P2_ENTERPRISE_FUTURE","DEFERRED","NOT NULL; FK comments.id; FOREIGN KEY to comments.id"
"comment_mentions","mentioned_group_id","BIGINT UNSIGNED","N/A","N/A","YES","N/A","NO","YES","user_groups","id","P2_ENTERPRISE_FUTURE","DEFERRED","FK user_groups.id; FOREIGN KEY to user_groups.id"
"comment_mentions","mentioned_user_id","BIGINT UNSIGNED","N/A","N/A","YES","N/A","NO","YES","user_profiles","id","P2_ENTERPRISE_FUTURE","DEFERRED","FK user_profiles.id; FOREIGN KEY to user_profiles.id"
"comment_mentions","notification_sent","TINYINT","1","N/A","NO","0","NO","NO","N/A","N/A","P2_ENTERPRISE_FUTURE","DEFERRED","NOT NULL"
"notes","id","BIGINT UNSIGNED","N/A","N/A","NO","N/A","YES","NO","N/A","N/A","P2_ENTERPRISE_FUTURE","DEFERRED","NOT NULL; PRIMARY KEY"
"notes","organization_id","BIGINT UNSIGNED","N/A","N/A","NO","N/A","NO","YES","organizations","id","P2_ENTERPRISE_FUTURE","DEFERRED","NOT NULL; FK organizations.id; FOREIGN KEY to organizations.id"
"notes","description","TEXT","N/A","N/A","YES","N/A","NO","NO","N/A","N/A","P2_ENTERPRISE_FUTURE","DEFERRED","N/A"
"notes","status","VARCHAR","40","N/A","NO","active","NO","NO","N/A","N/A","P2_ENTERPRISE_FUTURE","DEFERRED","NOT NULL; ENUM/CHECK; ENUM/CHECK common_status"
"notes","status_changed_at","DATETIME","N/A","N/A","YES","N/A","NO","NO","N/A","N/A","P2_ENTERPRISE_FUTURE","DEFERRED","Required by service when status is changed"
"notes","status_changed_by","BIGINT UNSIGNED","N/A","N/A","YES","N/A","NO","YES","user_profiles","id","P2_ENTERPRISE_FUTURE","DEFERRED","FK user_profiles.id; set null if user profile is removed"
"notes","is_active","TINYINT","1","N/A","NO","1","NO","NO","N/A","N/A","P2_ENTERPRISE_FUTURE","DEFERRED","NOT NULL"
"notes","created_at","TIMESTAMP","N/A","N/A","NO","CURRENT_TIMESTAMP","NO","NO","N/A","N/A","P2_ENTERPRISE_FUTURE","DEFERRED","NOT NULL; valid timestamp"
"notes","created_by","BIGINT UNSIGNED","N/A","N/A","YES","N/A","NO","YES","user_profiles","id","P2_ENTERPRISE_FUTURE","DEFERRED","FK user_profiles.id; FOREIGN KEY to user_profiles.id"
"notes","updated_at","TIMESTAMP","N/A","N/A","YES","CURRENT_TIMESTAMP ON UPDATE CURRENT_TIMESTAMP","NO","NO","N/A","N/A","P2_ENTERPRISE_FUTURE","DEFERRED","valid timestamp"
"notes","updated_by","BIGINT UNSIGNED","N/A","N/A","YES","N/A","NO","YES","user_profiles","id","P2_ENTERPRISE_FUTURE","DEFERRED","FK user_profiles.id; FOREIGN KEY to user_profiles.id"
"notes","deleted_at","TIMESTAMP","N/A","N/A","YES","N/A","NO","NO","N/A","N/A","P2_ENTERPRISE_FUTURE","DEFERRED","valid timestamp"
"notes","deleted_by","BIGINT UNSIGNED","N/A","N/A","YES","N/A","NO","YES","user_profiles","id","P2_ENTERPRISE_FUTURE","DEFERRED","FK user_profiles.id; FOREIGN KEY to user_profiles.id"
"notes","is_private","TINYINT","1","N/A","NO","1","NO","NO","N/A","N/A","P2_ENTERPRISE_FUTURE","DEFERRED","NOT NULL"
"notes","note_text","TEXT","N/A","N/A","NO","N/A","NO","NO","N/A","N/A","P2_ENTERPRISE_FUTURE","DEFERRED","NOT NULL"
"notes","owner_user_id","BIGINT UNSIGNED","N/A","N/A","NO","N/A","NO","YES","user_profiles","id","P2_ENTERPRISE_FUTURE","DEFERRED","NOT NULL; FK user_profiles.id; FOREIGN KEY to user_profiles.id"
"notes","reference_id","BIGINT","N/A","N/A","NO","N/A","NO","NO","N/A","N/A","P2_ENTERPRISE_FUTURE","DEFERRED","NOT NULL"
"notes","reference_table","VARCHAR","120","N/A","NO","N/A","NO","NO","N/A","N/A","P2_ENTERPRISE_FUTURE","DEFERRED","NOT NULL"
"tags","id","BIGINT UNSIGNED","N/A","N/A","NO","N/A","YES","NO","N/A","N/A","P2_ENTERPRISE_FUTURE","DEFERRED","NOT NULL; PRIMARY KEY"
"tags","organization_id","BIGINT UNSIGNED","N/A","N/A","NO","N/A","NO","YES","organizations","id","P2_ENTERPRISE_FUTURE","DEFERRED","NOT NULL; FK organizations.id; FOREIGN KEY to organizations.id"
"tags","code","VARCHAR","80","N/A","NO","N/A","NO","NO","N/A","N/A","P2_ENTERPRISE_FUTURE","DEFERRED","NOT NULL"
"tags","name","VARCHAR","180","N/A","NO","N/A","NO","NO","N/A","N/A","P2_ENTERPRISE_FUTURE","DEFERRED","NOT NULL"
"tags","description","TEXT","N/A","N/A","YES","N/A","NO","NO","N/A","N/A","P2_ENTERPRISE_FUTURE","DEFERRED","N/A"
"tags","status","VARCHAR","40","N/A","NO","active","NO","NO","N/A","N/A","P2_ENTERPRISE_FUTURE","DEFERRED","NOT NULL; ENUM/CHECK; ENUM/CHECK common_status"
"tags","status_changed_at","DATETIME","N/A","N/A","YES","N/A","NO","NO","N/A","N/A","P2_ENTERPRISE_FUTURE","DEFERRED","Required by service when status is changed"
"tags","status_changed_by","BIGINT UNSIGNED","N/A","N/A","YES","N/A","NO","YES","user_profiles","id","P2_ENTERPRISE_FUTURE","DEFERRED","FK user_profiles.id; set null if user profile is removed"
"tags","is_active","TINYINT","1","N/A","NO","1","NO","NO","N/A","N/A","P2_ENTERPRISE_FUTURE","DEFERRED","NOT NULL"
"tags","created_at","TIMESTAMP","N/A","N/A","NO","CURRENT_TIMESTAMP","NO","NO","N/A","N/A","P2_ENTERPRISE_FUTURE","DEFERRED","NOT NULL; valid timestamp"
"tags","created_by","BIGINT UNSIGNED","N/A","N/A","YES","N/A","NO","YES","user_profiles","id","P2_ENTERPRISE_FUTURE","DEFERRED","FK user_profiles.id; FOREIGN KEY to user_profiles.id"
"tags","updated_at","TIMESTAMP","N/A","N/A","YES","CURRENT_TIMESTAMP ON UPDATE CURRENT_TIMESTAMP","NO","NO","N/A","N/A","P2_ENTERPRISE_FUTURE","DEFERRED","valid timestamp"
"tags","updated_by","BIGINT UNSIGNED","N/A","N/A","YES","N/A","NO","YES","user_profiles","id","P2_ENTERPRISE_FUTURE","DEFERRED","FK user_profiles.id; FOREIGN KEY to user_profiles.id"
"tags","deleted_at","TIMESTAMP","N/A","N/A","YES","N/A","NO","NO","N/A","N/A","P2_ENTERPRISE_FUTURE","DEFERRED","valid timestamp"
"tags","deleted_by","BIGINT UNSIGNED","N/A","N/A","YES","N/A","NO","YES","user_profiles","id","P2_ENTERPRISE_FUTURE","DEFERRED","FK user_profiles.id; FOREIGN KEY to user_profiles.id"
"tags","tag_color","VARCHAR","20","N/A","YES","N/A","NO","NO","N/A","N/A","P2_ENTERPRISE_FUTURE","DEFERRED","N/A"
"tags","tag_group","VARCHAR","80","N/A","YES","N/A","NO","NO","N/A","N/A","P2_ENTERPRISE_FUTURE","DEFERRED","N/A"
"tag_links","id","BIGINT UNSIGNED","N/A","N/A","NO","N/A","YES","NO","N/A","N/A","P2_ENTERPRISE_FUTURE","DEFERRED","NOT NULL; PRIMARY KEY"
"tag_links","organization_id","BIGINT UNSIGNED","N/A","N/A","NO","N/A","NO","YES","organizations","id","P2_ENTERPRISE_FUTURE","DEFERRED","NOT NULL; FK organizations.id; FOREIGN KEY to organizations.id"
"tag_links","description","TEXT","N/A","N/A","YES","N/A","NO","NO","N/A","N/A","P2_ENTERPRISE_FUTURE","DEFERRED","N/A"
"tag_links","status","VARCHAR","40","N/A","NO","active","NO","NO","N/A","N/A","P2_ENTERPRISE_FUTURE","DEFERRED","NOT NULL; ENUM/CHECK; ENUM/CHECK common_status"
"tag_links","status_changed_at","DATETIME","N/A","N/A","YES","N/A","NO","NO","N/A","N/A","P2_ENTERPRISE_FUTURE","DEFERRED","Required by service when status is changed"
"tag_links","status_changed_by","BIGINT UNSIGNED","N/A","N/A","YES","N/A","NO","YES","user_profiles","id","P2_ENTERPRISE_FUTURE","DEFERRED","FK user_profiles.id; set null if user profile is removed"
"tag_links","is_active","TINYINT","1","N/A","NO","1","NO","NO","N/A","N/A","P2_ENTERPRISE_FUTURE","DEFERRED","NOT NULL"
"tag_links","created_at","TIMESTAMP","N/A","N/A","NO","CURRENT_TIMESTAMP","NO","NO","N/A","N/A","P2_ENTERPRISE_FUTURE","DEFERRED","NOT NULL; valid timestamp"
"tag_links","created_by","BIGINT UNSIGNED","N/A","N/A","YES","N/A","NO","YES","user_profiles","id","P2_ENTERPRISE_FUTURE","DEFERRED","FK user_profiles.id; FOREIGN KEY to user_profiles.id"
"tag_links","updated_at","TIMESTAMP","N/A","N/A","YES","CURRENT_TIMESTAMP ON UPDATE CURRENT_TIMESTAMP","NO","NO","N/A","N/A","P2_ENTERPRISE_FUTURE","DEFERRED","valid timestamp"
"tag_links","updated_by","BIGINT UNSIGNED","N/A","N/A","YES","N/A","NO","YES","user_profiles","id","P2_ENTERPRISE_FUTURE","DEFERRED","FK user_profiles.id; FOREIGN KEY to user_profiles.id"
"tag_links","reference_id","BIGINT","N/A","N/A","NO","N/A","NO","NO","N/A","N/A","P2_ENTERPRISE_FUTURE","DEFERRED","NOT NULL"
"tag_links","reference_table","VARCHAR","120","N/A","NO","N/A","NO","NO","N/A","N/A","P2_ENTERPRISE_FUTURE","DEFERRED","NOT NULL"
"tag_links","tag_id","BIGINT UNSIGNED","N/A","N/A","NO","N/A","NO","YES","tags","id","P2_ENTERPRISE_FUTURE","DEFERRED","NOT NULL; FK tags.id; FOREIGN KEY to tags.id"
"annotations","id","BIGINT UNSIGNED","N/A","N/A","NO","N/A","YES","NO","N/A","N/A","P2_ENTERPRISE_FUTURE","DEFERRED","NOT NULL; PRIMARY KEY"
"annotations","organization_id","BIGINT UNSIGNED","N/A","N/A","NO","N/A","NO","YES","organizations","id","P2_ENTERPRISE_FUTURE","DEFERRED","NOT NULL; FK organizations.id; FOREIGN KEY to organizations.id"
"annotations","description","TEXT","N/A","N/A","YES","N/A","NO","NO","N/A","N/A","P2_ENTERPRISE_FUTURE","DEFERRED","N/A"
"annotations","status","VARCHAR","40","N/A","NO","active","NO","NO","N/A","N/A","P2_ENTERPRISE_FUTURE","DEFERRED","NOT NULL; ENUM/CHECK; ENUM/CHECK common_status"
"annotations","status_changed_at","DATETIME","N/A","N/A","YES","N/A","NO","NO","N/A","N/A","P2_ENTERPRISE_FUTURE","DEFERRED","Required by service when status is changed"
"annotations","status_changed_by","BIGINT UNSIGNED","N/A","N/A","YES","N/A","NO","YES","user_profiles","id","P2_ENTERPRISE_FUTURE","DEFERRED","FK user_profiles.id; set null if user profile is removed"
"annotations","is_active","TINYINT","1","N/A","NO","1","NO","NO","N/A","N/A","P2_ENTERPRISE_FUTURE","DEFERRED","NOT NULL"
"annotations","created_at","TIMESTAMP","N/A","N/A","NO","CURRENT_TIMESTAMP","NO","NO","N/A","N/A","P2_ENTERPRISE_FUTURE","DEFERRED","NOT NULL; valid timestamp"
"annotations","created_by","BIGINT UNSIGNED","N/A","N/A","YES","N/A","NO","YES","user_profiles","id","P2_ENTERPRISE_FUTURE","DEFERRED","FK user_profiles.id; FOREIGN KEY to user_profiles.id"
"annotations","updated_at","TIMESTAMP","N/A","N/A","YES","CURRENT_TIMESTAMP ON UPDATE CURRENT_TIMESTAMP","NO","NO","N/A","N/A","P2_ENTERPRISE_FUTURE","DEFERRED","valid timestamp"
"annotations","updated_by","BIGINT UNSIGNED","N/A","N/A","YES","N/A","NO","YES","user_profiles","id","P2_ENTERPRISE_FUTURE","DEFERRED","FK user_profiles.id; FOREIGN KEY to user_profiles.id"
"annotations","deleted_at","TIMESTAMP","N/A","N/A","YES","N/A","NO","NO","N/A","N/A","P2_ENTERPRISE_FUTURE","DEFERRED","valid timestamp"
"annotations","deleted_by","BIGINT UNSIGNED","N/A","N/A","YES","N/A","NO","YES","user_profiles","id","P2_ENTERPRISE_FUTURE","DEFERRED","FK user_profiles.id; FOREIGN KEY to user_profiles.id"
"annotations","annotation_text","TEXT","N/A","N/A","YES","N/A","NO","NO","N/A","N/A","P2_ENTERPRISE_FUTURE","DEFERRED","N/A"
"annotations","annotation_type","VARCHAR","80","N/A","NO","N/A","NO","NO","N/A","N/A","P2_ENTERPRISE_FUTURE","DEFERRED","NOT NULL"
"annotations","author_user_id","BIGINT UNSIGNED","N/A","N/A","NO","N/A","NO","YES","user_profiles","id","P2_ENTERPRISE_FUTURE","DEFERRED","NOT NULL; FK user_profiles.id; FOREIGN KEY to user_profiles.id"
"annotations","position_json","JSON","N/A","N/A","YES","N/A","NO","NO","N/A","N/A","P2_ENTERPRISE_FUTURE","DEFERRED","JSON_VALID"
"annotations","reference_id","BIGINT","N/A","N/A","NO","N/A","NO","NO","N/A","N/A","P2_ENTERPRISE_FUTURE","DEFERRED","NOT NULL"
"annotations","reference_table","VARCHAR","120","N/A","NO","N/A","NO","NO","N/A","N/A","P2_ENTERPRISE_FUTURE","DEFERRED","NOT NULL"
"approval_flows","id","BIGINT UNSIGNED","N/A","N/A","NO","N/A","YES","NO","N/A","N/A","P2_ENTERPRISE_FUTURE","DEFERRED","NOT NULL; PRIMARY KEY"
"approval_flows","organization_id","BIGINT UNSIGNED","N/A","N/A","NO","N/A","NO","YES","organizations","id","P2_ENTERPRISE_FUTURE","DEFERRED","NOT NULL; FK organizations.id; FOREIGN KEY to organizations.id"
"approval_flows","code","VARCHAR","80","N/A","NO","N/A","NO","NO","N/A","N/A","P2_ENTERPRISE_FUTURE","DEFERRED","NOT NULL"
"approval_flows","name","VARCHAR","180","N/A","NO","N/A","NO","NO","N/A","N/A","P2_ENTERPRISE_FUTURE","DEFERRED","NOT NULL"
"approval_flows","description","TEXT","N/A","N/A","YES","N/A","NO","NO","N/A","N/A","P2_ENTERPRISE_FUTURE","DEFERRED","N/A"
"approval_flows","status","VARCHAR","40","N/A","NO","active","NO","NO","N/A","N/A","P2_ENTERPRISE_FUTURE","DEFERRED","NOT NULL; ENUM/CHECK; ENUM/CHECK common_status"
"approval_flows","status_changed_at","DATETIME","N/A","N/A","YES","N/A","NO","NO","N/A","N/A","P2_ENTERPRISE_FUTURE","DEFERRED","Required by service when status is changed"
"approval_flows","status_changed_by","BIGINT UNSIGNED","N/A","N/A","YES","N/A","NO","YES","user_profiles","id","P2_ENTERPRISE_FUTURE","DEFERRED","FK user_profiles.id; set null if user profile is removed"
"approval_flows","is_active","TINYINT","1","N/A","NO","1","NO","NO","N/A","N/A","P2_ENTERPRISE_FUTURE","DEFERRED","NOT NULL"
"approval_flows","created_at","TIMESTAMP","N/A","N/A","NO","CURRENT_TIMESTAMP","NO","NO","N/A","N/A","P2_ENTERPRISE_FUTURE","DEFERRED","NOT NULL; valid timestamp"
"approval_flows","created_by","BIGINT UNSIGNED","N/A","N/A","YES","N/A","NO","YES","user_profiles","id","P2_ENTERPRISE_FUTURE","DEFERRED","FK user_profiles.id; FOREIGN KEY to user_profiles.id"
"approval_flows","updated_at","TIMESTAMP","N/A","N/A","YES","CURRENT_TIMESTAMP ON UPDATE CURRENT_TIMESTAMP","NO","NO","N/A","N/A","P2_ENTERPRISE_FUTURE","DEFERRED","valid timestamp"
"approval_flows","updated_by","BIGINT UNSIGNED","N/A","N/A","YES","N/A","NO","YES","user_profiles","id","P2_ENTERPRISE_FUTURE","DEFERRED","FK user_profiles.id; FOREIGN KEY to user_profiles.id"
"approval_flows","deleted_at","TIMESTAMP","N/A","N/A","YES","N/A","NO","NO","N/A","N/A","P2_ENTERPRISE_FUTURE","DEFERRED","valid timestamp"
"approval_flows","deleted_by","BIGINT UNSIGNED","N/A","N/A","YES","N/A","NO","YES","user_profiles","id","P2_ENTERPRISE_FUTURE","DEFERRED","FK user_profiles.id; FOREIGN KEY to user_profiles.id"
"approval_flows","entity_type","VARCHAR","80","N/A","NO","N/A","NO","NO","N/A","N/A","P2_ENTERPRISE_FUTURE","DEFERRED","NOT NULL"
"approval_flows","is_default","TINYINT","1","N/A","NO","0","NO","NO","N/A","N/A","P2_ENTERPRISE_FUTURE","DEFERRED","NOT NULL"
"approval_flows","version_no","INT","N/A","N/A","NO","1","NO","NO","N/A","N/A","P2_ENTERPRISE_FUTURE","DEFERRED","NOT NULL"
"approval_flow_steps","id","BIGINT UNSIGNED","N/A","N/A","NO","N/A","YES","NO","N/A","N/A","P2_ENTERPRISE_FUTURE","DEFERRED","NOT NULL; PRIMARY KEY"
"approval_flow_steps","organization_id","BIGINT UNSIGNED","N/A","N/A","NO","N/A","NO","YES","organizations","id","P2_ENTERPRISE_FUTURE","DEFERRED","NOT NULL; FK organizations.id; FOREIGN KEY to organizations.id"
"approval_flow_steps","description","TEXT","N/A","N/A","YES","N/A","NO","NO","N/A","N/A","P2_ENTERPRISE_FUTURE","DEFERRED","N/A"
"approval_flow_steps","status","VARCHAR","40","N/A","NO","active","NO","NO","N/A","N/A","P2_ENTERPRISE_FUTURE","DEFERRED","NOT NULL; ENUM/CHECK; ENUM/CHECK common_status"
"approval_flow_steps","status_changed_at","DATETIME","N/A","N/A","YES","N/A","NO","NO","N/A","N/A","P2_ENTERPRISE_FUTURE","DEFERRED","Required by service when status is changed"
"approval_flow_steps","status_changed_by","BIGINT UNSIGNED","N/A","N/A","YES","N/A","NO","YES","user_profiles","id","P2_ENTERPRISE_FUTURE","DEFERRED","FK user_profiles.id; set null if user profile is removed"
"approval_flow_steps","is_active","TINYINT","1","N/A","NO","1","NO","NO","N/A","N/A","P2_ENTERPRISE_FUTURE","DEFERRED","NOT NULL"
"approval_flow_steps","created_at","TIMESTAMP","N/A","N/A","NO","CURRENT_TIMESTAMP","NO","NO","N/A","N/A","P2_ENTERPRISE_FUTURE","DEFERRED","NOT NULL; valid timestamp"
"approval_flow_steps","created_by","BIGINT UNSIGNED","N/A","N/A","YES","N/A","NO","YES","user_profiles","id","P2_ENTERPRISE_FUTURE","DEFERRED","FK user_profiles.id; FOREIGN KEY to user_profiles.id"
"approval_flow_steps","updated_at","TIMESTAMP","N/A","N/A","YES","CURRENT_TIMESTAMP ON UPDATE CURRENT_TIMESTAMP","NO","NO","N/A","N/A","P2_ENTERPRISE_FUTURE","DEFERRED","valid timestamp"
"approval_flow_steps","updated_by","BIGINT UNSIGNED","N/A","N/A","YES","N/A","NO","YES","user_profiles","id","P2_ENTERPRISE_FUTURE","DEFERRED","FK user_profiles.id; FOREIGN KEY to user_profiles.id"
"approval_flow_steps","deleted_at","TIMESTAMP","N/A","N/A","YES","N/A","NO","NO","N/A","N/A","P2_ENTERPRISE_FUTURE","DEFERRED","valid timestamp"
"approval_flow_steps","deleted_by","BIGINT UNSIGNED","N/A","N/A","YES","N/A","NO","YES","user_profiles","id","P2_ENTERPRISE_FUTURE","DEFERRED","FK user_profiles.id; FOREIGN KEY to user_profiles.id"
"approval_flow_steps","all_assignees_required","TINYINT","1","N/A","NO","0","NO","NO","N/A","N/A","P2_ENTERPRISE_FUTURE","DEFERRED","NOT NULL"
"approval_flow_steps","approval_flow_id","BIGINT UNSIGNED","N/A","N/A","NO","N/A","NO","YES","approval_flows","id","P2_ENTERPRISE_FUTURE","DEFERRED","NOT NULL; FK approval_flows.id; FOREIGN KEY to approval_flows.id"
"approval_flow_steps","assignee_role_id","BIGINT UNSIGNED","N/A","N/A","YES","N/A","NO","YES","roles","id","P2_ENTERPRISE_FUTURE","DEFERRED","FK roles.id; FOREIGN KEY to roles.id"
"approval_flow_steps","assignee_type","VARCHAR","60","N/A","NO","N/A","NO","NO","N/A","N/A","P2_ENTERPRISE_FUTURE","DEFERRED","NOT NULL"
"approval_flow_steps","assignee_user_id","BIGINT UNSIGNED","N/A","N/A","YES","N/A","NO","YES","user_profiles","id","P2_ENTERPRISE_FUTURE","DEFERRED","FK user_profiles.id; FOREIGN KEY to user_profiles.id"
"approval_flow_steps","step_name","VARCHAR","180","N/A","NO","N/A","NO","NO","N/A","N/A","P2_ENTERPRISE_FUTURE","DEFERRED","NOT NULL"
"approval_flow_steps","step_no","INT","N/A","N/A","NO","N/A","NO","NO","N/A","N/A","P2_ENTERPRISE_FUTURE","DEFERRED","NOT NULL"
"approval_conditions","id","BIGINT UNSIGNED","N/A","N/A","NO","N/A","YES","NO","N/A","N/A","P2_ENTERPRISE_FUTURE","DEFERRED","NOT NULL; PRIMARY KEY"
"approval_conditions","organization_id","BIGINT UNSIGNED","N/A","N/A","NO","N/A","NO","YES","organizations","id","P2_ENTERPRISE_FUTURE","DEFERRED","NOT NULL; FK organizations.id; FOREIGN KEY to organizations.id"
"approval_conditions","description","TEXT","N/A","N/A","YES","N/A","NO","NO","N/A","N/A","P2_ENTERPRISE_FUTURE","DEFERRED","N/A"
"approval_conditions","status","VARCHAR","40","N/A","NO","active","NO","NO","N/A","N/A","P2_ENTERPRISE_FUTURE","DEFERRED","NOT NULL; ENUM/CHECK; ENUM/CHECK common_status"
"approval_conditions","status_changed_at","DATETIME","N/A","N/A","YES","N/A","NO","NO","N/A","N/A","P2_ENTERPRISE_FUTURE","DEFERRED","Required by service when status is changed"
"approval_conditions","status_changed_by","BIGINT UNSIGNED","N/A","N/A","YES","N/A","NO","YES","user_profiles","id","P2_ENTERPRISE_FUTURE","DEFERRED","FK user_profiles.id; set null if user profile is removed"
"approval_conditions","is_active","TINYINT","1","N/A","NO","1","NO","NO","N/A","N/A","P2_ENTERPRISE_FUTURE","DEFERRED","NOT NULL"
"approval_conditions","created_at","TIMESTAMP","N/A","N/A","NO","CURRENT_TIMESTAMP","NO","NO","N/A","N/A","P2_ENTERPRISE_FUTURE","DEFERRED","NOT NULL; valid timestamp"
"approval_conditions","created_by","BIGINT UNSIGNED","N/A","N/A","YES","N/A","NO","YES","user_profiles","id","P2_ENTERPRISE_FUTURE","DEFERRED","FK user_profiles.id; FOREIGN KEY to user_profiles.id"
"approval_conditions","updated_at","TIMESTAMP","N/A","N/A","YES","CURRENT_TIMESTAMP ON UPDATE CURRENT_TIMESTAMP","NO","NO","N/A","N/A","P2_ENTERPRISE_FUTURE","DEFERRED","valid timestamp"
"approval_conditions","updated_by","BIGINT UNSIGNED","N/A","N/A","YES","N/A","NO","YES","user_profiles","id","P2_ENTERPRISE_FUTURE","DEFERRED","FK user_profiles.id; FOREIGN KEY to user_profiles.id"
"approval_conditions","deleted_at","TIMESTAMP","N/A","N/A","YES","N/A","NO","NO","N/A","N/A","P2_ENTERPRISE_FUTURE","DEFERRED","valid timestamp"
"approval_conditions","deleted_by","BIGINT UNSIGNED","N/A","N/A","YES","N/A","NO","YES","user_profiles","id","P2_ENTERPRISE_FUTURE","DEFERRED","FK user_profiles.id; FOREIGN KEY to user_profiles.id"
"approval_conditions","approval_flow_id","BIGINT UNSIGNED","N/A","N/A","NO","N/A","NO","YES","approval_flows","id","P2_ENTERPRISE_FUTURE","DEFERRED","NOT NULL; FK approval_flows.id; FOREIGN KEY to approval_flows.id"
"approval_conditions","approval_flow_step_id","BIGINT UNSIGNED","N/A","N/A","YES","N/A","NO","YES","approval_flow_steps","id","P2_ENTERPRISE_FUTURE","DEFERRED","FK approval_flow_steps.id; FOREIGN KEY to approval_flow_steps.id"
"approval_conditions","condition_key","VARCHAR","120","N/A","NO","N/A","NO","NO","N/A","N/A","P2_ENTERPRISE_FUTURE","DEFERRED","NOT NULL"
"approval_conditions","condition_value_json","JSON","N/A","N/A","NO","N/A","NO","NO","N/A","N/A","P2_ENTERPRISE_FUTURE","DEFERRED","NOT NULL; JSON_VALID"
"approval_conditions","operator","VARCHAR","40","N/A","NO","N/A","NO","NO","N/A","N/A","P2_ENTERPRISE_FUTURE","DEFERRED","NOT NULL; ENUM/CHECK; ENUM/CHECK operator_type"
"approval_requests","id","BIGINT UNSIGNED","N/A","N/A","NO","N/A","YES","NO","N/A","N/A","P2_ENTERPRISE_FUTURE","DEFERRED","NOT NULL; PRIMARY KEY"
"approval_requests","organization_id","BIGINT UNSIGNED","N/A","N/A","NO","N/A","NO","YES","organizations","id","P2_ENTERPRISE_FUTURE","DEFERRED","NOT NULL; FK organizations.id; FOREIGN KEY to organizations.id"
"approval_requests","branch_id","BIGINT UNSIGNED","N/A","N/A","YES","N/A","NO","YES","branches","id","P2_ENTERPRISE_FUTURE","DEFERRED","FK branches.id; nullable for organization-level records"
"approval_requests","description","TEXT","N/A","N/A","YES","N/A","NO","NO","N/A","N/A","P2_ENTERPRISE_FUTURE","DEFERRED","N/A"
"approval_requests","status","VARCHAR","40","N/A","NO","pending","NO","NO","N/A","N/A","P2_ENTERPRISE_FUTURE","DEFERRED","NOT NULL; ENUM/CHECK; ENUM/CHECK approval_status"
"approval_requests","status_changed_at","DATETIME","N/A","N/A","YES","N/A","NO","NO","N/A","N/A","P2_ENTERPRISE_FUTURE","DEFERRED","Required by service when status is changed"
"approval_requests","status_changed_by","BIGINT UNSIGNED","N/A","N/A","YES","N/A","NO","YES","user_profiles","id","P2_ENTERPRISE_FUTURE","DEFERRED","FK user_profiles.id; set null if user profile is removed"
"approval_requests","is_active","TINYINT","1","N/A","NO","1","NO","NO","N/A","N/A","P2_ENTERPRISE_FUTURE","DEFERRED","NOT NULL"
"approval_requests","remarks","TEXT","N/A","N/A","YES","N/A","NO","NO","N/A","N/A","P2_ENTERPRISE_FUTURE","DEFERRED","Optional free text; sanitize before display"
"approval_requests","created_at","TIMESTAMP","N/A","N/A","NO","CURRENT_TIMESTAMP","NO","NO","N/A","N/A","P2_ENTERPRISE_FUTURE","DEFERRED","NOT NULL; valid timestamp"
"approval_requests","created_by","BIGINT UNSIGNED","N/A","N/A","YES","N/A","NO","YES","user_profiles","id","P2_ENTERPRISE_FUTURE","DEFERRED","FK user_profiles.id; FOREIGN KEY to user_profiles.id"
"approval_requests","updated_at","TIMESTAMP","N/A","N/A","YES","CURRENT_TIMESTAMP ON UPDATE CURRENT_TIMESTAMP","NO","NO","N/A","N/A","P2_ENTERPRISE_FUTURE","DEFERRED","valid timestamp"
"approval_requests","updated_by","BIGINT UNSIGNED","N/A","N/A","YES","N/A","NO","YES","user_profiles","id","P2_ENTERPRISE_FUTURE","DEFERRED","FK user_profiles.id; FOREIGN KEY to user_profiles.id"
"approval_requests","deleted_at","TIMESTAMP","N/A","N/A","YES","N/A","NO","NO","N/A","N/A","P2_ENTERPRISE_FUTURE","DEFERRED","valid timestamp"
"approval_requests","deleted_by","BIGINT UNSIGNED","N/A","N/A","YES","N/A","NO","YES","user_profiles","id","P2_ENTERPRISE_FUTURE","DEFERRED","FK user_profiles.id; FOREIGN KEY to user_profiles.id"
"approval_requests","approval_flow_id","BIGINT UNSIGNED","N/A","N/A","YES","N/A","NO","YES","approval_flows","id","P2_ENTERPRISE_FUTURE","DEFERRED","FK approval_flows.id; FOREIGN KEY to approval_flows.id"
"approval_requests","completed_at","DATETIME","N/A","N/A","YES","N/A","NO","NO","N/A","N/A","P2_ENTERPRISE_FUTURE","DEFERRED","valid timestamp"
"approval_requests","reference_id","BIGINT","N/A","N/A","NO","N/A","NO","NO","N/A","N/A","P2_ENTERPRISE_FUTURE","DEFERRED","NOT NULL"
"approval_requests","reference_table","VARCHAR","120","N/A","NO","N/A","NO","NO","N/A","N/A","P2_ENTERPRISE_FUTURE","DEFERRED","NOT NULL"
"approval_requests","request_reason","TEXT","N/A","N/A","YES","N/A","NO","NO","N/A","N/A","P2_ENTERPRISE_FUTURE","DEFERRED","N/A"
"approval_requests","requested_by","BIGINT UNSIGNED","N/A","N/A","NO","N/A","NO","YES","user_profiles","id","P2_ENTERPRISE_FUTURE","DEFERRED","NOT NULL; FK user_profiles.id; FOREIGN KEY to user_profiles.id"
"approval_requests","submitted_at","DATETIME","N/A","N/A","NO","N/A","NO","NO","N/A","N/A","P2_ENTERPRISE_FUTURE","DEFERRED","NOT NULL; valid timestamp"
"approval_request_steps","id","BIGINT UNSIGNED","N/A","N/A","NO","N/A","YES","NO","N/A","N/A","P2_ENTERPRISE_FUTURE","DEFERRED","NOT NULL; PRIMARY KEY"
"approval_request_steps","organization_id","BIGINT UNSIGNED","N/A","N/A","NO","N/A","NO","YES","organizations","id","P2_ENTERPRISE_FUTURE","DEFERRED","NOT NULL; FK organizations.id; FOREIGN KEY to organizations.id"
"approval_request_steps","description","TEXT","N/A","N/A","YES","N/A","NO","NO","N/A","N/A","P2_ENTERPRISE_FUTURE","DEFERRED","N/A"
"approval_request_steps","status","VARCHAR","40","N/A","NO","pending","NO","NO","N/A","N/A","P2_ENTERPRISE_FUTURE","DEFERRED","NOT NULL; ENUM/CHECK; ENUM/CHECK approval_status"
"approval_request_steps","status_changed_at","DATETIME","N/A","N/A","YES","N/A","NO","NO","N/A","N/A","P2_ENTERPRISE_FUTURE","DEFERRED","Required by service when status is changed"
"approval_request_steps","status_changed_by","BIGINT UNSIGNED","N/A","N/A","YES","N/A","NO","YES","user_profiles","id","P2_ENTERPRISE_FUTURE","DEFERRED","FK user_profiles.id; set null if user profile is removed"
"approval_request_steps","is_active","TINYINT","1","N/A","NO","1","NO","NO","N/A","N/A","P2_ENTERPRISE_FUTURE","DEFERRED","NOT NULL"
"approval_request_steps","remarks","TEXT","N/A","N/A","YES","N/A","NO","NO","N/A","N/A","P2_ENTERPRISE_FUTURE","DEFERRED","Optional free text; sanitize before display"
"approval_request_steps","created_at","TIMESTAMP","N/A","N/A","NO","CURRENT_TIMESTAMP","NO","NO","N/A","N/A","P2_ENTERPRISE_FUTURE","DEFERRED","NOT NULL; valid timestamp"
"approval_request_steps","created_by","BIGINT UNSIGNED","N/A","N/A","YES","N/A","NO","YES","user_profiles","id","P2_ENTERPRISE_FUTURE","DEFERRED","FK user_profiles.id; FOREIGN KEY to user_profiles.id"
"approval_request_steps","updated_at","TIMESTAMP","N/A","N/A","YES","CURRENT_TIMESTAMP ON UPDATE CURRENT_TIMESTAMP","NO","NO","N/A","N/A","P2_ENTERPRISE_FUTURE","DEFERRED","valid timestamp"
"approval_request_steps","updated_by","BIGINT UNSIGNED","N/A","N/A","YES","N/A","NO","YES","user_profiles","id","P2_ENTERPRISE_FUTURE","DEFERRED","FK user_profiles.id; FOREIGN KEY to user_profiles.id"
"approval_request_steps","deleted_at","TIMESTAMP","N/A","N/A","YES","N/A","NO","NO","N/A","N/A","P2_ENTERPRISE_FUTURE","DEFERRED","valid timestamp"
"approval_request_steps","deleted_by","BIGINT UNSIGNED","N/A","N/A","YES","N/A","NO","YES","user_profiles","id","P2_ENTERPRISE_FUTURE","DEFERRED","FK user_profiles.id; FOREIGN KEY to user_profiles.id"
"approval_request_steps","approval_request_id","BIGINT UNSIGNED","N/A","N/A","NO","N/A","NO","YES","approval_requests","id","P2_ENTERPRISE_FUTURE","DEFERRED","NOT NULL; FK approval_requests.id; FOREIGN KEY to approval_requests.id"
"approval_request_steps","assigned_role_id","BIGINT UNSIGNED","N/A","N/A","YES","N/A","NO","YES","roles","id","P2_ENTERPRISE_FUTURE","DEFERRED","FK roles.id; FOREIGN KEY to roles.id"
"approval_request_steps","assigned_user_id","BIGINT UNSIGNED","N/A","N/A","YES","N/A","NO","YES","user_profiles","id","P2_ENTERPRISE_FUTURE","DEFERRED","FK user_profiles.id; FOREIGN KEY to user_profiles.id"
"approval_request_steps","completed_at","DATETIME","N/A","N/A","YES","N/A","NO","NO","N/A","N/A","P2_ENTERPRISE_FUTURE","DEFERRED","valid timestamp"
"approval_request_steps","due_at","DATETIME","N/A","N/A","YES","N/A","NO","NO","N/A","N/A","P2_ENTERPRISE_FUTURE","DEFERRED","valid timestamp"
"approval_request_steps","step_name","VARCHAR","180","N/A","NO","N/A","NO","NO","N/A","N/A","P2_ENTERPRISE_FUTURE","DEFERRED","NOT NULL"
"approval_request_steps","step_no","INT","N/A","N/A","NO","N/A","NO","NO","N/A","N/A","P2_ENTERPRISE_FUTURE","DEFERRED","NOT NULL"
"approval_actions","id","BIGINT UNSIGNED","N/A","N/A","NO","N/A","YES","NO","N/A","N/A","P2_ENTERPRISE_FUTURE","DEFERRED","NOT NULL; PRIMARY KEY"
"approval_actions","organization_id","BIGINT UNSIGNED","N/A","N/A","NO","N/A","NO","YES","organizations","id","P2_ENTERPRISE_FUTURE","DEFERRED","NOT NULL; FK organizations.id; FOREIGN KEY to organizations.id"
"approval_actions","description","TEXT","N/A","N/A","YES","N/A","NO","NO","N/A","N/A","P2_ENTERPRISE_FUTURE","DEFERRED","N/A"
"approval_actions","status","VARCHAR","40","N/A","NO","approved","NO","NO","N/A","N/A","P2_ENTERPRISE_FUTURE","DEFERRED","NOT NULL; ENUM/CHECK; ENUM/CHECK approval_status"
"approval_actions","status_changed_at","DATETIME","N/A","N/A","YES","N/A","NO","NO","N/A","N/A","P2_ENTERPRISE_FUTURE","DEFERRED","Required by service when status is changed"
"approval_actions","status_changed_by","BIGINT UNSIGNED","N/A","N/A","YES","N/A","NO","YES","user_profiles","id","P2_ENTERPRISE_FUTURE","DEFERRED","FK user_profiles.id; set null if user profile is removed"
"approval_actions","remarks","TEXT","N/A","N/A","YES","N/A","NO","NO","N/A","N/A","P2_ENTERPRISE_FUTURE","DEFERRED","Optional free text; sanitize before display"
"approval_actions","created_at","TIMESTAMP","N/A","N/A","NO","CURRENT_TIMESTAMP","NO","NO","N/A","N/A","P2_ENTERPRISE_FUTURE","DEFERRED","NOT NULL; valid timestamp"
"approval_actions","created_by","BIGINT UNSIGNED","N/A","N/A","YES","N/A","NO","YES","user_profiles","id","P2_ENTERPRISE_FUTURE","DEFERRED","FK user_profiles.id; FOREIGN KEY to user_profiles.id"
"approval_actions","updated_at","TIMESTAMP","N/A","N/A","YES","CURRENT_TIMESTAMP ON UPDATE CURRENT_TIMESTAMP","NO","NO","N/A","N/A","P2_ENTERPRISE_FUTURE","DEFERRED","valid timestamp"
"approval_actions","updated_by","BIGINT UNSIGNED","N/A","N/A","YES","N/A","NO","YES","user_profiles","id","P2_ENTERPRISE_FUTURE","DEFERRED","FK user_profiles.id; FOREIGN KEY to user_profiles.id"
"approval_actions","acted_at","DATETIME","N/A","N/A","NO","N/A","NO","NO","N/A","N/A","P2_ENTERPRISE_FUTURE","DEFERRED","NOT NULL; valid timestamp"
"approval_actions","action_comment","TEXT","N/A","N/A","YES","N/A","NO","NO","N/A","N/A","P2_ENTERPRISE_FUTURE","DEFERRED","N/A"
"approval_actions","action_type","VARCHAR","60","N/A","NO","N/A","NO","NO","N/A","N/A","P2_ENTERPRISE_FUTURE","DEFERRED","NOT NULL"
"approval_actions","actor_user_id","BIGINT UNSIGNED","N/A","N/A","NO","N/A","NO","YES","user_profiles","id","P2_ENTERPRISE_FUTURE","DEFERRED","NOT NULL; FK user_profiles.id; FOREIGN KEY to user_profiles.id"
"approval_actions","approval_request_step_id","BIGINT UNSIGNED","N/A","N/A","NO","N/A","NO","YES","approval_request_steps","id","P2_ENTERPRISE_FUTURE","DEFERRED","NOT NULL; FK approval_request_steps.id; FOREIGN KEY to approval_request_steps.id"
"approval_delegations","id","BIGINT UNSIGNED","N/A","N/A","NO","N/A","YES","NO","N/A","N/A","P2_ENTERPRISE_FUTURE","DEFERRED","NOT NULL; PRIMARY KEY"
"approval_delegations","organization_id","BIGINT UNSIGNED","N/A","N/A","NO","N/A","NO","YES","organizations","id","P2_ENTERPRISE_FUTURE","DEFERRED","NOT NULL; FK organizations.id; FOREIGN KEY to organizations.id"
"approval_delegations","description","TEXT","N/A","N/A","YES","N/A","NO","NO","N/A","N/A","P2_ENTERPRISE_FUTURE","DEFERRED","N/A"
"approval_delegations","status","VARCHAR","40","N/A","NO","active","NO","NO","N/A","N/A","P2_ENTERPRISE_FUTURE","DEFERRED","NOT NULL; ENUM/CHECK; ENUM/CHECK common_status"
"approval_delegations","status_changed_at","DATETIME","N/A","N/A","YES","N/A","NO","NO","N/A","N/A","P2_ENTERPRISE_FUTURE","DEFERRED","Required by service when status is changed"
"approval_delegations","status_changed_by","BIGINT UNSIGNED","N/A","N/A","YES","N/A","NO","YES","user_profiles","id","P2_ENTERPRISE_FUTURE","DEFERRED","FK user_profiles.id; set null if user profile is removed"
"approval_delegations","is_active","TINYINT","1","N/A","NO","1","NO","NO","N/A","N/A","P2_ENTERPRISE_FUTURE","DEFERRED","NOT NULL"
"approval_delegations","remarks","TEXT","N/A","N/A","YES","N/A","NO","NO","N/A","N/A","P2_ENTERPRISE_FUTURE","DEFERRED","Optional free text; sanitize before display"
"approval_delegations","created_at","TIMESTAMP","N/A","N/A","NO","CURRENT_TIMESTAMP","NO","NO","N/A","N/A","P2_ENTERPRISE_FUTURE","DEFERRED","NOT NULL; valid timestamp"
"approval_delegations","created_by","BIGINT UNSIGNED","N/A","N/A","YES","N/A","NO","YES","user_profiles","id","P2_ENTERPRISE_FUTURE","DEFERRED","FK user_profiles.id; FOREIGN KEY to user_profiles.id"
"approval_delegations","updated_at","TIMESTAMP","N/A","N/A","YES","CURRENT_TIMESTAMP ON UPDATE CURRENT_TIMESTAMP","NO","NO","N/A","N/A","P2_ENTERPRISE_FUTURE","DEFERRED","valid timestamp"
"approval_delegations","updated_by","BIGINT UNSIGNED","N/A","N/A","YES","N/A","NO","YES","user_profiles","id","P2_ENTERPRISE_FUTURE","DEFERRED","FK user_profiles.id; FOREIGN KEY to user_profiles.id"
"approval_delegations","deleted_at","TIMESTAMP","N/A","N/A","YES","N/A","NO","NO","N/A","N/A","P2_ENTERPRISE_FUTURE","DEFERRED","valid timestamp"
"approval_delegations","deleted_by","BIGINT UNSIGNED","N/A","N/A","YES","N/A","NO","YES","user_profiles","id","P2_ENTERPRISE_FUTURE","DEFERRED","FK user_profiles.id; FOREIGN KEY to user_profiles.id"
"approval_delegations","delegate_user_id","BIGINT UNSIGNED","N/A","N/A","NO","N/A","NO","YES","user_profiles","id","P2_ENTERPRISE_FUTURE","DEFERRED","NOT NULL; FK user_profiles.id; FOREIGN KEY to user_profiles.id"
"approval_delegations","delegation_scope","VARCHAR","120","N/A","YES","N/A","NO","NO","N/A","N/A","P2_ENTERPRISE_FUTURE","DEFERRED","N/A"
"approval_delegations","delegator_user_id","BIGINT UNSIGNED","N/A","N/A","NO","N/A","NO","YES","user_profiles","id","P2_ENTERPRISE_FUTURE","DEFERRED","NOT NULL; FK user_profiles.id; FOREIGN KEY to user_profiles.id"
"approval_delegations","effective_from","DATETIME","N/A","N/A","NO","N/A","NO","NO","N/A","N/A","P2_ENTERPRISE_FUTURE","DEFERRED","NOT NULL"
"approval_delegations","effective_to","DATETIME","N/A","N/A","NO","N/A","NO","NO","N/A","N/A","P2_ENTERPRISE_FUTURE","DEFERRED","NOT NULL"
"workflow_instances","id","BIGINT UNSIGNED","N/A","N/A","NO","N/A","YES","NO","N/A","N/A","P2_ENTERPRISE_FUTURE","DEFERRED","NOT NULL; PRIMARY KEY"
"workflow_instances","organization_id","BIGINT UNSIGNED","N/A","N/A","NO","N/A","NO","YES","organizations","id","P2_ENTERPRISE_FUTURE","DEFERRED","NOT NULL; FK organizations.id; FOREIGN KEY to organizations.id"
"workflow_instances","description","TEXT","N/A","N/A","YES","N/A","NO","NO","N/A","N/A","P2_ENTERPRISE_FUTURE","DEFERRED","N/A"
"workflow_instances","status","VARCHAR","40","N/A","NO","running","NO","NO","N/A","N/A","P2_ENTERPRISE_FUTURE","DEFERRED","NOT NULL; ENUM/CHECK; ENUM/CHECK job_status"
"workflow_instances","status_changed_at","DATETIME","N/A","N/A","YES","N/A","NO","NO","N/A","N/A","P2_ENTERPRISE_FUTURE","DEFERRED","Required by service when status is changed"
"workflow_instances","status_changed_by","BIGINT UNSIGNED","N/A","N/A","YES","N/A","NO","YES","user_profiles","id","P2_ENTERPRISE_FUTURE","DEFERRED","FK user_profiles.id; set null if user profile is removed"
"workflow_instances","is_active","TINYINT","1","N/A","NO","1","NO","NO","N/A","N/A","P2_ENTERPRISE_FUTURE","DEFERRED","NOT NULL"
"workflow_instances","remarks","TEXT","N/A","N/A","YES","N/A","NO","NO","N/A","N/A","P2_ENTERPRISE_FUTURE","DEFERRED","Optional free text; sanitize before display"
"workflow_instances","metadata_json","JSON","N/A","N/A","YES","N/A","NO","NO","N/A","N/A","P2_ENTERPRISE_FUTURE","DEFERRED","JSON_VALID"
"workflow_instances","created_at","TIMESTAMP","N/A","N/A","NO","CURRENT_TIMESTAMP","NO","NO","N/A","N/A","P2_ENTERPRISE_FUTURE","DEFERRED","NOT NULL; valid timestamp"
"workflow_instances","created_by","BIGINT UNSIGNED","N/A","N/A","YES","N/A","NO","YES","user_profiles","id","P2_ENTERPRISE_FUTURE","DEFERRED","FK user_profiles.id; FOREIGN KEY to user_profiles.id"
"workflow_instances","updated_at","TIMESTAMP","N/A","N/A","YES","CURRENT_TIMESTAMP ON UPDATE CURRENT_TIMESTAMP","NO","NO","N/A","N/A","P2_ENTERPRISE_FUTURE","DEFERRED","valid timestamp"
"workflow_instances","updated_by","BIGINT UNSIGNED","N/A","N/A","YES","N/A","NO","YES","user_profiles","id","P2_ENTERPRISE_FUTURE","DEFERRED","FK user_profiles.id; FOREIGN KEY to user_profiles.id"
"workflow_instances","deleted_at","TIMESTAMP","N/A","N/A","YES","N/A","NO","NO","N/A","N/A","P2_ENTERPRISE_FUTURE","DEFERRED","valid timestamp"
"workflow_instances","deleted_by","BIGINT UNSIGNED","N/A","N/A","YES","N/A","NO","YES","user_profiles","id","P2_ENTERPRISE_FUTURE","DEFERRED","FK user_profiles.id; FOREIGN KEY to user_profiles.id"
"workflow_instances","finished_at","DATETIME","N/A","N/A","YES","N/A","NO","NO","N/A","N/A","P2_ENTERPRISE_FUTURE","DEFERRED","valid timestamp"
"workflow_instances","reference_id","BIGINT","N/A","N/A","NO","N/A","NO","NO","N/A","N/A","P2_ENTERPRISE_FUTURE","DEFERRED","NOT NULL"
"workflow_instances","reference_table","VARCHAR","120","N/A","NO","N/A","NO","NO","N/A","N/A","P2_ENTERPRISE_FUTURE","DEFERRED","NOT NULL"
"workflow_instances","started_at","DATETIME","N/A","N/A","NO","N/A","NO","NO","N/A","N/A","P2_ENTERPRISE_FUTURE","DEFERRED","NOT NULL; valid timestamp"
"workflow_instances","state_json","JSON","N/A","N/A","YES","N/A","NO","NO","N/A","N/A","P2_ENTERPRISE_FUTURE","DEFERRED","JSON_VALID"
"workflow_instances","workflow_key","VARCHAR","120","N/A","NO","N/A","NO","NO","N/A","N/A","P2_ENTERPRISE_FUTURE","DEFERRED","NOT NULL"
"workflow_history","id","BIGINT UNSIGNED","N/A","N/A","NO","N/A","YES","NO","N/A","N/A","P2_ENTERPRISE_FUTURE","DEFERRED","NOT NULL; PRIMARY KEY"
"workflow_history","organization_id","BIGINT UNSIGNED","N/A","N/A","NO","N/A","NO","YES","organizations","id","P2_ENTERPRISE_FUTURE","DEFERRED","NOT NULL; FK organizations.id; FOREIGN KEY to organizations.id"
"workflow_history","description","TEXT","N/A","N/A","YES","N/A","NO","NO","N/A","N/A","P2_ENTERPRISE_FUTURE","DEFERRED","N/A"
"workflow_history","remarks","TEXT","N/A","N/A","YES","N/A","NO","NO","N/A","N/A","P2_ENTERPRISE_FUTURE","DEFERRED","Optional free text; sanitize before display"
"workflow_history","created_at","TIMESTAMP","N/A","N/A","NO","CURRENT_TIMESTAMP","NO","NO","N/A","N/A","P2_ENTERPRISE_FUTURE","DEFERRED","NOT NULL; valid timestamp"
"workflow_history","created_by","BIGINT UNSIGNED","N/A","N/A","YES","N/A","NO","YES","user_profiles","id","P2_ENTERPRISE_FUTURE","DEFERRED","FK user_profiles.id; FOREIGN KEY to user_profiles.id"
"workflow_history","updated_at","TIMESTAMP","N/A","N/A","YES","CURRENT_TIMESTAMP ON UPDATE CURRENT_TIMESTAMP","NO","NO","N/A","N/A","P2_ENTERPRISE_FUTURE","DEFERRED","valid timestamp"
"workflow_history","updated_by","BIGINT UNSIGNED","N/A","N/A","YES","N/A","NO","YES","user_profiles","id","P2_ENTERPRISE_FUTURE","DEFERRED","FK user_profiles.id; FOREIGN KEY to user_profiles.id"
"workflow_history","event_payload_json","JSON","N/A","N/A","YES","N/A","NO","NO","N/A","N/A","P2_ENTERPRISE_FUTURE","DEFERRED","JSON_VALID"
"workflow_history","event_type","VARCHAR","80","N/A","NO","N/A","NO","NO","N/A","N/A","P2_ENTERPRISE_FUTURE","DEFERRED","NOT NULL"
"workflow_history","occurred_at","DATETIME","N/A","N/A","NO","N/A","NO","NO","N/A","N/A","P2_ENTERPRISE_FUTURE","DEFERRED","NOT NULL; valid timestamp"
"workflow_history","workflow_instance_id","BIGINT UNSIGNED","N/A","N/A","NO","N/A","NO","YES","workflow_instances","id","P2_ENTERPRISE_FUTURE","DEFERRED","NOT NULL; FK workflow_instances.id; FOREIGN KEY to workflow_instances.id"
"notification_channels","id","BIGINT UNSIGNED","N/A","N/A","NO","N/A","YES","NO","N/A","N/A","P2_ENTERPRISE_FUTURE","DEFERRED","NOT NULL; PRIMARY KEY"
"notification_channels","organization_id","BIGINT UNSIGNED","N/A","N/A","NO","N/A","NO","YES","organizations","id","P2_ENTERPRISE_FUTURE","DEFERRED","NOT NULL; FK organizations.id; FOREIGN KEY to organizations.id"
"notification_channels","code","VARCHAR","80","N/A","NO","N/A","NO","NO","N/A","N/A","P2_ENTERPRISE_FUTURE","DEFERRED","NOT NULL"
"notification_channels","name","VARCHAR","180","N/A","NO","N/A","NO","NO","N/A","N/A","P2_ENTERPRISE_FUTURE","DEFERRED","NOT NULL"
"notification_channels","description","TEXT","N/A","N/A","YES","N/A","NO","NO","N/A","N/A","P2_ENTERPRISE_FUTURE","DEFERRED","N/A"
"notification_channels","status","VARCHAR","40","N/A","NO","active","NO","NO","N/A","N/A","P2_ENTERPRISE_FUTURE","DEFERRED","NOT NULL; ENUM/CHECK; ENUM/CHECK common_status"
"notification_channels","status_changed_at","DATETIME","N/A","N/A","YES","N/A","NO","NO","N/A","N/A","P2_ENTERPRISE_FUTURE","DEFERRED","Required by service when status is changed"
"notification_channels","status_changed_by","BIGINT UNSIGNED","N/A","N/A","YES","N/A","NO","YES","user_profiles","id","P2_ENTERPRISE_FUTURE","DEFERRED","FK user_profiles.id; set null if user profile is removed"
"notification_channels","is_active","TINYINT","1","N/A","NO","1","NO","NO","N/A","N/A","P2_ENTERPRISE_FUTURE","DEFERRED","NOT NULL"
"notification_channels","metadata_json","JSON","N/A","N/A","YES","N/A","NO","NO","N/A","N/A","P2_ENTERPRISE_FUTURE","DEFERRED","JSON_VALID"
"notification_channels","created_at","TIMESTAMP","N/A","N/A","NO","CURRENT_TIMESTAMP","NO","NO","N/A","N/A","P2_ENTERPRISE_FUTURE","DEFERRED","NOT NULL; valid timestamp"
"notification_channels","created_by","BIGINT UNSIGNED","N/A","N/A","YES","N/A","NO","YES","user_profiles","id","P2_ENTERPRISE_FUTURE","DEFERRED","FK user_profiles.id; FOREIGN KEY to user_profiles.id"
"notification_channels","updated_at","TIMESTAMP","N/A","N/A","YES","CURRENT_TIMESTAMP ON UPDATE CURRENT_TIMESTAMP","NO","NO","N/A","N/A","P2_ENTERPRISE_FUTURE","DEFERRED","valid timestamp"
"notification_channels","updated_by","BIGINT UNSIGNED","N/A","N/A","YES","N/A","NO","YES","user_profiles","id","P2_ENTERPRISE_FUTURE","DEFERRED","FK user_profiles.id; FOREIGN KEY to user_profiles.id"
"notification_channels","deleted_at","TIMESTAMP","N/A","N/A","YES","N/A","NO","NO","N/A","N/A","P2_ENTERPRISE_FUTURE","DEFERRED","valid timestamp"
"notification_channels","deleted_by","BIGINT UNSIGNED","N/A","N/A","YES","N/A","NO","YES","user_profiles","id","P2_ENTERPRISE_FUTURE","DEFERRED","FK user_profiles.id; FOREIGN KEY to user_profiles.id"
"notification_channels","channel_config_json","JSON","N/A","N/A","YES","N/A","NO","NO","N/A","N/A","P2_ENTERPRISE_FUTURE","DEFERRED","JSON_VALID"
"notification_channels","channel_type","VARCHAR","60","N/A","NO","N/A","NO","NO","N/A","N/A","P2_ENTERPRISE_FUTURE","DEFERRED","NOT NULL"
"notification_channels","supports_delivery_log","TINYINT","1","N/A","NO","1","NO","NO","N/A","N/A","P2_ENTERPRISE_FUTURE","DEFERRED","NOT NULL"
"notification_templates","id","BIGINT UNSIGNED","N/A","N/A","NO","N/A","YES","NO","N/A","N/A","P2_ENTERPRISE_FUTURE","DEFERRED","NOT NULL; PRIMARY KEY"
"notification_templates","organization_id","BIGINT UNSIGNED","N/A","N/A","NO","N/A","NO","YES","organizations","id","P2_ENTERPRISE_FUTURE","DEFERRED","NOT NULL; FK organizations.id; FOREIGN KEY to organizations.id"
"notification_templates","code","VARCHAR","80","N/A","NO","N/A","NO","NO","N/A","N/A","P2_ENTERPRISE_FUTURE","DEFERRED","NOT NULL"
"notification_templates","name","VARCHAR","180","N/A","NO","N/A","NO","NO","N/A","N/A","P2_ENTERPRISE_FUTURE","DEFERRED","NOT NULL"
"notification_templates","description","TEXT","N/A","N/A","YES","N/A","NO","NO","N/A","N/A","P2_ENTERPRISE_FUTURE","DEFERRED","N/A"
"notification_templates","status","VARCHAR","40","N/A","NO","active","NO","NO","N/A","N/A","P2_ENTERPRISE_FUTURE","DEFERRED","NOT NULL; ENUM/CHECK; ENUM/CHECK common_status"
"notification_templates","status_changed_at","DATETIME","N/A","N/A","YES","N/A","NO","NO","N/A","N/A","P2_ENTERPRISE_FUTURE","DEFERRED","Required by service when status is changed"
"notification_templates","status_changed_by","BIGINT UNSIGNED","N/A","N/A","YES","N/A","NO","YES","user_profiles","id","P2_ENTERPRISE_FUTURE","DEFERRED","FK user_profiles.id; set null if user profile is removed"
"notification_templates","is_active","TINYINT","1","N/A","NO","1","NO","NO","N/A","N/A","P2_ENTERPRISE_FUTURE","DEFERRED","NOT NULL"
"notification_templates","metadata_json","JSON","N/A","N/A","YES","N/A","NO","NO","N/A","N/A","P2_ENTERPRISE_FUTURE","DEFERRED","JSON_VALID"
"notification_templates","created_at","TIMESTAMP","N/A","N/A","NO","CURRENT_TIMESTAMP","NO","NO","N/A","N/A","P2_ENTERPRISE_FUTURE","DEFERRED","NOT NULL; valid timestamp"
"notification_templates","created_by","BIGINT UNSIGNED","N/A","N/A","YES","N/A","NO","YES","user_profiles","id","P2_ENTERPRISE_FUTURE","DEFERRED","FK user_profiles.id; FOREIGN KEY to user_profiles.id"
"notification_templates","updated_at","TIMESTAMP","N/A","N/A","YES","CURRENT_TIMESTAMP ON UPDATE CURRENT_TIMESTAMP","NO","NO","N/A","N/A","P2_ENTERPRISE_FUTURE","DEFERRED","valid timestamp"
"notification_templates","updated_by","BIGINT UNSIGNED","N/A","N/A","YES","N/A","NO","YES","user_profiles","id","P2_ENTERPRISE_FUTURE","DEFERRED","FK user_profiles.id; FOREIGN KEY to user_profiles.id"
"notification_templates","deleted_at","TIMESTAMP","N/A","N/A","YES","N/A","NO","NO","N/A","N/A","P2_ENTERPRISE_FUTURE","DEFERRED","valid timestamp"
"notification_templates","deleted_by","BIGINT UNSIGNED","N/A","N/A","YES","N/A","NO","YES","user_profiles","id","P2_ENTERPRISE_FUTURE","DEFERRED","FK user_profiles.id; FOREIGN KEY to user_profiles.id"
"notification_templates","body_template","TEXT","N/A","N/A","NO","N/A","NO","NO","N/A","N/A","P2_ENTERPRISE_FUTURE","DEFERRED","NOT NULL"
"notification_templates","locale","VARCHAR","20","N/A","NO","'th-TH'","NO","NO","N/A","N/A","P2_ENTERPRISE_FUTURE","DEFERRED","NOT NULL"
"notification_templates","subject_template","VARCHAR","240","N/A","YES","N/A","NO","NO","N/A","N/A","P2_ENTERPRISE_FUTURE","DEFERRED","N/A"
"notification_templates","template_key","VARCHAR","160","N/A","NO","N/A","NO","NO","N/A","N/A","P2_ENTERPRISE_FUTURE","DEFERRED","NOT NULL"
"notifications","id","BIGINT UNSIGNED","N/A","N/A","NO","N/A","YES","NO","N/A","N/A","P2_ENTERPRISE_FUTURE","DEFERRED","NOT NULL; PRIMARY KEY"
"notifications","organization_id","BIGINT UNSIGNED","N/A","N/A","NO","N/A","NO","YES","organizations","id","P2_ENTERPRISE_FUTURE","DEFERRED","NOT NULL; FK organizations.id; FOREIGN KEY to organizations.id"
"notifications","branch_id","BIGINT UNSIGNED","N/A","N/A","YES","N/A","NO","YES","branches","id","P2_ENTERPRISE_FUTURE","DEFERRED","FK branches.id; nullable for organization-level records"
"notifications","title","VARCHAR","220","N/A","NO","N/A","NO","NO","N/A","N/A","P2_ENTERPRISE_FUTURE","DEFERRED","NOT NULL"
"notifications","description","TEXT","N/A","N/A","YES","N/A","NO","NO","N/A","N/A","P2_ENTERPRISE_FUTURE","DEFERRED","N/A"
"notifications","status","VARCHAR","40","N/A","NO","queued","NO","NO","N/A","N/A","P2_ENTERPRISE_FUTURE","DEFERRED","NOT NULL; ENUM/CHECK; ENUM/CHECK notification_status"
"notifications","status_changed_at","DATETIME","N/A","N/A","YES","N/A","NO","NO","N/A","N/A","P2_ENTERPRISE_FUTURE","DEFERRED","Required by service when status is changed"
"notifications","status_changed_by","BIGINT UNSIGNED","N/A","N/A","YES","N/A","NO","YES","user_profiles","id","P2_ENTERPRISE_FUTURE","DEFERRED","FK user_profiles.id; set null if user profile is removed"
"notifications","is_active","TINYINT","1","N/A","NO","1","NO","NO","N/A","N/A","P2_ENTERPRISE_FUTURE","DEFERRED","NOT NULL"
"notifications","metadata_json","JSON","N/A","N/A","YES","N/A","NO","NO","N/A","N/A","P2_ENTERPRISE_FUTURE","DEFERRED","JSON_VALID"
"notifications","created_at","TIMESTAMP","N/A","N/A","NO","CURRENT_TIMESTAMP","NO","NO","N/A","N/A","P2_ENTERPRISE_FUTURE","DEFERRED","NOT NULL; valid timestamp"
"notifications","created_by","BIGINT UNSIGNED","N/A","N/A","YES","N/A","NO","YES","user_profiles","id","P2_ENTERPRISE_FUTURE","DEFERRED","FK user_profiles.id; FOREIGN KEY to user_profiles.id"
"notifications","updated_at","TIMESTAMP","N/A","N/A","YES","CURRENT_TIMESTAMP ON UPDATE CURRENT_TIMESTAMP","NO","NO","N/A","N/A","P2_ENTERPRISE_FUTURE","DEFERRED","valid timestamp"
"notifications","updated_by","BIGINT UNSIGNED","N/A","N/A","YES","N/A","NO","YES","user_profiles","id","P2_ENTERPRISE_FUTURE","DEFERRED","FK user_profiles.id; FOREIGN KEY to user_profiles.id"
"notifications","deleted_at","TIMESTAMP","N/A","N/A","YES","N/A","NO","NO","N/A","N/A","P2_ENTERPRISE_FUTURE","DEFERRED","valid timestamp"
"notifications","deleted_by","BIGINT UNSIGNED","N/A","N/A","YES","N/A","NO","YES","user_profiles","id","P2_ENTERPRISE_FUTURE","DEFERRED","FK user_profiles.id; FOREIGN KEY to user_profiles.id"
"notifications","message","TEXT","N/A","N/A","YES","N/A","NO","NO","N/A","N/A","P2_ENTERPRISE_FUTURE","DEFERRED","N/A"
"notifications","notification_type","VARCHAR","80","N/A","NO","N/A","NO","NO","N/A","N/A","P2_ENTERPRISE_FUTURE","DEFERRED","NOT NULL"
"notifications","payload_json","JSON","N/A","N/A","YES","N/A","NO","NO","N/A","N/A","P2_ENTERPRISE_FUTURE","DEFERRED","JSON_VALID"
"notifications","reference_id","BIGINT","N/A","N/A","YES","N/A","NO","NO","N/A","N/A","P2_ENTERPRISE_FUTURE","DEFERRED","N/A"
"notifications","reference_table","VARCHAR","120","N/A","YES","N/A","NO","NO","N/A","N/A","P2_ENTERPRISE_FUTURE","DEFERRED","N/A"
"notifications","template_id","BIGINT UNSIGNED","N/A","N/A","YES","N/A","NO","YES","notification_templates","id","P2_ENTERPRISE_FUTURE","DEFERRED","FK notification_templates.id; FOREIGN KEY to notification_templates.id"
"notification_recipients","id","BIGINT UNSIGNED","N/A","N/A","NO","N/A","YES","NO","N/A","N/A","P2_ENTERPRISE_FUTURE","DEFERRED","NOT NULL; PRIMARY KEY"
"notification_recipients","organization_id","BIGINT UNSIGNED","N/A","N/A","NO","N/A","NO","YES","organizations","id","P2_ENTERPRISE_FUTURE","DEFERRED","NOT NULL; FK organizations.id; FOREIGN KEY to organizations.id"
"notification_recipients","description","TEXT","N/A","N/A","YES","N/A","NO","NO","N/A","N/A","P2_ENTERPRISE_FUTURE","DEFERRED","N/A"
"notification_recipients","status","VARCHAR","40","N/A","NO","queued","NO","NO","N/A","N/A","P2_ENTERPRISE_FUTURE","DEFERRED","NOT NULL; ENUM/CHECK; ENUM/CHECK notification_status"
"notification_recipients","status_changed_at","DATETIME","N/A","N/A","YES","N/A","NO","NO","N/A","N/A","P2_ENTERPRISE_FUTURE","DEFERRED","Required by service when status is changed"
"notification_recipients","status_changed_by","BIGINT UNSIGNED","N/A","N/A","YES","N/A","NO","YES","user_profiles","id","P2_ENTERPRISE_FUTURE","DEFERRED","FK user_profiles.id; set null if user profile is removed"
"notification_recipients","is_active","TINYINT","1","N/A","NO","1","NO","NO","N/A","N/A","P2_ENTERPRISE_FUTURE","DEFERRED","NOT NULL"
"notification_recipients","created_at","TIMESTAMP","N/A","N/A","NO","CURRENT_TIMESTAMP","NO","NO","N/A","N/A","P2_ENTERPRISE_FUTURE","DEFERRED","NOT NULL; valid timestamp"
"notification_recipients","created_by","BIGINT UNSIGNED","N/A","N/A","YES","N/A","NO","YES","user_profiles","id","P2_ENTERPRISE_FUTURE","DEFERRED","FK user_profiles.id; FOREIGN KEY to user_profiles.id"
"notification_recipients","updated_at","TIMESTAMP","N/A","N/A","YES","CURRENT_TIMESTAMP ON UPDATE CURRENT_TIMESTAMP","NO","NO","N/A","N/A","P2_ENTERPRISE_FUTURE","DEFERRED","valid timestamp"
"notification_recipients","updated_by","BIGINT UNSIGNED","N/A","N/A","YES","N/A","NO","YES","user_profiles","id","P2_ENTERPRISE_FUTURE","DEFERRED","FK user_profiles.id; FOREIGN KEY to user_profiles.id"
"notification_recipients","deleted_at","TIMESTAMP","N/A","N/A","YES","N/A","NO","NO","N/A","N/A","P2_ENTERPRISE_FUTURE","DEFERRED","valid timestamp"
"notification_recipients","deleted_by","BIGINT UNSIGNED","N/A","N/A","YES","N/A","NO","YES","user_profiles","id","P2_ENTERPRISE_FUTURE","DEFERRED","FK user_profiles.id; FOREIGN KEY to user_profiles.id"
"notification_recipients","dismissed_at","DATETIME","N/A","N/A","YES","N/A","NO","NO","N/A","N/A","P2_ENTERPRISE_FUTURE","DEFERRED","valid timestamp"
"notification_recipients","notification_id","BIGINT UNSIGNED","N/A","N/A","NO","N/A","NO","YES","notifications","id","P2_ENTERPRISE_FUTURE","DEFERRED","NOT NULL; FK notifications.id; FOREIGN KEY to notifications.id"
"notification_recipients","read_at","DATETIME","N/A","N/A","YES","N/A","NO","NO","N/A","N/A","P2_ENTERPRISE_FUTURE","DEFERRED","valid timestamp"
"notification_recipients","recipient_group_id","BIGINT UNSIGNED","N/A","N/A","YES","N/A","NO","YES","user_groups","id","P2_ENTERPRISE_FUTURE","DEFERRED","FK user_groups.id; FOREIGN KEY to user_groups.id"
"notification_recipients","recipient_user_id","BIGINT UNSIGNED","N/A","N/A","YES","N/A","NO","YES","user_profiles","id","P2_ENTERPRISE_FUTURE","DEFERRED","FK user_profiles.id; FOREIGN KEY to user_profiles.id"
"notification_reads","id","BIGINT UNSIGNED","N/A","N/A","NO","N/A","YES","NO","N/A","N/A","P2_ENTERPRISE_FUTURE","DEFERRED","NOT NULL; PRIMARY KEY"
"notification_reads","organization_id","BIGINT UNSIGNED","N/A","N/A","NO","N/A","NO","YES","organizations","id","P2_ENTERPRISE_FUTURE","DEFERRED","NOT NULL; FK organizations.id; FOREIGN KEY to organizations.id"
"notification_reads","description","TEXT","N/A","N/A","YES","N/A","NO","NO","N/A","N/A","P2_ENTERPRISE_FUTURE","DEFERRED","N/A"
"notification_reads","created_at","TIMESTAMP","N/A","N/A","NO","CURRENT_TIMESTAMP","NO","NO","N/A","N/A","P2_ENTERPRISE_FUTURE","DEFERRED","NOT NULL; valid timestamp"
"notification_reads","created_by","BIGINT UNSIGNED","N/A","N/A","YES","N/A","NO","YES","user_profiles","id","P2_ENTERPRISE_FUTURE","DEFERRED","FK user_profiles.id; FOREIGN KEY to user_profiles.id"
"notification_reads","updated_at","TIMESTAMP","N/A","N/A","YES","CURRENT_TIMESTAMP ON UPDATE CURRENT_TIMESTAMP","NO","NO","N/A","N/A","P2_ENTERPRISE_FUTURE","DEFERRED","valid timestamp"
"notification_reads","updated_by","BIGINT UNSIGNED","N/A","N/A","YES","N/A","NO","YES","user_profiles","id","P2_ENTERPRISE_FUTURE","DEFERRED","FK user_profiles.id; FOREIGN KEY to user_profiles.id"
"notification_reads","notification_id","BIGINT UNSIGNED","N/A","N/A","NO","N/A","NO","YES","notifications","id","P2_ENTERPRISE_FUTURE","DEFERRED","NOT NULL; FK notifications.id; FOREIGN KEY to notifications.id"
"notification_reads","read_at","DATETIME","N/A","N/A","NO","N/A","NO","NO","N/A","N/A","P2_ENTERPRISE_FUTURE","DEFERRED","NOT NULL; valid timestamp"
"notification_reads","user_id","BIGINT UNSIGNED","N/A","N/A","NO","N/A","NO","YES","user_profiles","id","P2_ENTERPRISE_FUTURE","DEFERRED","NOT NULL; FK user_profiles.id; FOREIGN KEY to user_profiles.id"
"notification_delivery_logs","id","BIGINT UNSIGNED","N/A","N/A","NO","N/A","YES","NO","N/A","N/A","P2_ENTERPRISE_FUTURE","DEFERRED","NOT NULL; PRIMARY KEY"
"notification_delivery_logs","organization_id","BIGINT UNSIGNED","N/A","N/A","NO","N/A","NO","YES","organizations","id","P2_ENTERPRISE_FUTURE","DEFERRED","NOT NULL; FK organizations.id; FOREIGN KEY to organizations.id"
"notification_delivery_logs","description","TEXT","N/A","N/A","YES","N/A","NO","NO","N/A","N/A","P2_ENTERPRISE_FUTURE","DEFERRED","N/A"
"notification_delivery_logs","status","VARCHAR","40","N/A","NO","queued","NO","NO","N/A","N/A","P2_ENTERPRISE_FUTURE","DEFERRED","NOT NULL; ENUM/CHECK; ENUM/CHECK notification_status"
"notification_delivery_logs","status_changed_at","DATETIME","N/A","N/A","YES","N/A","NO","NO","N/A","N/A","P2_ENTERPRISE_FUTURE","DEFERRED","Required by service when status is changed"
"notification_delivery_logs","status_changed_by","BIGINT UNSIGNED","N/A","N/A","YES","N/A","NO","YES","user_profiles","id","P2_ENTERPRISE_FUTURE","DEFERRED","FK user_profiles.id; set null if user profile is removed"
"notification_delivery_logs","created_at","TIMESTAMP","N/A","N/A","NO","CURRENT_TIMESTAMP","NO","NO","N/A","N/A","P2_ENTERPRISE_FUTURE","DEFERRED","NOT NULL; valid timestamp"
"notification_delivery_logs","created_by","BIGINT UNSIGNED","N/A","N/A","YES","N/A","NO","YES","user_profiles","id","P2_ENTERPRISE_FUTURE","DEFERRED","FK user_profiles.id; FOREIGN KEY to user_profiles.id"
"notification_delivery_logs","updated_at","TIMESTAMP","N/A","N/A","YES","CURRENT_TIMESTAMP ON UPDATE CURRENT_TIMESTAMP","NO","NO","N/A","N/A","P2_ENTERPRISE_FUTURE","DEFERRED","valid timestamp"
"notification_delivery_logs","updated_by","BIGINT UNSIGNED","N/A","N/A","YES","N/A","NO","YES","user_profiles","id","P2_ENTERPRISE_FUTURE","DEFERRED","FK user_profiles.id; FOREIGN KEY to user_profiles.id"
"notification_delivery_logs","attempt_no","INT","N/A","N/A","NO","1","NO","NO","N/A","N/A","P2_ENTERPRISE_FUTURE","DEFERRED","NOT NULL"
"notification_delivery_logs","attempted_at","DATETIME","N/A","N/A","NO","N/A","NO","NO","N/A","N/A","P2_ENTERPRISE_FUTURE","DEFERRED","NOT NULL; valid timestamp"
"notification_delivery_logs","channel_id","BIGINT UNSIGNED","N/A","N/A","NO","N/A","NO","YES","notification_channels","id","P2_ENTERPRISE_FUTURE","DEFERRED","NOT NULL; FK notification_channels.id; FOREIGN KEY to notification_channels.id"
"notification_delivery_logs","error_message","TEXT","N/A","N/A","YES","N/A","NO","NO","N/A","N/A","P2_ENTERPRISE_FUTURE","DEFERRED","N/A"
"notification_delivery_logs","notification_id","BIGINT UNSIGNED","N/A","N/A","NO","N/A","NO","YES","notifications","id","P2_ENTERPRISE_FUTURE","DEFERRED","NOT NULL; FK notifications.id; FOREIGN KEY to notifications.id"
"notification_delivery_logs","provider_message_id","VARCHAR","180","N/A","YES","N/A","NO","NO","N/A","N/A","P2_ENTERPRISE_FUTURE","DEFERRED","N/A"
"files","id","BIGINT UNSIGNED","N/A","N/A","NO","N/A","YES","NO","N/A","N/A","P0_CORE","APPROVED","NOT NULL; PRIMARY KEY"
"files","organization_id","BIGINT UNSIGNED","N/A","N/A","NO","N/A","NO","YES","organizations","id","P0_CORE","APPROVED","NOT NULL; FK organizations.id; FOREIGN KEY to organizations.id"
"files","branch_id","BIGINT UNSIGNED","N/A","N/A","YES","N/A","NO","YES","branches","id","P0_CORE","APPROVED","FK branches.id; nullable for organization-level records"
"files","description","TEXT","N/A","N/A","YES","N/A","NO","NO","N/A","N/A","P0_CORE","APPROVED","N/A"
"files","status","VARCHAR","40","N/A","NO","active","NO","NO","N/A","N/A","P0_CORE","APPROVED","NOT NULL; ENUM/CHECK; ENUM/CHECK common_status"
"files","status_changed_at","DATETIME","N/A","N/A","YES","N/A","NO","NO","N/A","N/A","P0_CORE","APPROVED","Required by service when status is changed"
"files","status_changed_by","BIGINT UNSIGNED","N/A","N/A","YES","N/A","NO","YES","user_profiles","id","P0_CORE","APPROVED","FK user_profiles.id; set null if user profile is removed"
"files","is_active","TINYINT","1","N/A","NO","1","NO","NO","N/A","N/A","P0_CORE","APPROVED","NOT NULL"
"files","metadata_json","JSON","N/A","N/A","YES","N/A","NO","NO","N/A","N/A","P0_CORE","APPROVED","JSON_VALID"
"files","created_at","TIMESTAMP","N/A","N/A","NO","CURRENT_TIMESTAMP","NO","NO","N/A","N/A","P0_CORE","APPROVED","NOT NULL; valid timestamp"
"files","created_by","BIGINT UNSIGNED","N/A","N/A","YES","N/A","NO","YES","user_profiles","id","P0_CORE","APPROVED","FK user_profiles.id; FOREIGN KEY to user_profiles.id"
"files","updated_at","TIMESTAMP","N/A","N/A","YES","CURRENT_TIMESTAMP ON UPDATE CURRENT_TIMESTAMP","NO","NO","N/A","N/A","P0_CORE","APPROVED","valid timestamp"
"files","updated_by","BIGINT UNSIGNED","N/A","N/A","YES","N/A","NO","YES","user_profiles","id","P0_CORE","APPROVED","FK user_profiles.id; FOREIGN KEY to user_profiles.id"
"files","deleted_at","TIMESTAMP","N/A","N/A","YES","N/A","NO","NO","N/A","N/A","P0_CORE","APPROVED","valid timestamp"
"files","deleted_by","BIGINT UNSIGNED","N/A","N/A","YES","N/A","NO","YES","user_profiles","id","P0_CORE","APPROVED","FK user_profiles.id; FOREIGN KEY to user_profiles.id"
"files","checksum_sha256","VARCHAR","128","N/A","YES","N/A","NO","NO","N/A","N/A","P0_CORE","APPROVED","N/A"
"files","file_size_bytes","BIGINT","N/A","N/A","YES","N/A","NO","NO","N/A","N/A","P0_CORE","APPROVED","N/A"
"files","mime_type","VARCHAR","160","N/A","YES","N/A","NO","NO","N/A","N/A","P0_CORE","APPROVED","N/A"
"files","original_file_name","VARCHAR","260","N/A","NO","N/A","NO","NO","N/A","N/A","P0_CORE","APPROVED","NOT NULL"
"files","storage_key","VARCHAR","800","N/A","NO","N/A","NO","NO","N/A","N/A","P0_CORE","APPROVED","NOT NULL"
"files","storage_provider","VARCHAR","80","N/A","NO","N/A","NO","NO","N/A","N/A","P0_CORE","APPROVED","NOT NULL"
"files","uploaded_by","BIGINT UNSIGNED","N/A","N/A","YES","N/A","NO","YES","user_profiles","id","P0_CORE","APPROVED","FK user_profiles.id; FOREIGN KEY to user_profiles.id"
"file_versions","id","BIGINT UNSIGNED","N/A","N/A","NO","N/A","YES","NO","N/A","N/A","P1_PRODUCTION_EXTENSION","APPROVED_DEFERRED","NOT NULL; PRIMARY KEY"
"file_versions","organization_id","BIGINT UNSIGNED","N/A","N/A","NO","N/A","NO","YES","organizations","id","P1_PRODUCTION_EXTENSION","APPROVED_DEFERRED","NOT NULL; FK organizations.id; FOREIGN KEY to organizations.id"
"file_versions","description","TEXT","N/A","N/A","YES","N/A","NO","NO","N/A","N/A","P1_PRODUCTION_EXTENSION","APPROVED_DEFERRED","N/A"
"file_versions","status","VARCHAR","40","N/A","NO","active","NO","NO","N/A","N/A","P1_PRODUCTION_EXTENSION","APPROVED_DEFERRED","NOT NULL; ENUM/CHECK; ENUM/CHECK common_status"
"file_versions","status_changed_at","DATETIME","N/A","N/A","YES","N/A","NO","NO","N/A","N/A","P1_PRODUCTION_EXTENSION","APPROVED_DEFERRED","Required by service when status is changed"
"file_versions","status_changed_by","BIGINT UNSIGNED","N/A","N/A","YES","N/A","NO","YES","user_profiles","id","P1_PRODUCTION_EXTENSION","APPROVED_DEFERRED","FK user_profiles.id; set null if user profile is removed"
"file_versions","is_active","TINYINT","1","N/A","NO","1","NO","NO","N/A","N/A","P1_PRODUCTION_EXTENSION","APPROVED_DEFERRED","NOT NULL"
"file_versions","created_at","TIMESTAMP","N/A","N/A","NO","CURRENT_TIMESTAMP","NO","NO","N/A","N/A","P1_PRODUCTION_EXTENSION","APPROVED_DEFERRED","NOT NULL; valid timestamp"
"file_versions","created_by","BIGINT UNSIGNED","N/A","N/A","YES","N/A","NO","YES","user_profiles","id","P1_PRODUCTION_EXTENSION","APPROVED_DEFERRED","FK user_profiles.id; FOREIGN KEY to user_profiles.id"
"file_versions","updated_at","TIMESTAMP","N/A","N/A","YES","CURRENT_TIMESTAMP ON UPDATE CURRENT_TIMESTAMP","NO","NO","N/A","N/A","P1_PRODUCTION_EXTENSION","APPROVED_DEFERRED","valid timestamp"
"file_versions","updated_by","BIGINT UNSIGNED","N/A","N/A","YES","N/A","NO","YES","user_profiles","id","P1_PRODUCTION_EXTENSION","APPROVED_DEFERRED","FK user_profiles.id; FOREIGN KEY to user_profiles.id"
"file_versions","deleted_at","TIMESTAMP","N/A","N/A","YES","N/A","NO","NO","N/A","N/A","P1_PRODUCTION_EXTENSION","APPROVED_DEFERRED","valid timestamp"
"file_versions","deleted_by","BIGINT UNSIGNED","N/A","N/A","YES","N/A","NO","YES","user_profiles","id","P1_PRODUCTION_EXTENSION","APPROVED_DEFERRED","FK user_profiles.id; FOREIGN KEY to user_profiles.id"
"file_versions","checksum_sha256","VARCHAR","128","N/A","YES","N/A","NO","NO","N/A","N/A","P1_PRODUCTION_EXTENSION","APPROVED_DEFERRED","N/A"
"file_versions","file_id","BIGINT UNSIGNED","N/A","N/A","NO","N/A","NO","YES","files","id","P1_PRODUCTION_EXTENSION","APPROVED_DEFERRED","NOT NULL; FK files.id; FOREIGN KEY to files.id"
"file_versions","file_size_bytes","BIGINT","N/A","N/A","YES","N/A","NO","NO","N/A","N/A","P1_PRODUCTION_EXTENSION","APPROVED_DEFERRED","N/A"
"file_versions","storage_key","VARCHAR","800","N/A","NO","N/A","NO","NO","N/A","N/A","P1_PRODUCTION_EXTENSION","APPROVED_DEFERRED","NOT NULL"
"file_versions","version_no","INT","N/A","N/A","NO","N/A","NO","NO","N/A","N/A","P1_PRODUCTION_EXTENSION","APPROVED_DEFERRED","NOT NULL"
"file_links","id","BIGINT UNSIGNED","N/A","N/A","NO","N/A","YES","NO","N/A","N/A","P2_ENTERPRISE_FUTURE","DEFERRED","NOT NULL; PRIMARY KEY"
"file_links","organization_id","BIGINT UNSIGNED","N/A","N/A","NO","N/A","NO","YES","organizations","id","P2_ENTERPRISE_FUTURE","DEFERRED","NOT NULL; FK organizations.id; FOREIGN KEY to organizations.id"
"file_links","description","TEXT","N/A","N/A","YES","N/A","NO","NO","N/A","N/A","P2_ENTERPRISE_FUTURE","DEFERRED","N/A"
"file_links","status","VARCHAR","40","N/A","NO","active","NO","NO","N/A","N/A","P2_ENTERPRISE_FUTURE","DEFERRED","NOT NULL; ENUM/CHECK; ENUM/CHECK common_status"
"file_links","status_changed_at","DATETIME","N/A","N/A","YES","N/A","NO","NO","N/A","N/A","P2_ENTERPRISE_FUTURE","DEFERRED","Required by service when status is changed"
"file_links","status_changed_by","BIGINT UNSIGNED","N/A","N/A","YES","N/A","NO","YES","user_profiles","id","P2_ENTERPRISE_FUTURE","DEFERRED","FK user_profiles.id; set null if user profile is removed"
"file_links","is_active","TINYINT","1","N/A","NO","1","NO","NO","N/A","N/A","P2_ENTERPRISE_FUTURE","DEFERRED","NOT NULL"
"file_links","created_at","TIMESTAMP","N/A","N/A","NO","CURRENT_TIMESTAMP","NO","NO","N/A","N/A","P2_ENTERPRISE_FUTURE","DEFERRED","NOT NULL; valid timestamp"
"file_links","created_by","BIGINT UNSIGNED","N/A","N/A","YES","N/A","NO","YES","user_profiles","id","P2_ENTERPRISE_FUTURE","DEFERRED","FK user_profiles.id; FOREIGN KEY to user_profiles.id"
"file_links","updated_at","TIMESTAMP","N/A","N/A","YES","CURRENT_TIMESTAMP ON UPDATE CURRENT_TIMESTAMP","NO","NO","N/A","N/A","P2_ENTERPRISE_FUTURE","DEFERRED","valid timestamp"
"file_links","updated_by","BIGINT UNSIGNED","N/A","N/A","YES","N/A","NO","YES","user_profiles","id","P2_ENTERPRISE_FUTURE","DEFERRED","FK user_profiles.id; FOREIGN KEY to user_profiles.id"
"file_links","deleted_at","TIMESTAMP","N/A","N/A","YES","N/A","NO","NO","N/A","N/A","P2_ENTERPRISE_FUTURE","DEFERRED","valid timestamp"
"file_links","deleted_by","BIGINT UNSIGNED","N/A","N/A","YES","N/A","NO","YES","user_profiles","id","P2_ENTERPRISE_FUTURE","DEFERRED","FK user_profiles.id; FOREIGN KEY to user_profiles.id"
"file_links","file_id","BIGINT UNSIGNED","N/A","N/A","NO","N/A","NO","YES","files","id","P2_ENTERPRISE_FUTURE","DEFERRED","NOT NULL; FK files.id; FOREIGN KEY to files.id"
"file_links","link_role","VARCHAR","80","N/A","NO","'attachment'","NO","NO","N/A","N/A","P2_ENTERPRISE_FUTURE","DEFERRED","NOT NULL"
"file_links","reference_id","BIGINT","N/A","N/A","NO","N/A","NO","NO","N/A","N/A","P2_ENTERPRISE_FUTURE","DEFERRED","NOT NULL"
"file_links","reference_table","VARCHAR","120","N/A","NO","N/A","NO","NO","N/A","N/A","P2_ENTERPRISE_FUTURE","DEFERRED","NOT NULL"
"document_types","id","BIGINT UNSIGNED","N/A","N/A","NO","N/A","YES","NO","N/A","N/A","P2_ENTERPRISE_FUTURE","DEFERRED","NOT NULL; PRIMARY KEY"
"document_types","organization_id","BIGINT UNSIGNED","N/A","N/A","NO","N/A","NO","YES","organizations","id","P2_ENTERPRISE_FUTURE","DEFERRED","NOT NULL; FK organizations.id; FOREIGN KEY to organizations.id"
"document_types","code","VARCHAR","80","N/A","NO","N/A","NO","NO","N/A","N/A","P2_ENTERPRISE_FUTURE","DEFERRED","NOT NULL"
"document_types","name","VARCHAR","180","N/A","NO","N/A","NO","NO","N/A","N/A","P2_ENTERPRISE_FUTURE","DEFERRED","NOT NULL"
"document_types","description","TEXT","N/A","N/A","YES","N/A","NO","NO","N/A","N/A","P2_ENTERPRISE_FUTURE","DEFERRED","N/A"
"document_types","status","VARCHAR","40","N/A","NO","active","NO","NO","N/A","N/A","P2_ENTERPRISE_FUTURE","DEFERRED","NOT NULL; ENUM/CHECK; ENUM/CHECK common_status"
"document_types","status_changed_at","DATETIME","N/A","N/A","YES","N/A","NO","NO","N/A","N/A","P2_ENTERPRISE_FUTURE","DEFERRED","Required by service when status is changed"
"document_types","status_changed_by","BIGINT UNSIGNED","N/A","N/A","YES","N/A","NO","YES","user_profiles","id","P2_ENTERPRISE_FUTURE","DEFERRED","FK user_profiles.id; set null if user profile is removed"
"document_types","is_active","TINYINT","1","N/A","NO","1","NO","NO","N/A","N/A","P2_ENTERPRISE_FUTURE","DEFERRED","NOT NULL"
"document_types","remarks","TEXT","N/A","N/A","YES","N/A","NO","NO","N/A","N/A","P2_ENTERPRISE_FUTURE","DEFERRED","Optional free text; sanitize before display"
"document_types","metadata_json","JSON","N/A","N/A","YES","N/A","NO","NO","N/A","N/A","P2_ENTERPRISE_FUTURE","DEFERRED","JSON_VALID"
"document_types","created_at","TIMESTAMP","N/A","N/A","NO","CURRENT_TIMESTAMP","NO","NO","N/A","N/A","P2_ENTERPRISE_FUTURE","DEFERRED","NOT NULL; valid timestamp"
"document_types","created_by","BIGINT UNSIGNED","N/A","N/A","YES","N/A","NO","YES","user_profiles","id","P2_ENTERPRISE_FUTURE","DEFERRED","FK user_profiles.id; FOREIGN KEY to user_profiles.id"
"document_types","updated_at","TIMESTAMP","N/A","N/A","YES","CURRENT_TIMESTAMP ON UPDATE CURRENT_TIMESTAMP","NO","NO","N/A","N/A","P2_ENTERPRISE_FUTURE","DEFERRED","valid timestamp"
"document_types","updated_by","BIGINT UNSIGNED","N/A","N/A","YES","N/A","NO","YES","user_profiles","id","P2_ENTERPRISE_FUTURE","DEFERRED","FK user_profiles.id; FOREIGN KEY to user_profiles.id"
"document_types","deleted_at","TIMESTAMP","N/A","N/A","YES","N/A","NO","NO","N/A","N/A","P2_ENTERPRISE_FUTURE","DEFERRED","valid timestamp"
"document_types","deleted_by","BIGINT UNSIGNED","N/A","N/A","YES","N/A","NO","YES","user_profiles","id","P2_ENTERPRISE_FUTURE","DEFERRED","FK user_profiles.id; FOREIGN KEY to user_profiles.id"
"document_types","entity_type","VARCHAR","120","N/A","YES","N/A","NO","NO","N/A","N/A","P2_ENTERPRISE_FUTURE","DEFERRED","N/A"
"document_types","numbering_rule_id","BIGINT UNSIGNED","N/A","N/A","YES","N/A","NO","YES","running_numbers","id","P2_ENTERPRISE_FUTURE","DEFERRED","FK running_numbers.id; FOREIGN KEY to running_numbers.id"
"document_types","retention_policy_json","JSON","N/A","N/A","YES","N/A","NO","NO","N/A","N/A","P2_ENTERPRISE_FUTURE","DEFERRED","JSON_VALID"
"document_templates","id","BIGINT UNSIGNED","N/A","N/A","NO","N/A","YES","NO","N/A","N/A","P2_ENTERPRISE_FUTURE","DEFERRED","NOT NULL; PRIMARY KEY"
"document_templates","organization_id","BIGINT UNSIGNED","N/A","N/A","NO","N/A","NO","YES","organizations","id","P2_ENTERPRISE_FUTURE","DEFERRED","NOT NULL; FK organizations.id; FOREIGN KEY to organizations.id"
"document_templates","code","VARCHAR","80","N/A","NO","N/A","NO","NO","N/A","N/A","P2_ENTERPRISE_FUTURE","DEFERRED","NOT NULL"
"document_templates","name","VARCHAR","180","N/A","NO","N/A","NO","NO","N/A","N/A","P2_ENTERPRISE_FUTURE","DEFERRED","NOT NULL"
"document_templates","description","TEXT","N/A","N/A","YES","N/A","NO","NO","N/A","N/A","P2_ENTERPRISE_FUTURE","DEFERRED","N/A"
"document_templates","status","VARCHAR","40","N/A","NO","active","NO","NO","N/A","N/A","P2_ENTERPRISE_FUTURE","DEFERRED","NOT NULL; ENUM/CHECK; ENUM/CHECK common_status"
"document_templates","status_changed_at","DATETIME","N/A","N/A","YES","N/A","NO","NO","N/A","N/A","P2_ENTERPRISE_FUTURE","DEFERRED","Required by service when status is changed"
"document_templates","status_changed_by","BIGINT UNSIGNED","N/A","N/A","YES","N/A","NO","YES","user_profiles","id","P2_ENTERPRISE_FUTURE","DEFERRED","FK user_profiles.id; set null if user profile is removed"
"document_templates","is_active","TINYINT","1","N/A","NO","1","NO","NO","N/A","N/A","P2_ENTERPRISE_FUTURE","DEFERRED","NOT NULL"
"document_templates","remarks","TEXT","N/A","N/A","YES","N/A","NO","NO","N/A","N/A","P2_ENTERPRISE_FUTURE","DEFERRED","Optional free text; sanitize before display"
"document_templates","metadata_json","JSON","N/A","N/A","YES","N/A","NO","NO","N/A","N/A","P2_ENTERPRISE_FUTURE","DEFERRED","JSON_VALID"
"document_templates","created_at","TIMESTAMP","N/A","N/A","NO","CURRENT_TIMESTAMP","NO","NO","N/A","N/A","P2_ENTERPRISE_FUTURE","DEFERRED","NOT NULL; valid timestamp"
"document_templates","created_by","BIGINT UNSIGNED","N/A","N/A","YES","N/A","NO","YES","user_profiles","id","P2_ENTERPRISE_FUTURE","DEFERRED","FK user_profiles.id; FOREIGN KEY to user_profiles.id"
"document_templates","updated_at","TIMESTAMP","N/A","N/A","YES","CURRENT_TIMESTAMP ON UPDATE CURRENT_TIMESTAMP","NO","NO","N/A","N/A","P2_ENTERPRISE_FUTURE","DEFERRED","valid timestamp"
"document_templates","updated_by","BIGINT UNSIGNED","N/A","N/A","YES","N/A","NO","YES","user_profiles","id","P2_ENTERPRISE_FUTURE","DEFERRED","FK user_profiles.id; FOREIGN KEY to user_profiles.id"
"document_templates","deleted_at","TIMESTAMP","N/A","N/A","YES","N/A","NO","NO","N/A","N/A","P2_ENTERPRISE_FUTURE","DEFERRED","valid timestamp"
"document_templates","deleted_by","BIGINT UNSIGNED","N/A","N/A","YES","N/A","NO","YES","user_profiles","id","P2_ENTERPRISE_FUTURE","DEFERRED","FK user_profiles.id; FOREIGN KEY to user_profiles.id"
"document_templates","document_type_id","BIGINT UNSIGNED","N/A","N/A","NO","N/A","NO","YES","document_types","id","P2_ENTERPRISE_FUTURE","DEFERRED","NOT NULL; FK document_types.id; FOREIGN KEY to document_types.id"
"document_templates","merge_schema_json","JSON","N/A","N/A","YES","N/A","NO","NO","N/A","N/A","P2_ENTERPRISE_FUTURE","DEFERRED","JSON_VALID"
"document_templates","output_format","VARCHAR","40","N/A","NO","'pdf'","NO","NO","N/A","N/A","P2_ENTERPRISE_FUTURE","DEFERRED","NOT NULL; ENUM/CHECK; ENUM/CHECK export_format"
"document_templates","template_file_id","BIGINT UNSIGNED","N/A","N/A","YES","N/A","NO","YES","files","id","P2_ENTERPRISE_FUTURE","DEFERRED","FK files.id; FOREIGN KEY to files.id"
"document_sequences","id","BIGINT UNSIGNED","N/A","N/A","NO","N/A","YES","NO","N/A","N/A","P2_ENTERPRISE_FUTURE","DEFERRED","NOT NULL; PRIMARY KEY"
"document_sequences","organization_id","BIGINT UNSIGNED","N/A","N/A","NO","N/A","NO","YES","organizations","id","P2_ENTERPRISE_FUTURE","DEFERRED","NOT NULL; FK organizations.id; FOREIGN KEY to organizations.id"
"document_sequences","description","TEXT","N/A","N/A","YES","N/A","NO","NO","N/A","N/A","P2_ENTERPRISE_FUTURE","DEFERRED","N/A"
"document_sequences","status","VARCHAR","40","N/A","NO","active","NO","NO","N/A","N/A","P2_ENTERPRISE_FUTURE","DEFERRED","NOT NULL; ENUM/CHECK; ENUM/CHECK common_status"
"document_sequences","status_changed_at","DATETIME","N/A","N/A","YES","N/A","NO","NO","N/A","N/A","P2_ENTERPRISE_FUTURE","DEFERRED","Required by service when status is changed"
"document_sequences","status_changed_by","BIGINT UNSIGNED","N/A","N/A","YES","N/A","NO","YES","user_profiles","id","P2_ENTERPRISE_FUTURE","DEFERRED","FK user_profiles.id; set null if user profile is removed"
"document_sequences","is_active","TINYINT","1","N/A","NO","1","NO","NO","N/A","N/A","P2_ENTERPRISE_FUTURE","DEFERRED","NOT NULL"
"document_sequences","created_at","TIMESTAMP","N/A","N/A","NO","CURRENT_TIMESTAMP","NO","NO","N/A","N/A","P2_ENTERPRISE_FUTURE","DEFERRED","NOT NULL; valid timestamp"
"document_sequences","created_by","BIGINT UNSIGNED","N/A","N/A","YES","N/A","NO","YES","user_profiles","id","P2_ENTERPRISE_FUTURE","DEFERRED","FK user_profiles.id; FOREIGN KEY to user_profiles.id"
"document_sequences","updated_at","TIMESTAMP","N/A","N/A","YES","CURRENT_TIMESTAMP ON UPDATE CURRENT_TIMESTAMP","NO","NO","N/A","N/A","P2_ENTERPRISE_FUTURE","DEFERRED","valid timestamp"
"document_sequences","updated_by","BIGINT UNSIGNED","N/A","N/A","YES","N/A","NO","YES","user_profiles","id","P2_ENTERPRISE_FUTURE","DEFERRED","FK user_profiles.id; FOREIGN KEY to user_profiles.id"
"document_sequences","deleted_at","TIMESTAMP","N/A","N/A","YES","N/A","NO","NO","N/A","N/A","P2_ENTERPRISE_FUTURE","DEFERRED","valid timestamp"
"document_sequences","deleted_by","BIGINT UNSIGNED","N/A","N/A","YES","N/A","NO","YES","user_profiles","id","P2_ENTERPRISE_FUTURE","DEFERRED","FK user_profiles.id; FOREIGN KEY to user_profiles.id"
"document_sequences","document_no","VARCHAR","120","N/A","NO","N/A","NO","NO","N/A","N/A","P2_ENTERPRISE_FUTURE","DEFERRED","NOT NULL"
"document_sequences","document_type_id","BIGINT UNSIGNED","N/A","N/A","NO","N/A","NO","YES","document_types","id","P2_ENTERPRISE_FUTURE","DEFERRED","NOT NULL; FK document_types.id; FOREIGN KEY to document_types.id"
"document_sequences","issued_at","DATETIME","N/A","N/A","NO","N/A","NO","NO","N/A","N/A","P2_ENTERPRISE_FUTURE","DEFERRED","NOT NULL; valid timestamp"
"document_sequences","reference_id","BIGINT","N/A","N/A","NO","N/A","NO","NO","N/A","N/A","P2_ENTERPRISE_FUTURE","DEFERRED","NOT NULL"
"document_sequences","reference_table","VARCHAR","120","N/A","NO","N/A","NO","NO","N/A","N/A","P2_ENTERPRISE_FUTURE","DEFERRED","NOT NULL"
"document_status_history","id","BIGINT UNSIGNED","N/A","N/A","NO","N/A","YES","NO","N/A","N/A","P2_ENTERPRISE_FUTURE","DEFERRED","NOT NULL; PRIMARY KEY"
"document_status_history","organization_id","BIGINT UNSIGNED","N/A","N/A","NO","N/A","NO","YES","organizations","id","P2_ENTERPRISE_FUTURE","DEFERRED","NOT NULL; FK organizations.id; FOREIGN KEY to organizations.id"
"document_status_history","description","TEXT","N/A","N/A","YES","N/A","NO","NO","N/A","N/A","P2_ENTERPRISE_FUTURE","DEFERRED","N/A"
"document_status_history","remarks","TEXT","N/A","N/A","YES","N/A","NO","NO","N/A","N/A","P2_ENTERPRISE_FUTURE","DEFERRED","Optional free text; sanitize before display"
"document_status_history","created_at","TIMESTAMP","N/A","N/A","NO","CURRENT_TIMESTAMP","NO","NO","N/A","N/A","P2_ENTERPRISE_FUTURE","DEFERRED","NOT NULL; valid timestamp"
"document_status_history","created_by","BIGINT UNSIGNED","N/A","N/A","YES","N/A","NO","YES","user_profiles","id","P2_ENTERPRISE_FUTURE","DEFERRED","FK user_profiles.id; FOREIGN KEY to user_profiles.id"
"document_status_history","updated_at","TIMESTAMP","N/A","N/A","YES","CURRENT_TIMESTAMP ON UPDATE CURRENT_TIMESTAMP","NO","NO","N/A","N/A","P2_ENTERPRISE_FUTURE","DEFERRED","valid timestamp"
"document_status_history","updated_by","BIGINT UNSIGNED","N/A","N/A","YES","N/A","NO","YES","user_profiles","id","P2_ENTERPRISE_FUTURE","DEFERRED","FK user_profiles.id; FOREIGN KEY to user_profiles.id"
"document_status_history","change_reason","TEXT","N/A","N/A","YES","N/A","NO","NO","N/A","N/A","P2_ENTERPRISE_FUTURE","DEFERRED","N/A"
"document_status_history","changed_at","DATETIME","N/A","N/A","NO","N/A","NO","NO","N/A","N/A","P2_ENTERPRISE_FUTURE","DEFERRED","NOT NULL; valid timestamp"
"document_status_history","document_type_id","BIGINT UNSIGNED","N/A","N/A","YES","N/A","NO","YES","document_types","id","P2_ENTERPRISE_FUTURE","DEFERRED","FK document_types.id; FOREIGN KEY to document_types.id"
"document_status_history","from_status","VARCHAR","40","N/A","YES","N/A","NO","NO","N/A","N/A","P2_ENTERPRISE_FUTURE","DEFERRED","N/A"
"document_status_history","reference_id","BIGINT","N/A","N/A","NO","N/A","NO","NO","N/A","N/A","P2_ENTERPRISE_FUTURE","DEFERRED","NOT NULL"
"document_status_history","reference_table","VARCHAR","120","N/A","NO","N/A","NO","NO","N/A","N/A","P2_ENTERPRISE_FUTURE","DEFERRED","NOT NULL"
"document_status_history","to_status","VARCHAR","40","N/A","NO","N/A","NO","NO","N/A","N/A","P2_ENTERPRISE_FUTURE","DEFERRED","NOT NULL"
"activity_logs","id","BIGINT UNSIGNED","N/A","N/A","NO","N/A","YES","NO","N/A","N/A","REJECTED_OR_MERGED","MERGED","NOT NULL; PRIMARY KEY"
"activity_logs","organization_id","BIGINT UNSIGNED","N/A","N/A","NO","N/A","NO","YES","organizations","id","REJECTED_OR_MERGED","MERGED","NOT NULL; FK organizations.id; FOREIGN KEY to organizations.id"
"activity_logs","branch_id","BIGINT UNSIGNED","N/A","N/A","YES","N/A","NO","YES","branches","id","REJECTED_OR_MERGED","MERGED","FK branches.id; nullable for organization-level records"
"activity_logs","description","TEXT","N/A","N/A","YES","N/A","NO","NO","N/A","N/A","REJECTED_OR_MERGED","MERGED","N/A"
"activity_logs","status","VARCHAR","40","N/A","NO","info","NO","NO","N/A","N/A","REJECTED_OR_MERGED","MERGED","NOT NULL; ENUM/CHECK; ENUM/CHECK severity_level"
"activity_logs","status_changed_at","DATETIME","N/A","N/A","YES","N/A","NO","NO","N/A","N/A","REJECTED_OR_MERGED","MERGED","Required by service when status is changed"
"activity_logs","status_changed_by","BIGINT UNSIGNED","N/A","N/A","YES","N/A","NO","YES","user_profiles","id","REJECTED_OR_MERGED","MERGED","FK user_profiles.id; set null if user profile is removed"
"activity_logs","metadata_json","JSON","N/A","N/A","YES","N/A","NO","NO","N/A","N/A","REJECTED_OR_MERGED","MERGED","JSON_VALID"
"activity_logs","created_at","TIMESTAMP","N/A","N/A","NO","CURRENT_TIMESTAMP","NO","NO","N/A","N/A","REJECTED_OR_MERGED","MERGED","NOT NULL; valid timestamp"
"activity_logs","created_by","BIGINT UNSIGNED","N/A","N/A","YES","N/A","NO","YES","user_profiles","id","REJECTED_OR_MERGED","MERGED","FK user_profiles.id; FOREIGN KEY to user_profiles.id"
"activity_logs","updated_at","TIMESTAMP","N/A","N/A","YES","CURRENT_TIMESTAMP ON UPDATE CURRENT_TIMESTAMP","NO","NO","N/A","N/A","REJECTED_OR_MERGED","MERGED","valid timestamp"
"activity_logs","updated_by","BIGINT UNSIGNED","N/A","N/A","YES","N/A","NO","YES","user_profiles","id","REJECTED_OR_MERGED","MERGED","FK user_profiles.id; FOREIGN KEY to user_profiles.id"
"activity_logs","activity_context_json","JSON","N/A","N/A","YES","N/A","NO","NO","N/A","N/A","REJECTED_OR_MERGED","MERGED","JSON_VALID"
"activity_logs","activity_summary","TEXT","N/A","N/A","NO","N/A","NO","NO","N/A","N/A","REJECTED_OR_MERGED","MERGED","NOT NULL"
"activity_logs","activity_type","VARCHAR","120","N/A","NO","N/A","NO","NO","N/A","N/A","REJECTED_OR_MERGED","MERGED","NOT NULL"
"activity_logs","actor_user_id","BIGINT UNSIGNED","N/A","N/A","YES","N/A","NO","YES","user_profiles","id","REJECTED_OR_MERGED","MERGED","FK user_profiles.id; FOREIGN KEY to user_profiles.id"
"activity_logs","entity_id","BIGINT","N/A","N/A","YES","N/A","NO","NO","N/A","N/A","REJECTED_OR_MERGED","MERGED","N/A"
"activity_logs","entity_type","VARCHAR","120","N/A","YES","N/A","NO","NO","N/A","N/A","REJECTED_OR_MERGED","MERGED","N/A"
"activity_logs","occurred_at","DATETIME","N/A","N/A","NO","N/A","NO","NO","N/A","N/A","REJECTED_OR_MERGED","MERGED","NOT NULL; valid timestamp"
"audit_logs","id","BIGINT UNSIGNED","N/A","N/A","NO","N/A","YES","NO","N/A","N/A","P0_CORE","APPROVED","NOT NULL; PRIMARY KEY"
"audit_logs","organization_id","BIGINT UNSIGNED","N/A","N/A","NO","N/A","NO","YES","organizations","id","P0_CORE","APPROVED","NOT NULL; FK organizations.id; FOREIGN KEY to organizations.id"
"audit_logs","branch_id","BIGINT UNSIGNED","N/A","N/A","YES","N/A","NO","YES","branches","id","P0_CORE","APPROVED","FK branches.id; nullable for organization-level records"
"audit_logs","description","TEXT","N/A","N/A","YES","N/A","NO","NO","N/A","N/A","P0_CORE","APPROVED","N/A"
"audit_logs","metadata_json","JSON","N/A","N/A","YES","N/A","NO","NO","N/A","N/A","P0_CORE","APPROVED","JSON_VALID"
"audit_logs","created_at","TIMESTAMP","N/A","N/A","NO","CURRENT_TIMESTAMP","NO","NO","N/A","N/A","P0_CORE","APPROVED","NOT NULL; valid timestamp"
"audit_logs","created_by","BIGINT UNSIGNED","N/A","N/A","YES","N/A","NO","YES","user_profiles","id","P0_CORE","APPROVED","FK user_profiles.id; FOREIGN KEY to user_profiles.id"
"audit_logs","updated_at","TIMESTAMP","N/A","N/A","YES","CURRENT_TIMESTAMP ON UPDATE CURRENT_TIMESTAMP","NO","NO","N/A","N/A","P0_CORE","APPROVED","valid timestamp"
"audit_logs","updated_by","BIGINT UNSIGNED","N/A","N/A","YES","N/A","NO","YES","user_profiles","id","P0_CORE","APPROVED","FK user_profiles.id; FOREIGN KEY to user_profiles.id"
"audit_logs","action_key","VARCHAR","160","N/A","NO","N/A","NO","NO","N/A","N/A","P0_CORE","APPROVED","NOT NULL"
"audit_logs","actor_user_id","BIGINT UNSIGNED","N/A","N/A","YES","N/A","NO","YES","user_profiles","id","P0_CORE","APPROVED","FK user_profiles.id; FOREIGN KEY to user_profiles.id"
"audit_logs","after_json","JSON","N/A","N/A","YES","N/A","NO","NO","N/A","N/A","P0_CORE","APPROVED","JSON_VALID"
"audit_logs","before_json","JSON","N/A","N/A","YES","N/A","NO","NO","N/A","N/A","P0_CORE","APPROVED","JSON_VALID"
"audit_logs","entity_id","BIGINT","N/A","N/A","YES","N/A","NO","NO","N/A","N/A","P0_CORE","APPROVED","N/A"
"audit_logs","entity_type","VARCHAR","120","N/A","YES","N/A","NO","NO","N/A","N/A","P0_CORE","APPROVED","N/A"
"audit_logs","ip_address","VARCHAR","64","N/A","YES","N/A","NO","NO","N/A","N/A","P0_CORE","APPROVED","N/A"
"audit_logs","occurred_at","DATETIME","N/A","N/A","NO","N/A","NO","NO","N/A","N/A","P0_CORE","APPROVED","NOT NULL; valid timestamp"
"data_change_logs","id","BIGINT UNSIGNED","N/A","N/A","NO","N/A","YES","NO","N/A","N/A","REJECTED_OR_MERGED","MERGED","NOT NULL; PRIMARY KEY"
"data_change_logs","organization_id","BIGINT UNSIGNED","N/A","N/A","NO","N/A","NO","YES","organizations","id","REJECTED_OR_MERGED","MERGED","NOT NULL; FK organizations.id; FOREIGN KEY to organizations.id"
"data_change_logs","description","TEXT","N/A","N/A","YES","N/A","NO","NO","N/A","N/A","REJECTED_OR_MERGED","MERGED","N/A"
"data_change_logs","created_at","TIMESTAMP","N/A","N/A","NO","CURRENT_TIMESTAMP","NO","NO","N/A","N/A","REJECTED_OR_MERGED","MERGED","NOT NULL; valid timestamp"
"data_change_logs","created_by","BIGINT UNSIGNED","N/A","N/A","YES","N/A","NO","YES","user_profiles","id","REJECTED_OR_MERGED","MERGED","FK user_profiles.id; FOREIGN KEY to user_profiles.id"
"data_change_logs","updated_at","TIMESTAMP","N/A","N/A","YES","CURRENT_TIMESTAMP ON UPDATE CURRENT_TIMESTAMP","NO","NO","N/A","N/A","REJECTED_OR_MERGED","MERGED","valid timestamp"
"data_change_logs","updated_by","BIGINT UNSIGNED","N/A","N/A","YES","N/A","NO","YES","user_profiles","id","REJECTED_OR_MERGED","MERGED","FK user_profiles.id; FOREIGN KEY to user_profiles.id"
"data_change_logs","change_type","VARCHAR","40","N/A","NO","N/A","NO","NO","N/A","N/A","REJECTED_OR_MERGED","MERGED","NOT NULL"
"data_change_logs","changed_at","DATETIME","N/A","N/A","NO","N/A","NO","NO","N/A","N/A","REJECTED_OR_MERGED","MERGED","NOT NULL; valid timestamp"
"data_change_logs","changed_columns_json","JSON","N/A","N/A","YES","N/A","NO","NO","N/A","N/A","REJECTED_OR_MERGED","MERGED","JSON_VALID"
"data_change_logs","new_values_json","JSON","N/A","N/A","YES","N/A","NO","NO","N/A","N/A","REJECTED_OR_MERGED","MERGED","JSON_VALID"
"data_change_logs","old_values_json","JSON","N/A","N/A","YES","N/A","NO","NO","N/A","N/A","REJECTED_OR_MERGED","MERGED","JSON_VALID"
"data_change_logs","record_id","BIGINT","N/A","N/A","NO","N/A","NO","NO","N/A","N/A","REJECTED_OR_MERGED","MERGED","NOT NULL"
"data_change_logs","table_name","VARCHAR","120","N/A","NO","N/A","NO","NO","N/A","N/A","REJECTED_OR_MERGED","MERGED","NOT NULL"
"error_logs","id","BIGINT UNSIGNED","N/A","N/A","NO","N/A","YES","NO","N/A","N/A","P0_CORE","APPROVED","NOT NULL; PRIMARY KEY"
"error_logs","organization_id","BIGINT UNSIGNED","N/A","N/A","NO","N/A","NO","YES","organizations","id","P0_CORE","APPROVED","NOT NULL; FK organizations.id; FOREIGN KEY to organizations.id"
"error_logs","description","TEXT","N/A","N/A","YES","N/A","NO","NO","N/A","N/A","P0_CORE","APPROVED","N/A"
"error_logs","status","VARCHAR","40","N/A","NO","error","NO","NO","N/A","N/A","P0_CORE","APPROVED","NOT NULL; ENUM/CHECK; ENUM/CHECK severity_level"
"error_logs","status_changed_at","DATETIME","N/A","N/A","YES","N/A","NO","NO","N/A","N/A","P0_CORE","APPROVED","Required by service when status is changed"
"error_logs","status_changed_by","BIGINT UNSIGNED","N/A","N/A","YES","N/A","NO","YES","user_profiles","id","P0_CORE","APPROVED","FK user_profiles.id; set null if user profile is removed"
"error_logs","metadata_json","JSON","N/A","N/A","YES","N/A","NO","NO","N/A","N/A","P0_CORE","APPROVED","JSON_VALID"
"error_logs","created_at","TIMESTAMP","N/A","N/A","NO","CURRENT_TIMESTAMP","NO","NO","N/A","N/A","P0_CORE","APPROVED","NOT NULL; valid timestamp"
"error_logs","created_by","BIGINT UNSIGNED","N/A","N/A","YES","N/A","NO","YES","user_profiles","id","P0_CORE","APPROVED","FK user_profiles.id; FOREIGN KEY to user_profiles.id"
"error_logs","updated_at","TIMESTAMP","N/A","N/A","YES","CURRENT_TIMESTAMP ON UPDATE CURRENT_TIMESTAMP","NO","NO","N/A","N/A","P0_CORE","APPROVED","valid timestamp"
"error_logs","updated_by","BIGINT UNSIGNED","N/A","N/A","YES","N/A","NO","YES","user_profiles","id","P0_CORE","APPROVED","FK user_profiles.id; FOREIGN KEY to user_profiles.id"
"error_logs","context_json","JSON","N/A","N/A","YES","N/A","NO","NO","N/A","N/A","P0_CORE","APPROVED","JSON_VALID"
"error_logs","error_code","VARCHAR","120","N/A","YES","N/A","NO","NO","N/A","N/A","P0_CORE","APPROVED","N/A"
"error_logs","error_message","TEXT","N/A","N/A","NO","N/A","NO","NO","N/A","N/A","P0_CORE","APPROVED","NOT NULL"
"error_logs","error_source","VARCHAR","120","N/A","NO","N/A","NO","NO","N/A","N/A","P0_CORE","APPROVED","NOT NULL"
"error_logs","occurred_at","DATETIME","N/A","N/A","NO","N/A","NO","NO","N/A","N/A","P0_CORE","APPROVED","NOT NULL; valid timestamp"
"error_logs","stack_trace","TEXT","N/A","N/A","YES","N/A","NO","NO","N/A","N/A","P0_CORE","APPROVED","N/A"
"api_request_logs","id","BIGINT UNSIGNED","N/A","N/A","NO","N/A","YES","NO","N/A","N/A","P0_CORE","APPROVED","NOT NULL; PRIMARY KEY"
"api_request_logs","organization_id","BIGINT UNSIGNED","N/A","N/A","NO","N/A","NO","YES","organizations","id","P0_CORE","APPROVED","NOT NULL; FK organizations.id; FOREIGN KEY to organizations.id"
"api_request_logs","description","TEXT","N/A","N/A","YES","N/A","NO","NO","N/A","N/A","P0_CORE","APPROVED","N/A"
"api_request_logs","metadata_json","JSON","N/A","N/A","YES","N/A","NO","NO","N/A","N/A","P0_CORE","APPROVED","JSON_VALID"
"api_request_logs","created_at","TIMESTAMP","N/A","N/A","NO","CURRENT_TIMESTAMP","NO","NO","N/A","N/A","P0_CORE","APPROVED","NOT NULL; valid timestamp"
"api_request_logs","created_by","BIGINT UNSIGNED","N/A","N/A","YES","N/A","NO","YES","user_profiles","id","P0_CORE","APPROVED","FK user_profiles.id; FOREIGN KEY to user_profiles.id"
"api_request_logs","updated_at","TIMESTAMP","N/A","N/A","YES","CURRENT_TIMESTAMP ON UPDATE CURRENT_TIMESTAMP","NO","NO","N/A","N/A","P0_CORE","APPROVED","valid timestamp"
"api_request_logs","updated_by","BIGINT UNSIGNED","N/A","N/A","YES","N/A","NO","YES","user_profiles","id","P0_CORE","APPROVED","FK user_profiles.id; FOREIGN KEY to user_profiles.id"
"api_request_logs","duration_ms","INT","N/A","N/A","YES","N/A","NO","NO","N/A","N/A","P0_CORE","APPROVED","N/A"
"api_request_logs","http_method","VARCHAR","12","N/A","NO","N/A","NO","NO","N/A","N/A","P0_CORE","APPROVED","NOT NULL"
"api_request_logs","request_id","VARCHAR","120","N/A","YES","N/A","NO","NO","N/A","N/A","P0_CORE","APPROVED","N/A"
"api_request_logs","requested_at","DATETIME","N/A","N/A","NO","N/A","NO","NO","N/A","N/A","P0_CORE","APPROVED","NOT NULL; valid timestamp"
"api_request_logs","route_path","VARCHAR","500","N/A","NO","N/A","NO","NO","N/A","N/A","P0_CORE","APPROVED","NOT NULL"
"api_request_logs","status_code","INT","N/A","N/A","NO","N/A","NO","NO","N/A","N/A","P0_CORE","APPROVED","NOT NULL"
"api_request_logs","user_id","BIGINT UNSIGNED","N/A","N/A","YES","N/A","NO","YES","user_profiles","id","P0_CORE","APPROVED","FK user_profiles.id; FOREIGN KEY to user_profiles.id"
"integration_logs","id","BIGINT UNSIGNED","N/A","N/A","NO","N/A","YES","NO","N/A","N/A","REJECTED_OR_MERGED","MERGED","NOT NULL; PRIMARY KEY"
"integration_logs","organization_id","BIGINT UNSIGNED","N/A","N/A","NO","N/A","NO","YES","organizations","id","REJECTED_OR_MERGED","MERGED","NOT NULL; FK organizations.id; FOREIGN KEY to organizations.id"
"integration_logs","description","TEXT","N/A","N/A","YES","N/A","NO","NO","N/A","N/A","REJECTED_OR_MERGED","MERGED","N/A"
"integration_logs","status","VARCHAR","40","N/A","NO","success","NO","NO","N/A","N/A","REJECTED_OR_MERGED","MERGED","NOT NULL; ENUM/CHECK; ENUM/CHECK job_status"
"integration_logs","status_changed_at","DATETIME","N/A","N/A","YES","N/A","NO","NO","N/A","N/A","REJECTED_OR_MERGED","MERGED","Required by service when status is changed"
"integration_logs","status_changed_by","BIGINT UNSIGNED","N/A","N/A","YES","N/A","NO","YES","user_profiles","id","REJECTED_OR_MERGED","MERGED","FK user_profiles.id; set null if user profile is removed"
"integration_logs","metadata_json","JSON","N/A","N/A","YES","N/A","NO","NO","N/A","N/A","REJECTED_OR_MERGED","MERGED","JSON_VALID"
"integration_logs","created_at","TIMESTAMP","N/A","N/A","NO","CURRENT_TIMESTAMP","NO","NO","N/A","N/A","REJECTED_OR_MERGED","MERGED","NOT NULL; valid timestamp"
"integration_logs","created_by","BIGINT UNSIGNED","N/A","N/A","YES","N/A","NO","YES","user_profiles","id","REJECTED_OR_MERGED","MERGED","FK user_profiles.id; FOREIGN KEY to user_profiles.id"
"integration_logs","updated_at","TIMESTAMP","N/A","N/A","YES","CURRENT_TIMESTAMP ON UPDATE CURRENT_TIMESTAMP","NO","NO","N/A","N/A","REJECTED_OR_MERGED","MERGED","valid timestamp"
"integration_logs","updated_by","BIGINT UNSIGNED","N/A","N/A","YES","N/A","NO","YES","user_profiles","id","REJECTED_OR_MERGED","MERGED","FK user_profiles.id; FOREIGN KEY to user_profiles.id"
"integration_logs","integration_type","VARCHAR","80","N/A","NO","N/A","NO","NO","N/A","N/A","REJECTED_OR_MERGED","MERGED","NOT NULL"
"integration_logs","occurred_at","DATETIME","N/A","N/A","NO","N/A","NO","NO","N/A","N/A","REJECTED_OR_MERGED","MERGED","NOT NULL; valid timestamp"
"integration_logs","operation_key","VARCHAR","120","N/A","NO","N/A","NO","NO","N/A","N/A","REJECTED_OR_MERGED","MERGED","NOT NULL"
"integration_logs","provider_key","VARCHAR","120","N/A","YES","N/A","NO","NO","N/A","N/A","REJECTED_OR_MERGED","MERGED","N/A"
"integration_logs","request_summary_json","JSON","N/A","N/A","YES","N/A","NO","NO","N/A","N/A","REJECTED_OR_MERGED","MERGED","JSON_VALID"
"integration_logs","response_summary_json","JSON","N/A","N/A","YES","N/A","NO","NO","N/A","N/A","REJECTED_OR_MERGED","MERGED","JSON_VALID"
"retention_policies","id","BIGINT UNSIGNED","N/A","N/A","NO","N/A","YES","NO","N/A","N/A","P1_PRODUCTION_EXTENSION","APPROVED_DEFERRED","NOT NULL; PRIMARY KEY"
"retention_policies","organization_id","BIGINT UNSIGNED","N/A","N/A","NO","N/A","NO","YES","organizations","id","P1_PRODUCTION_EXTENSION","APPROVED_DEFERRED","NOT NULL; FK organizations.id; FOREIGN KEY to organizations.id"
"retention_policies","code","VARCHAR","80","N/A","NO","N/A","NO","NO","N/A","N/A","P1_PRODUCTION_EXTENSION","APPROVED_DEFERRED","NOT NULL"
"retention_policies","name","VARCHAR","180","N/A","NO","N/A","NO","NO","N/A","N/A","P1_PRODUCTION_EXTENSION","APPROVED_DEFERRED","NOT NULL"
"retention_policies","description","TEXT","N/A","N/A","YES","N/A","NO","NO","N/A","N/A","P1_PRODUCTION_EXTENSION","APPROVED_DEFERRED","N/A"
"retention_policies","status","VARCHAR","40","N/A","NO","active","NO","NO","N/A","N/A","P1_PRODUCTION_EXTENSION","APPROVED_DEFERRED","NOT NULL; ENUM/CHECK; ENUM/CHECK common_status"
"retention_policies","status_changed_at","DATETIME","N/A","N/A","YES","N/A","NO","NO","N/A","N/A","P1_PRODUCTION_EXTENSION","APPROVED_DEFERRED","Required by service when status is changed"
"retention_policies","status_changed_by","BIGINT UNSIGNED","N/A","N/A","YES","N/A","NO","YES","user_profiles","id","P1_PRODUCTION_EXTENSION","APPROVED_DEFERRED","FK user_profiles.id; set null if user profile is removed"
"retention_policies","is_active","TINYINT","1","N/A","NO","1","NO","NO","N/A","N/A","P1_PRODUCTION_EXTENSION","APPROVED_DEFERRED","NOT NULL"
"retention_policies","metadata_json","JSON","N/A","N/A","YES","N/A","NO","NO","N/A","N/A","P1_PRODUCTION_EXTENSION","APPROVED_DEFERRED","JSON_VALID"
"retention_policies","created_at","TIMESTAMP","N/A","N/A","NO","CURRENT_TIMESTAMP","NO","NO","N/A","N/A","P1_PRODUCTION_EXTENSION","APPROVED_DEFERRED","NOT NULL; valid timestamp"
"retention_policies","created_by","BIGINT UNSIGNED","N/A","N/A","YES","N/A","NO","YES","user_profiles","id","P1_PRODUCTION_EXTENSION","APPROVED_DEFERRED","FK user_profiles.id; FOREIGN KEY to user_profiles.id"
"retention_policies","updated_at","TIMESTAMP","N/A","N/A","YES","CURRENT_TIMESTAMP ON UPDATE CURRENT_TIMESTAMP","NO","NO","N/A","N/A","P1_PRODUCTION_EXTENSION","APPROVED_DEFERRED","valid timestamp"
"retention_policies","updated_by","BIGINT UNSIGNED","N/A","N/A","YES","N/A","NO","YES","user_profiles","id","P1_PRODUCTION_EXTENSION","APPROVED_DEFERRED","FK user_profiles.id; FOREIGN KEY to user_profiles.id"
"retention_policies","deleted_at","TIMESTAMP","N/A","N/A","YES","N/A","NO","NO","N/A","N/A","P1_PRODUCTION_EXTENSION","APPROVED_DEFERRED","valid timestamp"
"retention_policies","deleted_by","BIGINT UNSIGNED","N/A","N/A","YES","N/A","NO","YES","user_profiles","id","P1_PRODUCTION_EXTENSION","APPROVED_DEFERRED","FK user_profiles.id; FOREIGN KEY to user_profiles.id"
"retention_policies","action_after_retention","VARCHAR","80","N/A","NO","N/A","NO","NO","N/A","N/A","P1_PRODUCTION_EXTENSION","APPROVED_DEFERRED","NOT NULL"
"retention_policies","policy_options_json","JSON","N/A","N/A","YES","N/A","NO","NO","N/A","N/A","P1_PRODUCTION_EXTENSION","APPROVED_DEFERRED","JSON_VALID"
"retention_policies","retain_days","INT","N/A","N/A","NO","N/A","NO","NO","N/A","N/A","P1_PRODUCTION_EXTENSION","APPROVED_DEFERRED","NOT NULL"
"retention_policies","target_table","VARCHAR","120","N/A","NO","N/A","NO","NO","N/A","N/A","P1_PRODUCTION_EXTENSION","APPROVED_DEFERRED","NOT NULL"
"demo_categories","id","BIGINT UNSIGNED","N/A","N/A","NO","N/A","YES","NO","N/A","N/A","SEED_OR_SAMPLE","DEV_ONLY","NOT NULL; PRIMARY KEY"
"demo_categories","organization_id","BIGINT UNSIGNED","N/A","N/A","NO","N/A","NO","YES","organizations","id","SEED_OR_SAMPLE","DEV_ONLY","NOT NULL; FK organizations.id; FOREIGN KEY to organizations.id"
"demo_categories","code","VARCHAR","80","N/A","NO","N/A","NO","NO","N/A","N/A","SEED_OR_SAMPLE","DEV_ONLY","NOT NULL"
"demo_categories","name","VARCHAR","180","N/A","NO","N/A","NO","NO","N/A","N/A","SEED_OR_SAMPLE","DEV_ONLY","NOT NULL"
"demo_categories","description","TEXT","N/A","N/A","YES","N/A","NO","NO","N/A","N/A","SEED_OR_SAMPLE","DEV_ONLY","N/A"
"demo_categories","status","VARCHAR","40","N/A","NO","active","NO","NO","N/A","N/A","SEED_OR_SAMPLE","DEV_ONLY","NOT NULL; ENUM/CHECK; ENUM/CHECK common_status"
"demo_categories","status_changed_at","DATETIME","N/A","N/A","YES","N/A","NO","NO","N/A","N/A","SEED_OR_SAMPLE","DEV_ONLY","Required by service when status is changed"
"demo_categories","status_changed_by","BIGINT UNSIGNED","N/A","N/A","YES","N/A","NO","YES","user_profiles","id","SEED_OR_SAMPLE","DEV_ONLY","FK user_profiles.id; set null if user profile is removed"
"demo_categories","is_active","TINYINT","1","N/A","NO","1","NO","NO","N/A","N/A","SEED_OR_SAMPLE","DEV_ONLY","NOT NULL"
"demo_categories","created_at","TIMESTAMP","N/A","N/A","NO","CURRENT_TIMESTAMP","NO","NO","N/A","N/A","SEED_OR_SAMPLE","DEV_ONLY","NOT NULL; valid timestamp"
"demo_categories","created_by","BIGINT UNSIGNED","N/A","N/A","YES","N/A","NO","YES","user_profiles","id","SEED_OR_SAMPLE","DEV_ONLY","FK user_profiles.id; FOREIGN KEY to user_profiles.id"
"demo_categories","updated_at","TIMESTAMP","N/A","N/A","YES","CURRENT_TIMESTAMP ON UPDATE CURRENT_TIMESTAMP","NO","NO","N/A","N/A","SEED_OR_SAMPLE","DEV_ONLY","valid timestamp"
"demo_categories","updated_by","BIGINT UNSIGNED","N/A","N/A","YES","N/A","NO","YES","user_profiles","id","SEED_OR_SAMPLE","DEV_ONLY","FK user_profiles.id; FOREIGN KEY to user_profiles.id"
"demo_categories","deleted_at","TIMESTAMP","N/A","N/A","YES","N/A","NO","NO","N/A","N/A","SEED_OR_SAMPLE","DEV_ONLY","valid timestamp"
"demo_categories","deleted_by","BIGINT UNSIGNED","N/A","N/A","YES","N/A","NO","YES","user_profiles","id","SEED_OR_SAMPLE","DEV_ONLY","FK user_profiles.id; FOREIGN KEY to user_profiles.id"
"demo_products","id","BIGINT UNSIGNED","N/A","N/A","NO","N/A","YES","NO","N/A","N/A","SEED_OR_SAMPLE","DEV_ONLY","NOT NULL; PRIMARY KEY"
"demo_products","organization_id","BIGINT UNSIGNED","N/A","N/A","NO","N/A","NO","YES","organizations","id","SEED_OR_SAMPLE","DEV_ONLY","NOT NULL; FK organizations.id; FOREIGN KEY to organizations.id"
"demo_products","code","VARCHAR","80","N/A","NO","N/A","NO","NO","N/A","N/A","SEED_OR_SAMPLE","DEV_ONLY","NOT NULL"
"demo_products","name","VARCHAR","180","N/A","NO","N/A","NO","NO","N/A","N/A","SEED_OR_SAMPLE","DEV_ONLY","NOT NULL"
"demo_products","description","TEXT","N/A","N/A","YES","N/A","NO","NO","N/A","N/A","SEED_OR_SAMPLE","DEV_ONLY","N/A"
"demo_products","status","VARCHAR","40","N/A","NO","active","NO","NO","N/A","N/A","SEED_OR_SAMPLE","DEV_ONLY","NOT NULL; ENUM/CHECK; ENUM/CHECK common_status"
"demo_products","status_changed_at","DATETIME","N/A","N/A","YES","N/A","NO","NO","N/A","N/A","SEED_OR_SAMPLE","DEV_ONLY","Required by service when status is changed"
"demo_products","status_changed_by","BIGINT UNSIGNED","N/A","N/A","YES","N/A","NO","YES","user_profiles","id","SEED_OR_SAMPLE","DEV_ONLY","FK user_profiles.id; set null if user profile is removed"
"demo_products","is_active","TINYINT","1","N/A","NO","1","NO","NO","N/A","N/A","SEED_OR_SAMPLE","DEV_ONLY","NOT NULL"
"demo_products","created_at","TIMESTAMP","N/A","N/A","NO","CURRENT_TIMESTAMP","NO","NO","N/A","N/A","SEED_OR_SAMPLE","DEV_ONLY","NOT NULL; valid timestamp"
"demo_products","created_by","BIGINT UNSIGNED","N/A","N/A","YES","N/A","NO","YES","user_profiles","id","SEED_OR_SAMPLE","DEV_ONLY","FK user_profiles.id; FOREIGN KEY to user_profiles.id"
"demo_products","updated_at","TIMESTAMP","N/A","N/A","YES","CURRENT_TIMESTAMP ON UPDATE CURRENT_TIMESTAMP","NO","NO","N/A","N/A","SEED_OR_SAMPLE","DEV_ONLY","valid timestamp"
"demo_products","updated_by","BIGINT UNSIGNED","N/A","N/A","YES","N/A","NO","YES","user_profiles","id","SEED_OR_SAMPLE","DEV_ONLY","FK user_profiles.id; FOREIGN KEY to user_profiles.id"
"demo_products","deleted_at","TIMESTAMP","N/A","N/A","YES","N/A","NO","NO","N/A","N/A","SEED_OR_SAMPLE","DEV_ONLY","valid timestamp"
"demo_products","deleted_by","BIGINT UNSIGNED","N/A","N/A","YES","N/A","NO","YES","user_profiles","id","SEED_OR_SAMPLE","DEV_ONLY","FK user_profiles.id; FOREIGN KEY to user_profiles.id"
"demo_products","category_id","BIGINT UNSIGNED","N/A","N/A","YES","N/A","NO","YES","demo_categories","id","SEED_OR_SAMPLE","DEV_ONLY","FK demo_categories.id; FOREIGN KEY to demo_categories.id"
"demo_products","product_line","VARCHAR","120","N/A","YES","N/A","NO","NO","N/A","N/A","SEED_OR_SAMPLE","DEV_ONLY","N/A"
"demo_regions","id","BIGINT UNSIGNED","N/A","N/A","NO","N/A","YES","NO","N/A","N/A","SEED_OR_SAMPLE","DEV_ONLY","NOT NULL; PRIMARY KEY"
"demo_regions","organization_id","BIGINT UNSIGNED","N/A","N/A","NO","N/A","NO","YES","organizations","id","SEED_OR_SAMPLE","DEV_ONLY","NOT NULL; FK organizations.id; FOREIGN KEY to organizations.id"
"demo_regions","code","VARCHAR","80","N/A","NO","N/A","NO","NO","N/A","N/A","SEED_OR_SAMPLE","DEV_ONLY","NOT NULL"
"demo_regions","name","VARCHAR","180","N/A","NO","N/A","NO","NO","N/A","N/A","SEED_OR_SAMPLE","DEV_ONLY","NOT NULL"
"demo_regions","description","TEXT","N/A","N/A","YES","N/A","NO","NO","N/A","N/A","SEED_OR_SAMPLE","DEV_ONLY","N/A"
"demo_regions","status","VARCHAR","40","N/A","NO","active","NO","NO","N/A","N/A","SEED_OR_SAMPLE","DEV_ONLY","NOT NULL; ENUM/CHECK; ENUM/CHECK common_status"
"demo_regions","status_changed_at","DATETIME","N/A","N/A","YES","N/A","NO","NO","N/A","N/A","SEED_OR_SAMPLE","DEV_ONLY","Required by service when status is changed"
"demo_regions","status_changed_by","BIGINT UNSIGNED","N/A","N/A","YES","N/A","NO","YES","user_profiles","id","SEED_OR_SAMPLE","DEV_ONLY","FK user_profiles.id; set null if user profile is removed"
"demo_regions","is_active","TINYINT","1","N/A","NO","1","NO","NO","N/A","N/A","SEED_OR_SAMPLE","DEV_ONLY","NOT NULL"
"demo_regions","created_at","TIMESTAMP","N/A","N/A","NO","CURRENT_TIMESTAMP","NO","NO","N/A","N/A","SEED_OR_SAMPLE","DEV_ONLY","NOT NULL; valid timestamp"
"demo_regions","created_by","BIGINT UNSIGNED","N/A","N/A","YES","N/A","NO","YES","user_profiles","id","SEED_OR_SAMPLE","DEV_ONLY","FK user_profiles.id; FOREIGN KEY to user_profiles.id"
"demo_regions","updated_at","TIMESTAMP","N/A","N/A","YES","CURRENT_TIMESTAMP ON UPDATE CURRENT_TIMESTAMP","NO","NO","N/A","N/A","SEED_OR_SAMPLE","DEV_ONLY","valid timestamp"
"demo_regions","updated_by","BIGINT UNSIGNED","N/A","N/A","YES","N/A","NO","YES","user_profiles","id","SEED_OR_SAMPLE","DEV_ONLY","FK user_profiles.id; FOREIGN KEY to user_profiles.id"
"demo_regions","deleted_at","TIMESTAMP","N/A","N/A","YES","N/A","NO","NO","N/A","N/A","SEED_OR_SAMPLE","DEV_ONLY","valid timestamp"
"demo_regions","deleted_by","BIGINT UNSIGNED","N/A","N/A","YES","N/A","NO","YES","user_profiles","id","SEED_OR_SAMPLE","DEV_ONLY","FK user_profiles.id; FOREIGN KEY to user_profiles.id"
"demo_regions","country_code","VARCHAR","2","N/A","NO","'TH'","NO","NO","N/A","N/A","SEED_OR_SAMPLE","DEV_ONLY","NOT NULL; non-negative where business rule applies"
"demo_regions","province_name","VARCHAR","180","N/A","YES","N/A","NO","NO","N/A","N/A","SEED_OR_SAMPLE","DEV_ONLY","N/A"
"demo_channels","id","BIGINT UNSIGNED","N/A","N/A","NO","N/A","YES","NO","N/A","N/A","SEED_OR_SAMPLE","DEV_ONLY","NOT NULL; PRIMARY KEY"
"demo_channels","organization_id","BIGINT UNSIGNED","N/A","N/A","NO","N/A","NO","YES","organizations","id","SEED_OR_SAMPLE","DEV_ONLY","NOT NULL; FK organizations.id; FOREIGN KEY to organizations.id"
"demo_channels","code","VARCHAR","80","N/A","NO","N/A","NO","NO","N/A","N/A","SEED_OR_SAMPLE","DEV_ONLY","NOT NULL"
"demo_channels","name","VARCHAR","180","N/A","NO","N/A","NO","NO","N/A","N/A","SEED_OR_SAMPLE","DEV_ONLY","NOT NULL"
"demo_channels","description","TEXT","N/A","N/A","YES","N/A","NO","NO","N/A","N/A","SEED_OR_SAMPLE","DEV_ONLY","N/A"
"demo_channels","status","VARCHAR","40","N/A","NO","active","NO","NO","N/A","N/A","SEED_OR_SAMPLE","DEV_ONLY","NOT NULL; ENUM/CHECK; ENUM/CHECK common_status"
"demo_channels","status_changed_at","DATETIME","N/A","N/A","YES","N/A","NO","NO","N/A","N/A","SEED_OR_SAMPLE","DEV_ONLY","Required by service when status is changed"
"demo_channels","status_changed_by","BIGINT UNSIGNED","N/A","N/A","YES","N/A","NO","YES","user_profiles","id","SEED_OR_SAMPLE","DEV_ONLY","FK user_profiles.id; set null if user profile is removed"
"demo_channels","is_active","TINYINT","1","N/A","NO","1","NO","NO","N/A","N/A","SEED_OR_SAMPLE","DEV_ONLY","NOT NULL"
"demo_channels","created_at","TIMESTAMP","N/A","N/A","NO","CURRENT_TIMESTAMP","NO","NO","N/A","N/A","SEED_OR_SAMPLE","DEV_ONLY","NOT NULL; valid timestamp"
"demo_channels","created_by","BIGINT UNSIGNED","N/A","N/A","YES","N/A","NO","YES","user_profiles","id","SEED_OR_SAMPLE","DEV_ONLY","FK user_profiles.id; FOREIGN KEY to user_profiles.id"
"demo_channels","updated_at","TIMESTAMP","N/A","N/A","YES","CURRENT_TIMESTAMP ON UPDATE CURRENT_TIMESTAMP","NO","NO","N/A","N/A","SEED_OR_SAMPLE","DEV_ONLY","valid timestamp"
"demo_channels","updated_by","BIGINT UNSIGNED","N/A","N/A","YES","N/A","NO","YES","user_profiles","id","SEED_OR_SAMPLE","DEV_ONLY","FK user_profiles.id; FOREIGN KEY to user_profiles.id"
"demo_channels","deleted_at","TIMESTAMP","N/A","N/A","YES","N/A","NO","NO","N/A","N/A","SEED_OR_SAMPLE","DEV_ONLY","valid timestamp"
"demo_channels","deleted_by","BIGINT UNSIGNED","N/A","N/A","YES","N/A","NO","YES","user_profiles","id","SEED_OR_SAMPLE","DEV_ONLY","FK user_profiles.id; FOREIGN KEY to user_profiles.id"
"demo_segments","id","BIGINT UNSIGNED","N/A","N/A","NO","N/A","YES","NO","N/A","N/A","SEED_OR_SAMPLE","DEV_ONLY","NOT NULL; PRIMARY KEY"
"demo_segments","organization_id","BIGINT UNSIGNED","N/A","N/A","NO","N/A","NO","YES","organizations","id","SEED_OR_SAMPLE","DEV_ONLY","NOT NULL; FK organizations.id; FOREIGN KEY to organizations.id"
"demo_segments","code","VARCHAR","80","N/A","NO","N/A","NO","NO","N/A","N/A","SEED_OR_SAMPLE","DEV_ONLY","NOT NULL"
"demo_segments","name","VARCHAR","180","N/A","NO","N/A","NO","NO","N/A","N/A","SEED_OR_SAMPLE","DEV_ONLY","NOT NULL"
"demo_segments","description","TEXT","N/A","N/A","YES","N/A","NO","NO","N/A","N/A","SEED_OR_SAMPLE","DEV_ONLY","N/A"
"demo_segments","status","VARCHAR","40","N/A","NO","active","NO","NO","N/A","N/A","SEED_OR_SAMPLE","DEV_ONLY","NOT NULL; ENUM/CHECK; ENUM/CHECK common_status"
"demo_segments","status_changed_at","DATETIME","N/A","N/A","YES","N/A","NO","NO","N/A","N/A","SEED_OR_SAMPLE","DEV_ONLY","Required by service when status is changed"
"demo_segments","status_changed_by","BIGINT UNSIGNED","N/A","N/A","YES","N/A","NO","YES","user_profiles","id","SEED_OR_SAMPLE","DEV_ONLY","FK user_profiles.id; set null if user profile is removed"
"demo_segments","is_active","TINYINT","1","N/A","NO","1","NO","NO","N/A","N/A","SEED_OR_SAMPLE","DEV_ONLY","NOT NULL"
"demo_segments","created_at","TIMESTAMP","N/A","N/A","NO","CURRENT_TIMESTAMP","NO","NO","N/A","N/A","SEED_OR_SAMPLE","DEV_ONLY","NOT NULL; valid timestamp"
"demo_segments","created_by","BIGINT UNSIGNED","N/A","N/A","YES","N/A","NO","YES","user_profiles","id","SEED_OR_SAMPLE","DEV_ONLY","FK user_profiles.id; FOREIGN KEY to user_profiles.id"
"demo_segments","updated_at","TIMESTAMP","N/A","N/A","YES","CURRENT_TIMESTAMP ON UPDATE CURRENT_TIMESTAMP","NO","NO","N/A","N/A","SEED_OR_SAMPLE","DEV_ONLY","valid timestamp"
"demo_segments","updated_by","BIGINT UNSIGNED","N/A","N/A","YES","N/A","NO","YES","user_profiles","id","SEED_OR_SAMPLE","DEV_ONLY","FK user_profiles.id; FOREIGN KEY to user_profiles.id"
"demo_segments","deleted_at","TIMESTAMP","N/A","N/A","YES","N/A","NO","NO","N/A","N/A","SEED_OR_SAMPLE","DEV_ONLY","valid timestamp"
"demo_segments","deleted_by","BIGINT UNSIGNED","N/A","N/A","YES","N/A","NO","YES","user_profiles","id","SEED_OR_SAMPLE","DEV_ONLY","FK user_profiles.id; FOREIGN KEY to user_profiles.id"
"demo_salespeople","id","BIGINT UNSIGNED","N/A","N/A","NO","N/A","YES","NO","N/A","N/A","SEED_OR_SAMPLE","DEV_ONLY","NOT NULL; PRIMARY KEY"
"demo_salespeople","organization_id","BIGINT UNSIGNED","N/A","N/A","NO","N/A","NO","YES","organizations","id","SEED_OR_SAMPLE","DEV_ONLY","NOT NULL; FK organizations.id; FOREIGN KEY to organizations.id"
"demo_salespeople","code","VARCHAR","80","N/A","NO","N/A","NO","NO","N/A","N/A","SEED_OR_SAMPLE","DEV_ONLY","NOT NULL"
"demo_salespeople","name","VARCHAR","180","N/A","NO","N/A","NO","NO","N/A","N/A","SEED_OR_SAMPLE","DEV_ONLY","NOT NULL"
"demo_salespeople","description","TEXT","N/A","N/A","YES","N/A","NO","NO","N/A","N/A","SEED_OR_SAMPLE","DEV_ONLY","N/A"
"demo_salespeople","status","VARCHAR","40","N/A","NO","active","NO","NO","N/A","N/A","SEED_OR_SAMPLE","DEV_ONLY","NOT NULL; ENUM/CHECK; ENUM/CHECK common_status"
"demo_salespeople","status_changed_at","DATETIME","N/A","N/A","YES","N/A","NO","NO","N/A","N/A","SEED_OR_SAMPLE","DEV_ONLY","Required by service when status is changed"
"demo_salespeople","status_changed_by","BIGINT UNSIGNED","N/A","N/A","YES","N/A","NO","YES","user_profiles","id","SEED_OR_SAMPLE","DEV_ONLY","FK user_profiles.id; set null if user profile is removed"
"demo_salespeople","is_active","TINYINT","1","N/A","NO","1","NO","NO","N/A","N/A","SEED_OR_SAMPLE","DEV_ONLY","NOT NULL"
"demo_salespeople","created_at","TIMESTAMP","N/A","N/A","NO","CURRENT_TIMESTAMP","NO","NO","N/A","N/A","SEED_OR_SAMPLE","DEV_ONLY","NOT NULL; valid timestamp"
"demo_salespeople","created_by","BIGINT UNSIGNED","N/A","N/A","YES","N/A","NO","YES","user_profiles","id","SEED_OR_SAMPLE","DEV_ONLY","FK user_profiles.id; FOREIGN KEY to user_profiles.id"
"demo_salespeople","updated_at","TIMESTAMP","N/A","N/A","YES","CURRENT_TIMESTAMP ON UPDATE CURRENT_TIMESTAMP","NO","NO","N/A","N/A","SEED_OR_SAMPLE","DEV_ONLY","valid timestamp"
"demo_salespeople","updated_by","BIGINT UNSIGNED","N/A","N/A","YES","N/A","NO","YES","user_profiles","id","SEED_OR_SAMPLE","DEV_ONLY","FK user_profiles.id; FOREIGN KEY to user_profiles.id"
"demo_salespeople","deleted_at","TIMESTAMP","N/A","N/A","YES","N/A","NO","NO","N/A","N/A","SEED_OR_SAMPLE","DEV_ONLY","valid timestamp"
"demo_salespeople","deleted_by","BIGINT UNSIGNED","N/A","N/A","YES","N/A","NO","YES","user_profiles","id","SEED_OR_SAMPLE","DEV_ONLY","FK user_profiles.id; FOREIGN KEY to user_profiles.id"
"demo_salespeople","region_id","BIGINT UNSIGNED","N/A","N/A","YES","N/A","NO","YES","demo_regions","id","SEED_OR_SAMPLE","DEV_ONLY","FK demo_regions.id; FOREIGN KEY to demo_regions.id"
"demo_salespeople","team_id","BIGINT UNSIGNED","N/A","N/A","YES","N/A","NO","YES","teams","id","SEED_OR_SAMPLE","DEV_ONLY","FK teams.id; FOREIGN KEY to teams.id"
"demo_sales_fact_rows","id","BIGINT UNSIGNED","N/A","N/A","NO","N/A","YES","NO","N/A","N/A","SEED_OR_SAMPLE","DEV_ONLY","NOT NULL; PRIMARY KEY"
"demo_sales_fact_rows","organization_id","BIGINT UNSIGNED","N/A","N/A","NO","N/A","NO","YES","organizations","id","SEED_OR_SAMPLE","DEV_ONLY","NOT NULL; FK organizations.id; FOREIGN KEY to organizations.id"
"demo_sales_fact_rows","branch_id","BIGINT UNSIGNED","N/A","N/A","YES","N/A","NO","YES","branches","id","SEED_OR_SAMPLE","DEV_ONLY","FK branches.id; nullable for organization-level records"
"demo_sales_fact_rows","description","TEXT","N/A","N/A","YES","N/A","NO","NO","N/A","N/A","SEED_OR_SAMPLE","DEV_ONLY","N/A"
"demo_sales_fact_rows","created_at","TIMESTAMP","N/A","N/A","NO","CURRENT_TIMESTAMP","NO","NO","N/A","N/A","SEED_OR_SAMPLE","DEV_ONLY","NOT NULL; valid timestamp"
"demo_sales_fact_rows","created_by","BIGINT UNSIGNED","N/A","N/A","YES","N/A","NO","YES","user_profiles","id","SEED_OR_SAMPLE","DEV_ONLY","FK user_profiles.id; FOREIGN KEY to user_profiles.id"
"demo_sales_fact_rows","updated_at","TIMESTAMP","N/A","N/A","YES","CURRENT_TIMESTAMP ON UPDATE CURRENT_TIMESTAMP","NO","NO","N/A","N/A","SEED_OR_SAMPLE","DEV_ONLY","valid timestamp"
"demo_sales_fact_rows","updated_by","BIGINT UNSIGNED","N/A","N/A","YES","N/A","NO","YES","user_profiles","id","SEED_OR_SAMPLE","DEV_ONLY","FK user_profiles.id; FOREIGN KEY to user_profiles.id"
"demo_sales_fact_rows","category_id","BIGINT UNSIGNED","N/A","N/A","YES","N/A","NO","YES","demo_categories","id","SEED_OR_SAMPLE","DEV_ONLY","FK demo_categories.id; FOREIGN KEY to demo_categories.id"
"demo_sales_fact_rows","channel_id","BIGINT UNSIGNED","N/A","N/A","YES","N/A","NO","YES","demo_channels","id","SEED_OR_SAMPLE","DEV_ONLY","FK demo_channels.id; FOREIGN KEY to demo_channels.id"
"demo_sales_fact_rows","close_value","DECIMAL","N/A","18,2","YES","N/A","NO","NO","N/A","N/A","SEED_OR_SAMPLE","DEV_ONLY","N/A"
"demo_sales_fact_rows","conversion_rate","DECIMAL","N/A","9,4","YES","N/A","NO","NO","N/A","N/A","SEED_OR_SAMPLE","DEV_ONLY","N/A"
"demo_sales_fact_rows","cost_amount","DECIMAL","N/A","18,2","YES","N/A","NO","NO","N/A","N/A","SEED_OR_SAMPLE","DEV_ONLY","non-negative where business rule applies"
"demo_sales_fact_rows","discount_rate","DECIMAL","N/A","9,4","YES","N/A","NO","NO","N/A","N/A","SEED_OR_SAMPLE","DEV_ONLY","non-negative where business rule applies"
"demo_sales_fact_rows","high_value","DECIMAL","N/A","18,2","YES","N/A","NO","NO","N/A","N/A","SEED_OR_SAMPLE","DEV_ONLY","N/A"
"demo_sales_fact_rows","is_target","TINYINT","1","N/A","NO","0","NO","NO","N/A","N/A","SEED_OR_SAMPLE","DEV_ONLY","NOT NULL"
"demo_sales_fact_rows","low_value","DECIMAL","N/A","18,2","YES","N/A","NO","NO","N/A","N/A","SEED_OR_SAMPLE","DEV_ONLY","N/A"
"demo_sales_fact_rows","month_label","VARCHAR","20","N/A","YES","N/A","NO","NO","N/A","N/A","SEED_OR_SAMPLE","DEV_ONLY","N/A"
"demo_sales_fact_rows","month_number","INT","N/A","N/A","YES","N/A","NO","NO","N/A","N/A","SEED_OR_SAMPLE","DEV_ONLY","N/A"
"demo_sales_fact_rows","open_value","DECIMAL","N/A","18,2","YES","N/A","NO","NO","N/A","N/A","SEED_OR_SAMPLE","DEV_ONLY","N/A"
"demo_sales_fact_rows","orders_count","INT","N/A","N/A","NO","0","NO","NO","N/A","N/A","SEED_OR_SAMPLE","DEV_ONLY","NOT NULL; non-negative where business rule applies"
"demo_sales_fact_rows","product_id","BIGINT UNSIGNED","N/A","N/A","YES","N/A","NO","YES","demo_products","id","SEED_OR_SAMPLE","DEV_ONLY","FK demo_products.id; FOREIGN KEY to demo_products.id"
"demo_sales_fact_rows","profit_amount","DECIMAL","N/A","18,2","NO","0.00","NO","NO","N/A","N/A","SEED_OR_SAMPLE","DEV_ONLY","NOT NULL; non-negative where business rule applies"
"demo_sales_fact_rows","quantity","INT","N/A","N/A","NO","0","NO","NO","N/A","N/A","SEED_OR_SAMPLE","DEV_ONLY","NOT NULL; non-negative where business rule applies"
"demo_sales_fact_rows","quarter_label","VARCHAR","10","N/A","YES","N/A","NO","NO","N/A","N/A","SEED_OR_SAMPLE","DEV_ONLY","N/A"
"demo_sales_fact_rows","rating","DECIMAL","N/A","9,2","YES","N/A","NO","NO","N/A","N/A","SEED_OR_SAMPLE","DEV_ONLY","N/A"
"demo_sales_fact_rows","region_id","BIGINT UNSIGNED","N/A","N/A","YES","N/A","NO","YES","demo_regions","id","SEED_OR_SAMPLE","DEV_ONLY","FK demo_regions.id; FOREIGN KEY to demo_regions.id"
"demo_sales_fact_rows","sales_amount","DECIMAL","N/A","18,2","NO","0.00","NO","NO","N/A","N/A","SEED_OR_SAMPLE","DEV_ONLY","NOT NULL; non-negative where business rule applies"
"demo_sales_fact_rows","sales_date","DATE","N/A","N/A","NO","N/A","NO","NO","N/A","N/A","SEED_OR_SAMPLE","DEV_ONLY","NOT NULL"
"demo_sales_fact_rows","sales_year","INT","N/A","N/A","NO","N/A","NO","NO","N/A","N/A","SEED_OR_SAMPLE","DEV_ONLY","NOT NULL"
"demo_sales_fact_rows","salesperson_id","BIGINT UNSIGNED","N/A","N/A","YES","N/A","NO","YES","demo_salespeople","id","SEED_OR_SAMPLE","DEV_ONLY","FK demo_salespeople.id; FOREIGN KEY to demo_salespeople.id"
"demo_sales_fact_rows","satisfaction_score","DECIMAL","N/A","9,2","YES","N/A","NO","NO","N/A","N/A","SEED_OR_SAMPLE","DEV_ONLY","N/A"
"demo_sales_fact_rows","segment_id","BIGINT UNSIGNED","N/A","N/A","YES","N/A","NO","YES","demo_segments","id","SEED_OR_SAMPLE","DEV_ONLY","FK demo_segments.id; FOREIGN KEY to demo_segments.id"
"demo_sales_fact_rows","target_amount","DECIMAL","N/A","18,2","YES","N/A","NO","NO","N/A","N/A","SEED_OR_SAMPLE","DEV_ONLY","non-negative where business rule applies"
"data_quality_rules","id","BIGINT UNSIGNED","N/A","N/A","NO","N/A","YES","NO","N/A","N/A","P1_PRODUCTION_EXTENSION","APPROVED_DEFERRED","NOT NULL; PRIMARY KEY"
"data_quality_rules","organization_id","BIGINT UNSIGNED","N/A","N/A","NO","N/A","NO","YES","organizations","id","P1_PRODUCTION_EXTENSION","APPROVED_DEFERRED","NOT NULL; FK organizations.id; FOREIGN KEY to organizations.id"
"data_quality_rules","code","VARCHAR","80","N/A","NO","N/A","NO","NO","N/A","N/A","P1_PRODUCTION_EXTENSION","APPROVED_DEFERRED","NOT NULL"
"data_quality_rules","name","VARCHAR","180","N/A","NO","N/A","NO","NO","N/A","N/A","P1_PRODUCTION_EXTENSION","APPROVED_DEFERRED","NOT NULL"
"data_quality_rules","description","TEXT","N/A","N/A","YES","N/A","NO","NO","N/A","N/A","P1_PRODUCTION_EXTENSION","APPROVED_DEFERRED","N/A"
"data_quality_rules","status","VARCHAR","40","N/A","NO","active","NO","NO","N/A","N/A","P1_PRODUCTION_EXTENSION","APPROVED_DEFERRED","NOT NULL; ENUM/CHECK; ENUM/CHECK common_status"
"data_quality_rules","status_changed_at","DATETIME","N/A","N/A","YES","N/A","NO","NO","N/A","N/A","P1_PRODUCTION_EXTENSION","APPROVED_DEFERRED","Required by service when status is changed"
"data_quality_rules","status_changed_by","BIGINT UNSIGNED","N/A","N/A","YES","N/A","NO","YES","user_profiles","id","P1_PRODUCTION_EXTENSION","APPROVED_DEFERRED","FK user_profiles.id; set null if user profile is removed"
"data_quality_rules","is_active","TINYINT","1","N/A","NO","1","NO","NO","N/A","N/A","P1_PRODUCTION_EXTENSION","APPROVED_DEFERRED","NOT NULL"
"data_quality_rules","remarks","TEXT","N/A","N/A","YES","N/A","NO","NO","N/A","N/A","P1_PRODUCTION_EXTENSION","APPROVED_DEFERRED","Optional free text; sanitize before display"
"data_quality_rules","metadata_json","JSON","N/A","N/A","YES","N/A","NO","NO","N/A","N/A","P1_PRODUCTION_EXTENSION","APPROVED_DEFERRED","JSON_VALID"
"data_quality_rules","created_at","TIMESTAMP","N/A","N/A","NO","CURRENT_TIMESTAMP","NO","NO","N/A","N/A","P1_PRODUCTION_EXTENSION","APPROVED_DEFERRED","NOT NULL; valid timestamp"
"data_quality_rules","created_by","BIGINT UNSIGNED","N/A","N/A","YES","N/A","NO","YES","user_profiles","id","P1_PRODUCTION_EXTENSION","APPROVED_DEFERRED","FK user_profiles.id; FOREIGN KEY to user_profiles.id"
"data_quality_rules","updated_at","TIMESTAMP","N/A","N/A","YES","CURRENT_TIMESTAMP ON UPDATE CURRENT_TIMESTAMP","NO","NO","N/A","N/A","P1_PRODUCTION_EXTENSION","APPROVED_DEFERRED","valid timestamp"
"data_quality_rules","updated_by","BIGINT UNSIGNED","N/A","N/A","YES","N/A","NO","YES","user_profiles","id","P1_PRODUCTION_EXTENSION","APPROVED_DEFERRED","FK user_profiles.id; FOREIGN KEY to user_profiles.id"
"data_quality_rules","deleted_at","TIMESTAMP","N/A","N/A","YES","N/A","NO","NO","N/A","N/A","P1_PRODUCTION_EXTENSION","APPROVED_DEFERRED","valid timestamp"
"data_quality_rules","deleted_by","BIGINT UNSIGNED","N/A","N/A","YES","N/A","NO","YES","user_profiles","id","P1_PRODUCTION_EXTENSION","APPROVED_DEFERRED","FK user_profiles.id; FOREIGN KEY to user_profiles.id"
"data_quality_rules","operator","VARCHAR","40","N/A","YES","N/A","NO","NO","N/A","N/A","P1_PRODUCTION_EXTENSION","APPROVED_DEFERRED","ENUM/CHECK; ENUM/CHECK operator_type"
"data_quality_rules","rule_config_json","JSON","N/A","N/A","NO","N/A","NO","NO","N/A","N/A","P1_PRODUCTION_EXTENSION","APPROVED_DEFERRED","NOT NULL; JSON_VALID"
"data_quality_rules","rule_type","VARCHAR","80","N/A","NO","N/A","NO","NO","N/A","N/A","P1_PRODUCTION_EXTENSION","APPROVED_DEFERRED","NOT NULL"
"data_quality_rules","severity","VARCHAR","40","N/A","NO","'warning'","NO","NO","N/A","N/A","P1_PRODUCTION_EXTENSION","APPROVED_DEFERRED","NOT NULL; ENUM/CHECK; ENUM/CHECK severity_level"
"data_quality_rule_assignments","id","BIGINT UNSIGNED","N/A","N/A","NO","N/A","YES","NO","N/A","N/A","P1_PRODUCTION_EXTENSION","APPROVED_DEFERRED","NOT NULL; PRIMARY KEY"
"data_quality_rule_assignments","organization_id","BIGINT UNSIGNED","N/A","N/A","NO","N/A","NO","YES","organizations","id","P1_PRODUCTION_EXTENSION","APPROVED_DEFERRED","NOT NULL; FK organizations.id; FOREIGN KEY to organizations.id"
"data_quality_rule_assignments","description","TEXT","N/A","N/A","YES","N/A","NO","NO","N/A","N/A","P1_PRODUCTION_EXTENSION","APPROVED_DEFERRED","N/A"
"data_quality_rule_assignments","status","VARCHAR","40","N/A","NO","active","NO","NO","N/A","N/A","P1_PRODUCTION_EXTENSION","APPROVED_DEFERRED","NOT NULL; ENUM/CHECK; ENUM/CHECK common_status"
"data_quality_rule_assignments","status_changed_at","DATETIME","N/A","N/A","YES","N/A","NO","NO","N/A","N/A","P1_PRODUCTION_EXTENSION","APPROVED_DEFERRED","Required by service when status is changed"
"data_quality_rule_assignments","status_changed_by","BIGINT UNSIGNED","N/A","N/A","YES","N/A","NO","YES","user_profiles","id","P1_PRODUCTION_EXTENSION","APPROVED_DEFERRED","FK user_profiles.id; set null if user profile is removed"
"data_quality_rule_assignments","is_active","TINYINT","1","N/A","NO","1","NO","NO","N/A","N/A","P1_PRODUCTION_EXTENSION","APPROVED_DEFERRED","NOT NULL"
"data_quality_rule_assignments","created_at","TIMESTAMP","N/A","N/A","NO","CURRENT_TIMESTAMP","NO","NO","N/A","N/A","P1_PRODUCTION_EXTENSION","APPROVED_DEFERRED","NOT NULL; valid timestamp"
"data_quality_rule_assignments","created_by","BIGINT UNSIGNED","N/A","N/A","YES","N/A","NO","YES","user_profiles","id","P1_PRODUCTION_EXTENSION","APPROVED_DEFERRED","FK user_profiles.id; FOREIGN KEY to user_profiles.id"
"data_quality_rule_assignments","updated_at","TIMESTAMP","N/A","N/A","YES","CURRENT_TIMESTAMP ON UPDATE CURRENT_TIMESTAMP","NO","NO","N/A","N/A","P1_PRODUCTION_EXTENSION","APPROVED_DEFERRED","valid timestamp"
"data_quality_rule_assignments","updated_by","BIGINT UNSIGNED","N/A","N/A","YES","N/A","NO","YES","user_profiles","id","P1_PRODUCTION_EXTENSION","APPROVED_DEFERRED","FK user_profiles.id; FOREIGN KEY to user_profiles.id"
"data_quality_rule_assignments","deleted_at","TIMESTAMP","N/A","N/A","YES","N/A","NO","NO","N/A","N/A","P1_PRODUCTION_EXTENSION","APPROVED_DEFERRED","valid timestamp"
"data_quality_rule_assignments","deleted_by","BIGINT UNSIGNED","N/A","N/A","YES","N/A","NO","YES","user_profiles","id","P1_PRODUCTION_EXTENSION","APPROVED_DEFERRED","FK user_profiles.id; FOREIGN KEY to user_profiles.id"
"data_quality_rule_assignments","is_blocking","TINYINT","1","N/A","NO","0","NO","NO","N/A","N/A","P1_PRODUCTION_EXTENSION","APPROVED_DEFERRED","NOT NULL"
"data_quality_rule_assignments","rule_id","BIGINT UNSIGNED","N/A","N/A","NO","N/A","NO","YES","data_quality_rules","id","P1_PRODUCTION_EXTENSION","APPROVED_DEFERRED","NOT NULL; FK data_quality_rules.id; FOREIGN KEY to data_quality_rules.id"
"data_quality_rule_assignments","target_id","BIGINT","N/A","N/A","NO","N/A","NO","NO","N/A","N/A","P1_PRODUCTION_EXTENSION","APPROVED_DEFERRED","NOT NULL"
"data_quality_rule_assignments","target_table","VARCHAR","120","N/A","NO","N/A","NO","NO","N/A","N/A","P1_PRODUCTION_EXTENSION","APPROVED_DEFERRED","NOT NULL"
"data_quality_findings","id","BIGINT UNSIGNED","N/A","N/A","NO","N/A","YES","NO","N/A","N/A","P1_PRODUCTION_EXTENSION","APPROVED_DEFERRED","NOT NULL; PRIMARY KEY"
"data_quality_findings","organization_id","BIGINT UNSIGNED","N/A","N/A","NO","N/A","NO","YES","organizations","id","P1_PRODUCTION_EXTENSION","APPROVED_DEFERRED","NOT NULL; FK organizations.id; FOREIGN KEY to organizations.id"
"data_quality_findings","description","TEXT","N/A","N/A","YES","N/A","NO","NO","N/A","N/A","P1_PRODUCTION_EXTENSION","APPROVED_DEFERRED","N/A"
"data_quality_findings","status","VARCHAR","40","N/A","NO","warning","NO","NO","N/A","N/A","P1_PRODUCTION_EXTENSION","APPROVED_DEFERRED","NOT NULL; ENUM/CHECK; ENUM/CHECK severity_level"
"data_quality_findings","status_changed_at","DATETIME","N/A","N/A","YES","N/A","NO","NO","N/A","N/A","P1_PRODUCTION_EXTENSION","APPROVED_DEFERRED","Required by service when status is changed"
"data_quality_findings","status_changed_by","BIGINT UNSIGNED","N/A","N/A","YES","N/A","NO","YES","user_profiles","id","P1_PRODUCTION_EXTENSION","APPROVED_DEFERRED","FK user_profiles.id; set null if user profile is removed"
"data_quality_findings","remarks","TEXT","N/A","N/A","YES","N/A","NO","NO","N/A","N/A","P1_PRODUCTION_EXTENSION","APPROVED_DEFERRED","Optional free text; sanitize before display"
"data_quality_findings","metadata_json","JSON","N/A","N/A","YES","N/A","NO","NO","N/A","N/A","P1_PRODUCTION_EXTENSION","APPROVED_DEFERRED","JSON_VALID"
"data_quality_findings","created_at","TIMESTAMP","N/A","N/A","NO","CURRENT_TIMESTAMP","NO","NO","N/A","N/A","P1_PRODUCTION_EXTENSION","APPROVED_DEFERRED","NOT NULL; valid timestamp"
"data_quality_findings","created_by","BIGINT UNSIGNED","N/A","N/A","YES","N/A","NO","YES","user_profiles","id","P1_PRODUCTION_EXTENSION","APPROVED_DEFERRED","FK user_profiles.id; FOREIGN KEY to user_profiles.id"
"data_quality_findings","updated_at","TIMESTAMP","N/A","N/A","YES","CURRENT_TIMESTAMP ON UPDATE CURRENT_TIMESTAMP","NO","NO","N/A","N/A","P1_PRODUCTION_EXTENSION","APPROVED_DEFERRED","valid timestamp"
"data_quality_findings","updated_by","BIGINT UNSIGNED","N/A","N/A","YES","N/A","NO","YES","user_profiles","id","P1_PRODUCTION_EXTENSION","APPROVED_DEFERRED","FK user_profiles.id; FOREIGN KEY to user_profiles.id"
"data_quality_findings","deleted_at","TIMESTAMP","N/A","N/A","YES","N/A","NO","NO","N/A","N/A","P1_PRODUCTION_EXTENSION","APPROVED_DEFERRED","valid timestamp"
"data_quality_findings","deleted_by","BIGINT UNSIGNED","N/A","N/A","YES","N/A","NO","YES","user_profiles","id","P1_PRODUCTION_EXTENSION","APPROVED_DEFERRED","FK user_profiles.id; FOREIGN KEY to user_profiles.id"
"data_quality_findings","detected_at","DATETIME","N/A","N/A","NO","N/A","NO","NO","N/A","N/A","P1_PRODUCTION_EXTENSION","APPROVED_DEFERRED","NOT NULL; valid timestamp"
"data_quality_findings","finding_context_json","JSON","N/A","N/A","YES","N/A","NO","NO","N/A","N/A","P1_PRODUCTION_EXTENSION","APPROVED_DEFERRED","JSON_VALID"
"data_quality_findings","finding_message","TEXT","N/A","N/A","NO","N/A","NO","NO","N/A","N/A","P1_PRODUCTION_EXTENSION","APPROVED_DEFERRED","NOT NULL"
"data_quality_findings","resolved_at","DATETIME","N/A","N/A","YES","N/A","NO","NO","N/A","N/A","P1_PRODUCTION_EXTENSION","APPROVED_DEFERRED","valid timestamp"
"data_quality_findings","row_number","BIGINT","N/A","N/A","YES","N/A","NO","NO","N/A","N/A","P1_PRODUCTION_EXTENSION","APPROVED_DEFERRED","N/A"
"data_quality_findings","rule_id","BIGINT UNSIGNED","N/A","N/A","YES","N/A","NO","YES","data_quality_rules","id","P1_PRODUCTION_EXTENSION","APPROVED_DEFERRED","FK data_quality_rules.id; FOREIGN KEY to data_quality_rules.id"
"data_quality_findings","target_id","BIGINT","N/A","N/A","NO","N/A","NO","NO","N/A","N/A","P1_PRODUCTION_EXTENSION","APPROVED_DEFERRED","NOT NULL"
"data_quality_findings","target_table","VARCHAR","120","N/A","NO","N/A","NO","NO","N/A","N/A","P1_PRODUCTION_EXTENSION","APPROVED_DEFERRED","NOT NULL"
"sensitivity_labels","id","BIGINT UNSIGNED","N/A","N/A","NO","N/A","YES","NO","N/A","N/A","P1_PRODUCTION_EXTENSION","APPROVED_DEFERRED","NOT NULL; PRIMARY KEY"
"sensitivity_labels","organization_id","BIGINT UNSIGNED","N/A","N/A","NO","N/A","NO","YES","organizations","id","P1_PRODUCTION_EXTENSION","APPROVED_DEFERRED","NOT NULL; FK organizations.id; FOREIGN KEY to organizations.id"
"sensitivity_labels","code","VARCHAR","80","N/A","NO","N/A","NO","NO","N/A","N/A","P1_PRODUCTION_EXTENSION","APPROVED_DEFERRED","NOT NULL"
"sensitivity_labels","name","VARCHAR","180","N/A","NO","N/A","NO","NO","N/A","N/A","P1_PRODUCTION_EXTENSION","APPROVED_DEFERRED","NOT NULL"
"sensitivity_labels","description","TEXT","N/A","N/A","YES","N/A","NO","NO","N/A","N/A","P1_PRODUCTION_EXTENSION","APPROVED_DEFERRED","N/A"
"sensitivity_labels","status","VARCHAR","40","N/A","NO","active","NO","NO","N/A","N/A","P1_PRODUCTION_EXTENSION","APPROVED_DEFERRED","NOT NULL; ENUM/CHECK; ENUM/CHECK common_status"
"sensitivity_labels","status_changed_at","DATETIME","N/A","N/A","YES","N/A","NO","NO","N/A","N/A","P1_PRODUCTION_EXTENSION","APPROVED_DEFERRED","Required by service when status is changed"
"sensitivity_labels","status_changed_by","BIGINT UNSIGNED","N/A","N/A","YES","N/A","NO","YES","user_profiles","id","P1_PRODUCTION_EXTENSION","APPROVED_DEFERRED","FK user_profiles.id; set null if user profile is removed"
"sensitivity_labels","is_active","TINYINT","1","N/A","NO","1","NO","NO","N/A","N/A","P1_PRODUCTION_EXTENSION","APPROVED_DEFERRED","NOT NULL"
"sensitivity_labels","metadata_json","JSON","N/A","N/A","YES","N/A","NO","NO","N/A","N/A","P1_PRODUCTION_EXTENSION","APPROVED_DEFERRED","JSON_VALID"
"sensitivity_labels","created_at","TIMESTAMP","N/A","N/A","NO","CURRENT_TIMESTAMP","NO","NO","N/A","N/A","P1_PRODUCTION_EXTENSION","APPROVED_DEFERRED","NOT NULL; valid timestamp"
"sensitivity_labels","created_by","BIGINT UNSIGNED","N/A","N/A","YES","N/A","NO","YES","user_profiles","id","P1_PRODUCTION_EXTENSION","APPROVED_DEFERRED","FK user_profiles.id; FOREIGN KEY to user_profiles.id"
"sensitivity_labels","updated_at","TIMESTAMP","N/A","N/A","YES","CURRENT_TIMESTAMP ON UPDATE CURRENT_TIMESTAMP","NO","NO","N/A","N/A","P1_PRODUCTION_EXTENSION","APPROVED_DEFERRED","valid timestamp"
"sensitivity_labels","updated_by","BIGINT UNSIGNED","N/A","N/A","YES","N/A","NO","YES","user_profiles","id","P1_PRODUCTION_EXTENSION","APPROVED_DEFERRED","FK user_profiles.id; FOREIGN KEY to user_profiles.id"
"sensitivity_labels","deleted_at","TIMESTAMP","N/A","N/A","YES","N/A","NO","NO","N/A","N/A","P1_PRODUCTION_EXTENSION","APPROVED_DEFERRED","valid timestamp"
"sensitivity_labels","deleted_by","BIGINT UNSIGNED","N/A","N/A","YES","N/A","NO","YES","user_profiles","id","P1_PRODUCTION_EXTENSION","APPROVED_DEFERRED","FK user_profiles.id; FOREIGN KEY to user_profiles.id"
"sensitivity_labels","classification_level","VARCHAR","80","N/A","NO","N/A","NO","NO","N/A","N/A","P1_PRODUCTION_EXTENSION","APPROVED_DEFERRED","NOT NULL"
"sensitivity_labels","handling_policy_json","JSON","N/A","N/A","YES","N/A","NO","NO","N/A","N/A","P1_PRODUCTION_EXTENSION","APPROVED_DEFERRED","JSON_VALID"
"sensitivity_label_assignments","id","BIGINT UNSIGNED","N/A","N/A","NO","N/A","YES","NO","N/A","N/A","P1_PRODUCTION_EXTENSION","APPROVED_DEFERRED","NOT NULL; PRIMARY KEY"
"sensitivity_label_assignments","organization_id","BIGINT UNSIGNED","N/A","N/A","NO","N/A","NO","YES","organizations","id","P1_PRODUCTION_EXTENSION","APPROVED_DEFERRED","NOT NULL; FK organizations.id; FOREIGN KEY to organizations.id"
"sensitivity_label_assignments","description","TEXT","N/A","N/A","YES","N/A","NO","NO","N/A","N/A","P1_PRODUCTION_EXTENSION","APPROVED_DEFERRED","N/A"
"sensitivity_label_assignments","status","VARCHAR","40","N/A","NO","active","NO","NO","N/A","N/A","P1_PRODUCTION_EXTENSION","APPROVED_DEFERRED","NOT NULL; ENUM/CHECK; ENUM/CHECK common_status"
"sensitivity_label_assignments","status_changed_at","DATETIME","N/A","N/A","YES","N/A","NO","NO","N/A","N/A","P1_PRODUCTION_EXTENSION","APPROVED_DEFERRED","Required by service when status is changed"
"sensitivity_label_assignments","status_changed_by","BIGINT UNSIGNED","N/A","N/A","YES","N/A","NO","YES","user_profiles","id","P1_PRODUCTION_EXTENSION","APPROVED_DEFERRED","FK user_profiles.id; set null if user profile is removed"
"sensitivity_label_assignments","is_active","TINYINT","1","N/A","NO","1","NO","NO","N/A","N/A","P1_PRODUCTION_EXTENSION","APPROVED_DEFERRED","NOT NULL"
"sensitivity_label_assignments","created_at","TIMESTAMP","N/A","N/A","NO","CURRENT_TIMESTAMP","NO","NO","N/A","N/A","P1_PRODUCTION_EXTENSION","APPROVED_DEFERRED","NOT NULL; valid timestamp"
"sensitivity_label_assignments","created_by","BIGINT UNSIGNED","N/A","N/A","YES","N/A","NO","YES","user_profiles","id","P1_PRODUCTION_EXTENSION","APPROVED_DEFERRED","FK user_profiles.id; FOREIGN KEY to user_profiles.id"
"sensitivity_label_assignments","updated_at","TIMESTAMP","N/A","N/A","YES","CURRENT_TIMESTAMP ON UPDATE CURRENT_TIMESTAMP","NO","NO","N/A","N/A","P1_PRODUCTION_EXTENSION","APPROVED_DEFERRED","valid timestamp"
"sensitivity_label_assignments","updated_by","BIGINT UNSIGNED","N/A","N/A","YES","N/A","NO","YES","user_profiles","id","P1_PRODUCTION_EXTENSION","APPROVED_DEFERRED","FK user_profiles.id; FOREIGN KEY to user_profiles.id"
"sensitivity_label_assignments","deleted_at","TIMESTAMP","N/A","N/A","YES","N/A","NO","NO","N/A","N/A","P1_PRODUCTION_EXTENSION","APPROVED_DEFERRED","valid timestamp"
"sensitivity_label_assignments","deleted_by","BIGINT UNSIGNED","N/A","N/A","YES","N/A","NO","YES","user_profiles","id","P1_PRODUCTION_EXTENSION","APPROVED_DEFERRED","FK user_profiles.id; FOREIGN KEY to user_profiles.id"
"sensitivity_label_assignments","assignment_reason","VARCHAR","240","N/A","YES","N/A","NO","NO","N/A","N/A","P1_PRODUCTION_EXTENSION","APPROVED_DEFERRED","N/A"
"sensitivity_label_assignments","sensitivity_label_id","BIGINT UNSIGNED","N/A","N/A","NO","N/A","NO","YES","sensitivity_labels","id","P1_PRODUCTION_EXTENSION","APPROVED_DEFERRED","NOT NULL; FK sensitivity_labels.id; FOREIGN KEY to sensitivity_labels.id"
"sensitivity_label_assignments","target_id","BIGINT","N/A","N/A","NO","N/A","NO","NO","N/A","N/A","P1_PRODUCTION_EXTENSION","APPROVED_DEFERRED","NOT NULL"
"sensitivity_label_assignments","target_table","VARCHAR","120","N/A","NO","N/A","NO","NO","N/A","N/A","P1_PRODUCTION_EXTENSION","APPROVED_DEFERRED","NOT NULL"
"asset_certifications","id","BIGINT UNSIGNED","N/A","N/A","NO","N/A","YES","NO","N/A","N/A","P1_PRODUCTION_EXTENSION","APPROVED_DEFERRED","NOT NULL; PRIMARY KEY"
"asset_certifications","organization_id","BIGINT UNSIGNED","N/A","N/A","NO","N/A","NO","YES","organizations","id","P1_PRODUCTION_EXTENSION","APPROVED_DEFERRED","NOT NULL; FK organizations.id; FOREIGN KEY to organizations.id"
"asset_certifications","description","TEXT","N/A","N/A","YES","N/A","NO","NO","N/A","N/A","P1_PRODUCTION_EXTENSION","APPROVED_DEFERRED","N/A"
"asset_certifications","status","VARCHAR","40","N/A","NO","new","NO","NO","N/A","N/A","P1_PRODUCTION_EXTENSION","APPROVED_DEFERRED","NOT NULL; ENUM/CHECK; ENUM/CHECK record_lifecycle_status"
"asset_certifications","status_changed_at","DATETIME","N/A","N/A","YES","N/A","NO","NO","N/A","N/A","P1_PRODUCTION_EXTENSION","APPROVED_DEFERRED","Required by service when status is changed"
"asset_certifications","status_changed_by","BIGINT UNSIGNED","N/A","N/A","YES","N/A","NO","YES","user_profiles","id","P1_PRODUCTION_EXTENSION","APPROVED_DEFERRED","FK user_profiles.id; set null if user profile is removed"
"asset_certifications","is_active","TINYINT","1","N/A","NO","1","NO","NO","N/A","N/A","P1_PRODUCTION_EXTENSION","APPROVED_DEFERRED","NOT NULL"
"asset_certifications","remarks","TEXT","N/A","N/A","YES","N/A","NO","NO","N/A","N/A","P1_PRODUCTION_EXTENSION","APPROVED_DEFERRED","Optional free text; sanitize before display"
"asset_certifications","metadata_json","JSON","N/A","N/A","YES","N/A","NO","NO","N/A","N/A","P1_PRODUCTION_EXTENSION","APPROVED_DEFERRED","JSON_VALID"
"asset_certifications","created_at","TIMESTAMP","N/A","N/A","NO","CURRENT_TIMESTAMP","NO","NO","N/A","N/A","P1_PRODUCTION_EXTENSION","APPROVED_DEFERRED","NOT NULL; valid timestamp"
"asset_certifications","created_by","BIGINT UNSIGNED","N/A","N/A","YES","N/A","NO","YES","user_profiles","id","P1_PRODUCTION_EXTENSION","APPROVED_DEFERRED","FK user_profiles.id; FOREIGN KEY to user_profiles.id"
"asset_certifications","updated_at","TIMESTAMP","N/A","N/A","YES","CURRENT_TIMESTAMP ON UPDATE CURRENT_TIMESTAMP","NO","NO","N/A","N/A","P1_PRODUCTION_EXTENSION","APPROVED_DEFERRED","valid timestamp"
"asset_certifications","updated_by","BIGINT UNSIGNED","N/A","N/A","YES","N/A","NO","YES","user_profiles","id","P1_PRODUCTION_EXTENSION","APPROVED_DEFERRED","FK user_profiles.id; FOREIGN KEY to user_profiles.id"
"asset_certifications","deleted_at","TIMESTAMP","N/A","N/A","YES","N/A","NO","NO","N/A","N/A","P1_PRODUCTION_EXTENSION","APPROVED_DEFERRED","valid timestamp"
"asset_certifications","deleted_by","BIGINT UNSIGNED","N/A","N/A","YES","N/A","NO","YES","user_profiles","id","P1_PRODUCTION_EXTENSION","APPROVED_DEFERRED","FK user_profiles.id; FOREIGN KEY to user_profiles.id"
"asset_certifications","asset_id","BIGINT","N/A","N/A","NO","N/A","NO","NO","N/A","N/A","P1_PRODUCTION_EXTENSION","APPROVED_DEFERRED","NOT NULL"
"asset_certifications","asset_table","VARCHAR","120","N/A","NO","N/A","NO","NO","N/A","N/A","P1_PRODUCTION_EXTENSION","APPROVED_DEFERRED","NOT NULL"
"asset_certifications","certification_note","TEXT","N/A","N/A","YES","N/A","NO","NO","N/A","N/A","P1_PRODUCTION_EXTENSION","APPROVED_DEFERRED","N/A"
"asset_certifications","certified_at","DATETIME","N/A","N/A","YES","N/A","NO","NO","N/A","N/A","P1_PRODUCTION_EXTENSION","APPROVED_DEFERRED","valid timestamp"
"asset_certifications","certified_by","BIGINT UNSIGNED","N/A","N/A","YES","N/A","NO","YES","user_profiles","id","P1_PRODUCTION_EXTENSION","APPROVED_DEFERRED","FK user_profiles.id; FOREIGN KEY to user_profiles.id"
"asset_certifications","expires_at","DATETIME","N/A","N/A","YES","N/A","NO","NO","N/A","N/A","P1_PRODUCTION_EXTENSION","APPROVED_DEFERRED","valid timestamp"
"api_clients","id","BIGINT UNSIGNED","N/A","N/A","NO","N/A","YES","NO","N/A","N/A","P2_ENTERPRISE_FUTURE","DEFERRED","NOT NULL; PRIMARY KEY"
"api_clients","organization_id","BIGINT UNSIGNED","N/A","N/A","NO","N/A","NO","YES","organizations","id","P2_ENTERPRISE_FUTURE","DEFERRED","NOT NULL; FK organizations.id; FOREIGN KEY to organizations.id"
"api_clients","code","VARCHAR","80","N/A","NO","N/A","NO","NO","N/A","N/A","P2_ENTERPRISE_FUTURE","DEFERRED","NOT NULL"
"api_clients","name","VARCHAR","180","N/A","NO","N/A","NO","NO","N/A","N/A","P2_ENTERPRISE_FUTURE","DEFERRED","NOT NULL"
"api_clients","description","TEXT","N/A","N/A","YES","N/A","NO","NO","N/A","N/A","P2_ENTERPRISE_FUTURE","DEFERRED","N/A"
"api_clients","status","VARCHAR","40","N/A","NO","active","NO","NO","N/A","N/A","P2_ENTERPRISE_FUTURE","DEFERRED","NOT NULL; ENUM/CHECK; ENUM/CHECK common_status"
"api_clients","status_changed_at","DATETIME","N/A","N/A","YES","N/A","NO","NO","N/A","N/A","P2_ENTERPRISE_FUTURE","DEFERRED","Required by service when status is changed"
"api_clients","status_changed_by","BIGINT UNSIGNED","N/A","N/A","YES","N/A","NO","YES","user_profiles","id","P2_ENTERPRISE_FUTURE","DEFERRED","FK user_profiles.id; set null if user profile is removed"
"api_clients","is_active","TINYINT","1","N/A","NO","1","NO","NO","N/A","N/A","P2_ENTERPRISE_FUTURE","DEFERRED","NOT NULL"
"api_clients","metadata_json","JSON","N/A","N/A","YES","N/A","NO","NO","N/A","N/A","P2_ENTERPRISE_FUTURE","DEFERRED","JSON_VALID"
"api_clients","created_at","TIMESTAMP","N/A","N/A","NO","CURRENT_TIMESTAMP","NO","NO","N/A","N/A","P2_ENTERPRISE_FUTURE","DEFERRED","NOT NULL; valid timestamp"
"api_clients","created_by","BIGINT UNSIGNED","N/A","N/A","YES","N/A","NO","YES","user_profiles","id","P2_ENTERPRISE_FUTURE","DEFERRED","FK user_profiles.id; FOREIGN KEY to user_profiles.id"
"api_clients","updated_at","TIMESTAMP","N/A","N/A","YES","CURRENT_TIMESTAMP ON UPDATE CURRENT_TIMESTAMP","NO","NO","N/A","N/A","P2_ENTERPRISE_FUTURE","DEFERRED","valid timestamp"
"api_clients","updated_by","BIGINT UNSIGNED","N/A","N/A","YES","N/A","NO","YES","user_profiles","id","P2_ENTERPRISE_FUTURE","DEFERRED","FK user_profiles.id; FOREIGN KEY to user_profiles.id"
"api_clients","deleted_at","TIMESTAMP","N/A","N/A","YES","N/A","NO","NO","N/A","N/A","P2_ENTERPRISE_FUTURE","DEFERRED","valid timestamp"
"api_clients","deleted_by","BIGINT UNSIGNED","N/A","N/A","YES","N/A","NO","YES","user_profiles","id","P2_ENTERPRISE_FUTURE","DEFERRED","FK user_profiles.id; FOREIGN KEY to user_profiles.id"
"api_clients","allowed_scopes_json","JSON","N/A","N/A","YES","N/A","NO","NO","N/A","N/A","P2_ENTERPRISE_FUTURE","DEFERRED","JSON_VALID"
"api_clients","client_key","VARCHAR","160","N/A","NO","N/A","NO","NO","N/A","N/A","P2_ENTERPRISE_FUTURE","DEFERRED","NOT NULL"
"api_clients","last_used_at","DATETIME","N/A","N/A","YES","N/A","NO","NO","N/A","N/A","P2_ENTERPRISE_FUTURE","DEFERRED","valid timestamp"
"api_clients","secret_ref","VARCHAR","500","N/A","YES","N/A","NO","NO","N/A","N/A","P2_ENTERPRISE_FUTURE","DEFERRED","N/A"
"webhook_endpoints","id","BIGINT UNSIGNED","N/A","N/A","NO","N/A","YES","NO","N/A","N/A","P1_PRODUCTION_EXTENSION","APPROVED_DEFERRED","NOT NULL; PRIMARY KEY"
"webhook_endpoints","organization_id","BIGINT UNSIGNED","N/A","N/A","NO","N/A","NO","YES","organizations","id","P1_PRODUCTION_EXTENSION","APPROVED_DEFERRED","NOT NULL; FK organizations.id; FOREIGN KEY to organizations.id"
"webhook_endpoints","code","VARCHAR","80","N/A","NO","N/A","NO","NO","N/A","N/A","P1_PRODUCTION_EXTENSION","APPROVED_DEFERRED","NOT NULL"
"webhook_endpoints","name","VARCHAR","180","N/A","NO","N/A","NO","NO","N/A","N/A","P1_PRODUCTION_EXTENSION","APPROVED_DEFERRED","NOT NULL"
"webhook_endpoints","description","TEXT","N/A","N/A","YES","N/A","NO","NO","N/A","N/A","P1_PRODUCTION_EXTENSION","APPROVED_DEFERRED","N/A"
"webhook_endpoints","status","VARCHAR","40","N/A","NO","active","NO","NO","N/A","N/A","P1_PRODUCTION_EXTENSION","APPROVED_DEFERRED","NOT NULL; ENUM/CHECK; ENUM/CHECK common_status"
"webhook_endpoints","status_changed_at","DATETIME","N/A","N/A","YES","N/A","NO","NO","N/A","N/A","P1_PRODUCTION_EXTENSION","APPROVED_DEFERRED","Required by service when status is changed"
"webhook_endpoints","status_changed_by","BIGINT UNSIGNED","N/A","N/A","YES","N/A","NO","YES","user_profiles","id","P1_PRODUCTION_EXTENSION","APPROVED_DEFERRED","FK user_profiles.id; set null if user profile is removed"
"webhook_endpoints","is_active","TINYINT","1","N/A","NO","1","NO","NO","N/A","N/A","P1_PRODUCTION_EXTENSION","APPROVED_DEFERRED","NOT NULL"
"webhook_endpoints","metadata_json","JSON","N/A","N/A","YES","N/A","NO","NO","N/A","N/A","P1_PRODUCTION_EXTENSION","APPROVED_DEFERRED","JSON_VALID"
"webhook_endpoints","created_at","TIMESTAMP","N/A","N/A","NO","CURRENT_TIMESTAMP","NO","NO","N/A","N/A","P1_PRODUCTION_EXTENSION","APPROVED_DEFERRED","NOT NULL; valid timestamp"
"webhook_endpoints","created_by","BIGINT UNSIGNED","N/A","N/A","YES","N/A","NO","YES","user_profiles","id","P1_PRODUCTION_EXTENSION","APPROVED_DEFERRED","FK user_profiles.id; FOREIGN KEY to user_profiles.id"
"webhook_endpoints","updated_at","TIMESTAMP","N/A","N/A","YES","CURRENT_TIMESTAMP ON UPDATE CURRENT_TIMESTAMP","NO","NO","N/A","N/A","P1_PRODUCTION_EXTENSION","APPROVED_DEFERRED","valid timestamp"
"webhook_endpoints","updated_by","BIGINT UNSIGNED","N/A","N/A","YES","N/A","NO","YES","user_profiles","id","P1_PRODUCTION_EXTENSION","APPROVED_DEFERRED","FK user_profiles.id; FOREIGN KEY to user_profiles.id"
"webhook_endpoints","deleted_at","TIMESTAMP","N/A","N/A","YES","N/A","NO","NO","N/A","N/A","P1_PRODUCTION_EXTENSION","APPROVED_DEFERRED","valid timestamp"
"webhook_endpoints","deleted_by","BIGINT UNSIGNED","N/A","N/A","YES","N/A","NO","YES","user_profiles","id","P1_PRODUCTION_EXTENSION","APPROVED_DEFERRED","FK user_profiles.id; FOREIGN KEY to user_profiles.id"
"webhook_endpoints","endpoint_url","VARCHAR","800","N/A","NO","N/A","NO","NO","N/A","N/A","P1_PRODUCTION_EXTENSION","APPROVED_DEFERRED","NOT NULL"
"webhook_endpoints","event_filter_json","JSON","N/A","N/A","YES","N/A","NO","NO","N/A","N/A","P1_PRODUCTION_EXTENSION","APPROVED_DEFERRED","JSON_VALID"
"webhook_endpoints","secret_ref","VARCHAR","500","N/A","YES","N/A","NO","NO","N/A","N/A","P1_PRODUCTION_EXTENSION","APPROVED_DEFERRED","N/A"
"webhook_endpoints","timeout_seconds","INT","N/A","N/A","NO","10","NO","NO","N/A","N/A","P1_PRODUCTION_EXTENSION","APPROVED_DEFERRED","NOT NULL"
"webhook_events","id","BIGINT UNSIGNED","N/A","N/A","NO","N/A","YES","NO","N/A","N/A","P1_PRODUCTION_EXTENSION","APPROVED_DEFERRED","NOT NULL; PRIMARY KEY"
"webhook_events","organization_id","BIGINT UNSIGNED","N/A","N/A","NO","N/A","NO","YES","organizations","id","P1_PRODUCTION_EXTENSION","APPROVED_DEFERRED","NOT NULL; FK organizations.id; FOREIGN KEY to organizations.id"
"webhook_events","description","TEXT","N/A","N/A","YES","N/A","NO","NO","N/A","N/A","P1_PRODUCTION_EXTENSION","APPROVED_DEFERRED","N/A"
"webhook_events","status","VARCHAR","40","N/A","NO","queued","NO","NO","N/A","N/A","P1_PRODUCTION_EXTENSION","APPROVED_DEFERRED","NOT NULL; ENUM/CHECK; ENUM/CHECK job_status"
"webhook_events","status_changed_at","DATETIME","N/A","N/A","YES","N/A","NO","NO","N/A","N/A","P1_PRODUCTION_EXTENSION","APPROVED_DEFERRED","Required by service when status is changed"
"webhook_events","status_changed_by","BIGINT UNSIGNED","N/A","N/A","YES","N/A","NO","YES","user_profiles","id","P1_PRODUCTION_EXTENSION","APPROVED_DEFERRED","FK user_profiles.id; set null if user profile is removed"
"webhook_events","metadata_json","JSON","N/A","N/A","YES","N/A","NO","NO","N/A","N/A","P1_PRODUCTION_EXTENSION","APPROVED_DEFERRED","JSON_VALID"
"webhook_events","created_at","TIMESTAMP","N/A","N/A","NO","CURRENT_TIMESTAMP","NO","NO","N/A","N/A","P1_PRODUCTION_EXTENSION","APPROVED_DEFERRED","NOT NULL; valid timestamp"
"webhook_events","created_by","BIGINT UNSIGNED","N/A","N/A","YES","N/A","NO","YES","user_profiles","id","P1_PRODUCTION_EXTENSION","APPROVED_DEFERRED","FK user_profiles.id; FOREIGN KEY to user_profiles.id"
"webhook_events","updated_at","TIMESTAMP","N/A","N/A","YES","CURRENT_TIMESTAMP ON UPDATE CURRENT_TIMESTAMP","NO","NO","N/A","N/A","P1_PRODUCTION_EXTENSION","APPROVED_DEFERRED","valid timestamp"
"webhook_events","updated_by","BIGINT UNSIGNED","N/A","N/A","YES","N/A","NO","YES","user_profiles","id","P1_PRODUCTION_EXTENSION","APPROVED_DEFERRED","FK user_profiles.id; FOREIGN KEY to user_profiles.id"
"webhook_events","deleted_at","TIMESTAMP","N/A","N/A","YES","N/A","NO","NO","N/A","N/A","P1_PRODUCTION_EXTENSION","APPROVED_DEFERRED","valid timestamp"
"webhook_events","deleted_by","BIGINT UNSIGNED","N/A","N/A","YES","N/A","NO","YES","user_profiles","id","P1_PRODUCTION_EXTENSION","APPROVED_DEFERRED","FK user_profiles.id; FOREIGN KEY to user_profiles.id"
"webhook_events","event_type","VARCHAR","120","N/A","NO","N/A","NO","NO","N/A","N/A","P1_PRODUCTION_EXTENSION","APPROVED_DEFERRED","NOT NULL"
"webhook_events","payload_json","JSON","N/A","N/A","NO","N/A","NO","NO","N/A","N/A","P1_PRODUCTION_EXTENSION","APPROVED_DEFERRED","NOT NULL; JSON_VALID"
"webhook_events","queued_at","DATETIME","N/A","N/A","NO","N/A","NO","NO","N/A","N/A","P1_PRODUCTION_EXTENSION","APPROVED_DEFERRED","NOT NULL; valid timestamp"
"webhook_events","reference_id","BIGINT","N/A","N/A","YES","N/A","NO","NO","N/A","N/A","P1_PRODUCTION_EXTENSION","APPROVED_DEFERRED","N/A"
"webhook_events","reference_table","VARCHAR","120","N/A","YES","N/A","NO","NO","N/A","N/A","P1_PRODUCTION_EXTENSION","APPROVED_DEFERRED","N/A"
"webhook_delivery_attempts","id","BIGINT UNSIGNED","N/A","N/A","NO","N/A","YES","NO","N/A","N/A","P1_PRODUCTION_EXTENSION","APPROVED_DEFERRED","NOT NULL; PRIMARY KEY"
"webhook_delivery_attempts","organization_id","BIGINT UNSIGNED","N/A","N/A","NO","N/A","NO","YES","organizations","id","P1_PRODUCTION_EXTENSION","APPROVED_DEFERRED","NOT NULL; FK organizations.id; FOREIGN KEY to organizations.id"
"webhook_delivery_attempts","description","TEXT","N/A","N/A","YES","N/A","NO","NO","N/A","N/A","P1_PRODUCTION_EXTENSION","APPROVED_DEFERRED","N/A"
"webhook_delivery_attempts","status","VARCHAR","40","N/A","NO","queued","NO","NO","N/A","N/A","P1_PRODUCTION_EXTENSION","APPROVED_DEFERRED","NOT NULL; ENUM/CHECK; ENUM/CHECK job_status"
"webhook_delivery_attempts","status_changed_at","DATETIME","N/A","N/A","YES","N/A","NO","NO","N/A","N/A","P1_PRODUCTION_EXTENSION","APPROVED_DEFERRED","Required by service when status is changed"
"webhook_delivery_attempts","status_changed_by","BIGINT UNSIGNED","N/A","N/A","YES","N/A","NO","YES","user_profiles","id","P1_PRODUCTION_EXTENSION","APPROVED_DEFERRED","FK user_profiles.id; set null if user profile is removed"
"webhook_delivery_attempts","created_at","TIMESTAMP","N/A","N/A","NO","CURRENT_TIMESTAMP","NO","NO","N/A","N/A","P1_PRODUCTION_EXTENSION","APPROVED_DEFERRED","NOT NULL; valid timestamp"
"webhook_delivery_attempts","created_by","BIGINT UNSIGNED","N/A","N/A","YES","N/A","NO","YES","user_profiles","id","P1_PRODUCTION_EXTENSION","APPROVED_DEFERRED","FK user_profiles.id; FOREIGN KEY to user_profiles.id"
"webhook_delivery_attempts","updated_at","TIMESTAMP","N/A","N/A","YES","CURRENT_TIMESTAMP ON UPDATE CURRENT_TIMESTAMP","NO","NO","N/A","N/A","P1_PRODUCTION_EXTENSION","APPROVED_DEFERRED","valid timestamp"
"webhook_delivery_attempts","updated_by","BIGINT UNSIGNED","N/A","N/A","YES","N/A","NO","YES","user_profiles","id","P1_PRODUCTION_EXTENSION","APPROVED_DEFERRED","FK user_profiles.id; FOREIGN KEY to user_profiles.id"
"webhook_delivery_attempts","attempt_no","INT","N/A","N/A","NO","1","NO","NO","N/A","N/A","P1_PRODUCTION_EXTENSION","APPROVED_DEFERRED","NOT NULL"
"webhook_delivery_attempts","attempted_at","DATETIME","N/A","N/A","NO","N/A","NO","NO","N/A","N/A","P1_PRODUCTION_EXTENSION","APPROVED_DEFERRED","NOT NULL; valid timestamp"
"webhook_delivery_attempts","http_status_code","INT","N/A","N/A","YES","N/A","NO","NO","N/A","N/A","P1_PRODUCTION_EXTENSION","APPROVED_DEFERRED","N/A"
"webhook_delivery_attempts","response_body_sample","TEXT","N/A","N/A","YES","N/A","NO","NO","N/A","N/A","P1_PRODUCTION_EXTENSION","APPROVED_DEFERRED","N/A"
"webhook_delivery_attempts","webhook_endpoint_id","BIGINT UNSIGNED","N/A","N/A","NO","N/A","NO","YES","webhook_endpoints","id","P1_PRODUCTION_EXTENSION","APPROVED_DEFERRED","NOT NULL; FK webhook_endpoints.id; FOREIGN KEY to webhook_endpoints.id"
"webhook_delivery_attempts","webhook_event_id","BIGINT UNSIGNED","N/A","N/A","NO","N/A","NO","YES","webhook_events","id","P1_PRODUCTION_EXTENSION","APPROVED_DEFERRED","NOT NULL; FK webhook_events.id; FOREIGN KEY to webhook_events.id"
