"ConstraintID","TableName","ConstraintName","ConstraintType","Columns","Rule","ErrorHandling","SuggestedDDLOrNote"
"CON-00001","organizations","pk_organizations","PRIMARY KEY","id","Every table has a surrogate primary key.","","PRIMARY KEY (`id`)"
"CON-00002","organizations","uk_organizations_code","UNIQUE","code","Business key must be unique within its intended scope.","","UNIQUE KEY `uk_organizations_code` (`code`)"
"CON-00003","organizations","uk_organizations_legal_name","UNIQUE","legal_name","Business key must be unique within its intended scope.","","UNIQUE KEY `uk_organizations_legal_name` (`legal_name`)"
"CON-00004","organizations","fk_organizations_status_changed_by","FOREIGN KEY","status_changed_by","Must reference user_profiles.id.","","FOREIGN KEY (`status_changed_by`) REFERENCES `user_profiles` (`id`)"
"CON-00005","organizations","fk_organizations_created_by","FOREIGN KEY","created_by","Must reference user_profiles.id.","","FOREIGN KEY (`created_by`) REFERENCES `user_profiles` (`id`)"
"CON-00006","organizations","fk_organizations_updated_by","FOREIGN KEY","updated_by","Must reference user_profiles.id.","","FOREIGN KEY (`updated_by`) REFERENCES `user_profiles` (`id`)"
"CON-00007","organizations","fk_organizations_deleted_by","FOREIGN KEY","deleted_by","Must reference user_profiles.id.","","FOREIGN KEY (`deleted_by`) REFERENCES `user_profiles` (`id`)"
"CON-00008","organizations","chk_organizations_status","CHECK","status","Allowed values: draft, active, inactive, archived, deleted","","CHECK (`status` IN ('draft', 'active', 'inactive', 'archived', 'deleted'))"
"CON-00009","organizations","chk_organizations_metadata_json_json","JSON VALIDATION","metadata_json","JSON column must contain valid JSON.","","CHECK (JSON_VALID(`metadata_json`))"
"CON-00010","branches","pk_branches","PRIMARY KEY","id","Every table has a surrogate primary key.","","PRIMARY KEY (`id`)"
"CON-00011","branches","uk_branches_org_code","UNIQUE","organization_id, code","Business key must be unique within its intended scope.","","UNIQUE KEY `uk_branches_org_code` (`organization_id`, `code`)"
"CON-00012","branches","fk_branches_organization_id","FOREIGN KEY","organization_id","Must reference organizations.id.","","FOREIGN KEY (`organization_id`) REFERENCES `organizations` (`id`)"
"CON-00013","branches","fk_branches_status_changed_by","FOREIGN KEY","status_changed_by","Must reference user_profiles.id.","","FOREIGN KEY (`status_changed_by`) REFERENCES `user_profiles` (`id`)"
"CON-00014","branches","fk_branches_created_by","FOREIGN KEY","created_by","Must reference user_profiles.id.","","FOREIGN KEY (`created_by`) REFERENCES `user_profiles` (`id`)"
"CON-00015","branches","fk_branches_updated_by","FOREIGN KEY","updated_by","Must reference user_profiles.id.","","FOREIGN KEY (`updated_by`) REFERENCES `user_profiles` (`id`)"
"CON-00016","branches","fk_branches_deleted_by","FOREIGN KEY","deleted_by","Must reference user_profiles.id.","","FOREIGN KEY (`deleted_by`) REFERENCES `user_profiles` (`id`)"
"CON-00017","branches","fk_branches_parent_branch_id","FOREIGN KEY","parent_branch_id","Must reference branches.id.","","FOREIGN KEY (`parent_branch_id`) REFERENCES `branches` (`id`)"
"CON-00018","branches","chk_branches_status","CHECK","status","Allowed values: draft, active, inactive, archived, deleted","","CHECK (`status` IN ('draft', 'active', 'inactive', 'archived', 'deleted'))"
"CON-00019","departments","pk_departments","PRIMARY KEY","id","Every table has a surrogate primary key.","","PRIMARY KEY (`id`)"
"CON-00020","departments","uk_departments_org_code","UNIQUE","organization_id, code","Business key must be unique within its intended scope.","","UNIQUE KEY `uk_departments_org_code` (`organization_id`, `code`)"
"CON-00021","departments","fk_departments_organization_id","FOREIGN KEY","organization_id","Must reference organizations.id.","","FOREIGN KEY (`organization_id`) REFERENCES `organizations` (`id`)"
"CON-00022","departments","fk_departments_branch_id","FOREIGN KEY","branch_id","Must reference branches.id.","","FOREIGN KEY (`branch_id`) REFERENCES `branches` (`id`)"
"CON-00023","departments","fk_departments_status_changed_by","FOREIGN KEY","status_changed_by","Must reference user_profiles.id.","","FOREIGN KEY (`status_changed_by`) REFERENCES `user_profiles` (`id`)"
"CON-00024","departments","fk_departments_created_by","FOREIGN KEY","created_by","Must reference user_profiles.id.","","FOREIGN KEY (`created_by`) REFERENCES `user_profiles` (`id`)"
"CON-00025","departments","fk_departments_updated_by","FOREIGN KEY","updated_by","Must reference user_profiles.id.","","FOREIGN KEY (`updated_by`) REFERENCES `user_profiles` (`id`)"
"CON-00026","departments","fk_departments_deleted_by","FOREIGN KEY","deleted_by","Must reference user_profiles.id.","","FOREIGN KEY (`deleted_by`) REFERENCES `user_profiles` (`id`)"
"CON-00027","departments","fk_departments_parent_department_id","FOREIGN KEY","parent_department_id","Must reference departments.id.","","FOREIGN KEY (`parent_department_id`) REFERENCES `departments` (`id`)"
"CON-00028","departments","chk_departments_status","CHECK","status","Allowed values: draft, active, inactive, archived, deleted","","CHECK (`status` IN ('draft', 'active', 'inactive', 'archived', 'deleted'))"
"CON-00029","teams","pk_teams","PRIMARY KEY","id","Every table has a surrogate primary key.","","PRIMARY KEY (`id`)"
"CON-00030","teams","uk_teams_org_code","UNIQUE","organization_id, code","Business key must be unique within its intended scope.","","UNIQUE KEY `uk_teams_org_code` (`organization_id`, `code`)"
"CON-00031","teams","fk_teams_organization_id","FOREIGN KEY","organization_id","Must reference organizations.id.","","FOREIGN KEY (`organization_id`) REFERENCES `organizations` (`id`)"
"CON-00032","teams","fk_teams_status_changed_by","FOREIGN KEY","status_changed_by","Must reference user_profiles.id.","","FOREIGN KEY (`status_changed_by`) REFERENCES `user_profiles` (`id`)"
"CON-00033","teams","fk_teams_created_by","FOREIGN KEY","created_by","Must reference user_profiles.id.","","FOREIGN KEY (`created_by`) REFERENCES `user_profiles` (`id`)"
"CON-00034","teams","fk_teams_updated_by","FOREIGN KEY","updated_by","Must reference user_profiles.id.","","FOREIGN KEY (`updated_by`) REFERENCES `user_profiles` (`id`)"
"CON-00035","teams","fk_teams_deleted_by","FOREIGN KEY","deleted_by","Must reference user_profiles.id.","","FOREIGN KEY (`deleted_by`) REFERENCES `user_profiles` (`id`)"
"CON-00036","teams","fk_teams_department_id","FOREIGN KEY","department_id","Must reference departments.id.","","FOREIGN KEY (`department_id`) REFERENCES `departments` (`id`)"
"CON-00037","teams","fk_teams_team_lead_user_id","FOREIGN KEY","team_lead_user_id","Must reference user_profiles.id.","","FOREIGN KEY (`team_lead_user_id`) REFERENCES `user_profiles` (`id`)"
"CON-00038","teams","chk_teams_status","CHECK","status","Allowed values: draft, active, inactive, archived, deleted","","CHECK (`status` IN ('draft', 'active', 'inactive', 'archived', 'deleted'))"
"CON-00039","positions","pk_positions","PRIMARY KEY","id","Every table has a surrogate primary key.","","PRIMARY KEY (`id`)"
"CON-00040","positions","uk_positions_org_code","UNIQUE","organization_id, code","Business key must be unique within its intended scope.","","UNIQUE KEY `uk_positions_org_code` (`organization_id`, `code`)"
"CON-00041","positions","fk_positions_organization_id","FOREIGN KEY","organization_id","Must reference organizations.id.","","FOREIGN KEY (`organization_id`) REFERENCES `organizations` (`id`)"
"CON-00042","positions","fk_positions_status_changed_by","FOREIGN KEY","status_changed_by","Must reference user_profiles.id.","","FOREIGN KEY (`status_changed_by`) REFERENCES `user_profiles` (`id`)"
"CON-00043","positions","fk_positions_created_by","FOREIGN KEY","created_by","Must reference user_profiles.id.","","FOREIGN KEY (`created_by`) REFERENCES `user_profiles` (`id`)"
"CON-00044","positions","fk_positions_updated_by","FOREIGN KEY","updated_by","Must reference user_profiles.id.","","FOREIGN KEY (`updated_by`) REFERENCES `user_profiles` (`id`)"
"CON-00045","positions","fk_positions_deleted_by","FOREIGN KEY","deleted_by","Must reference user_profiles.id.","","FOREIGN KEY (`deleted_by`) REFERENCES `user_profiles` (`id`)"
"CON-00046","positions","fk_positions_department_id","FOREIGN KEY","department_id","Must reference departments.id.","","FOREIGN KEY (`department_id`) REFERENCES `departments` (`id`)"
"CON-00047","positions","chk_positions_status","CHECK","status","Allowed values: draft, active, inactive, archived, deleted","","CHECK (`status` IN ('draft', 'active', 'inactive', 'archived', 'deleted'))"
"CON-00048","system_settings","pk_system_settings","PRIMARY KEY","id","Every table has a surrogate primary key.","","PRIMARY KEY (`id`)"
"CON-00049","system_settings","uk_system_settings_organization_id_setting_scope_setting_key","UNIQUE","organization_id, setting_scope, setting_key","Business key must be unique within its intended scope.","","UNIQUE KEY `uk_system_settings_organization_id_setting_scope_setting_key` (`organization_id`, `setting_scope`, `setting_key`)"
"CON-00050","system_settings","fk_system_settings_organization_id","FOREIGN KEY","organization_id","Must reference organizations.id.","","FOREIGN KEY (`organization_id`) REFERENCES `organizations` (`id`)"
"CON-00051","system_settings","fk_system_settings_status_changed_by","FOREIGN KEY","status_changed_by","Must reference user_profiles.id.","","FOREIGN KEY (`status_changed_by`) REFERENCES `user_profiles` (`id`)"
"CON-00052","system_settings","fk_system_settings_created_by","FOREIGN KEY","created_by","Must reference user_profiles.id.","","FOREIGN KEY (`created_by`) REFERENCES `user_profiles` (`id`)"
"CON-00053","system_settings","fk_system_settings_updated_by","FOREIGN KEY","updated_by","Must reference user_profiles.id.","","FOREIGN KEY (`updated_by`) REFERENCES `user_profiles` (`id`)"
"CON-00054","system_settings","fk_system_settings_deleted_by","FOREIGN KEY","deleted_by","Must reference user_profiles.id.","","FOREIGN KEY (`deleted_by`) REFERENCES `user_profiles` (`id`)"
"CON-00055","system_settings","chk_system_settings_status","CHECK","status","Allowed values: draft, active, inactive, archived, deleted","","CHECK (`status` IN ('draft', 'active', 'inactive', 'archived', 'deleted'))"
"CON-00056","system_settings","chk_system_settings_metadata_json_json","JSON VALIDATION","metadata_json","JSON column must contain valid JSON.","","CHECK (JSON_VALID(`metadata_json`))"
"CON-00057","system_settings","chk_system_settings_setting_value_json_json","JSON VALIDATION","setting_value_json","JSON column must contain valid JSON.","","CHECK (JSON_VALID(`setting_value_json`))"
"CON-00128","user_profiles","pk_user_profiles","PRIMARY KEY","id","Every table has a surrogate primary key.","","PRIMARY KEY (`id`)"
"CON-00129","user_profiles","uk_user_profiles_organization_id_email","UNIQUE","organization_id, email","Business key must be unique within its intended scope.","","UNIQUE KEY `uk_user_profiles_organization_id_email` (`organization_id`, `email`)"
"CON-00130","user_profiles","uk_user_profiles_organization_id_external_user_id","UNIQUE","organization_id, external_user_id","Business key must be unique within its intended scope.","","UNIQUE KEY `uk_user_profiles_organization_id_external_user_id` (`organization_id`, `external_user_id`)"
"CON-00131","user_profiles","fk_user_profiles_organization_id","FOREIGN KEY","organization_id","Must reference organizations.id.","","FOREIGN KEY (`organization_id`) REFERENCES `organizations` (`id`)"
"CON-00132","user_profiles","fk_user_profiles_status_changed_by","FOREIGN KEY","status_changed_by","Must reference user_profiles.id.","","FOREIGN KEY (`status_changed_by`) REFERENCES `user_profiles` (`id`)"
"CON-00133","user_profiles","fk_user_profiles_created_by","FOREIGN KEY","created_by","Must reference user_profiles.id.","","FOREIGN KEY (`created_by`) REFERENCES `user_profiles` (`id`)"
"CON-00134","user_profiles","fk_user_profiles_updated_by","FOREIGN KEY","updated_by","Must reference user_profiles.id.","","FOREIGN KEY (`updated_by`) REFERENCES `user_profiles` (`id`)"
"CON-00135","user_profiles","fk_user_profiles_deleted_by","FOREIGN KEY","deleted_by","Must reference user_profiles.id.","","FOREIGN KEY (`deleted_by`) REFERENCES `user_profiles` (`id`)"
"CON-00136","user_profiles","fk_user_profiles_department_id","FOREIGN KEY","department_id","Must reference departments.id.","","FOREIGN KEY (`department_id`) REFERENCES `departments` (`id`)"
"CON-00137","user_profiles","fk_user_profiles_home_project_id","FOREIGN KEY","home_project_id","Must reference bi_projects.id.","","FOREIGN KEY (`home_project_id`) REFERENCES `bi_projects` (`id`)"
"CON-00138","user_profiles","fk_user_profiles_position_id","FOREIGN KEY","position_id","Must reference positions.id.","","FOREIGN KEY (`position_id`) REFERENCES `positions` (`id`)"
"CON-00139","user_profiles","chk_user_profiles_status","CHECK","status","Allowed values: draft, active, inactive, archived, deleted","","CHECK (`status` IN ('draft', 'active', 'inactive', 'archived', 'deleted'))"
"CON-00140","user_profiles","chk_user_profiles_metadata_json_json","JSON VALIDATION","metadata_json","JSON column must contain valid JSON.","","CHECK (JSON_VALID(`metadata_json`))"
"CON-00141","roles","pk_roles","PRIMARY KEY","id","Every table has a surrogate primary key.","","PRIMARY KEY (`id`)"
"CON-00142","roles","uk_roles_org_code","UNIQUE","organization_id, code","Business key must be unique within its intended scope.","","UNIQUE KEY `uk_roles_org_code` (`organization_id`, `code`)"
"CON-00143","roles","fk_roles_organization_id","FOREIGN KEY","organization_id","Must reference organizations.id.","","FOREIGN KEY (`organization_id`) REFERENCES `organizations` (`id`)"
"CON-00144","roles","fk_roles_status_changed_by","FOREIGN KEY","status_changed_by","Must reference user_profiles.id.","","FOREIGN KEY (`status_changed_by`) REFERENCES `user_profiles` (`id`)"
"CON-00145","roles","fk_roles_created_by","FOREIGN KEY","created_by","Must reference user_profiles.id.","","FOREIGN KEY (`created_by`) REFERENCES `user_profiles` (`id`)"
"CON-00146","roles","fk_roles_updated_by","FOREIGN KEY","updated_by","Must reference user_profiles.id.","","FOREIGN KEY (`updated_by`) REFERENCES `user_profiles` (`id`)"
"CON-00147","roles","fk_roles_deleted_by","FOREIGN KEY","deleted_by","Must reference user_profiles.id.","","FOREIGN KEY (`deleted_by`) REFERENCES `user_profiles` (`id`)"
"CON-00148","roles","chk_roles_status","CHECK","status","Allowed values: draft, active, inactive, archived, deleted","","CHECK (`status` IN ('draft', 'active', 'inactive', 'archived', 'deleted'))"
"CON-00149","permissions","pk_permissions","PRIMARY KEY","id","Every table has a surrogate primary key.","","PRIMARY KEY (`id`)"
"CON-00150","permissions","uk_permissions_code","UNIQUE","code","Business key must be unique within its intended scope.","","UNIQUE KEY `uk_permissions_code` (`code`)"
"CON-00151","permissions","uk_permissions_module_key_action_key_resource_key","UNIQUE","module_key, action_key, resource_key","Business key must be unique within its intended scope.","","UNIQUE KEY `uk_permissions_module_key_action_key_resource_key` (`module_key`, `action_key`, `resource_key`)"
"CON-00152","permissions","fk_permissions_status_changed_by","FOREIGN KEY","status_changed_by","Must reference user_profiles.id.","","FOREIGN KEY (`status_changed_by`) REFERENCES `user_profiles` (`id`)"
"CON-00153","permissions","fk_permissions_created_by","FOREIGN KEY","created_by","Must reference user_profiles.id.","","FOREIGN KEY (`created_by`) REFERENCES `user_profiles` (`id`)"
"CON-00154","permissions","fk_permissions_updated_by","FOREIGN KEY","updated_by","Must reference user_profiles.id.","","FOREIGN KEY (`updated_by`) REFERENCES `user_profiles` (`id`)"
"CON-00155","permissions","fk_permissions_deleted_by","FOREIGN KEY","deleted_by","Must reference user_profiles.id.","","FOREIGN KEY (`deleted_by`) REFERENCES `user_profiles` (`id`)"
"CON-00156","permissions","chk_permissions_status","CHECK","status","Allowed values: draft, active, inactive, archived, deleted","","CHECK (`status` IN ('draft', 'active', 'inactive', 'archived', 'deleted'))"
"CON-00157","role_permissions","pk_role_permissions","PRIMARY KEY","id","Every table has a surrogate primary key.","","PRIMARY KEY (`id`)"
"CON-00158","role_permissions","uk_role_permissions_organization_id_role_id_permission_id","UNIQUE","organization_id, role_id, permission_id","Business key must be unique within its intended scope.","","UNIQUE KEY `uk_role_permissions_organization_id_role_id_permission_id` (`organization_id`, `role_id`, `permission_id`)"
"CON-00159","role_permissions","fk_role_permissions_organization_id","FOREIGN KEY","organization_id","Must reference organizations.id.","","FOREIGN KEY (`organization_id`) REFERENCES `organizations` (`id`)"
"CON-00160","role_permissions","fk_role_permissions_status_changed_by","FOREIGN KEY","status_changed_by","Must reference user_profiles.id.","","FOREIGN KEY (`status_changed_by`) REFERENCES `user_profiles` (`id`)"
"CON-00161","role_permissions","fk_role_permissions_created_by","FOREIGN KEY","created_by","Must reference user_profiles.id.","","FOREIGN KEY (`created_by`) REFERENCES `user_profiles` (`id`)"
"CON-00162","role_permissions","fk_role_permissions_updated_by","FOREIGN KEY","updated_by","Must reference user_profiles.id.","","FOREIGN KEY (`updated_by`) REFERENCES `user_profiles` (`id`)"
"CON-00163","role_permissions","fk_role_permissions_permission_id","FOREIGN KEY","permission_id","Must reference permissions.id.","","FOREIGN KEY (`permission_id`) REFERENCES `permissions` (`id`)"
"CON-00164","role_permissions","fk_role_permissions_role_id","FOREIGN KEY","role_id","Must reference roles.id.","","FOREIGN KEY (`role_id`) REFERENCES `roles` (`id`)"
"CON-00165","role_permissions","chk_role_permissions_status","CHECK","status","Allowed values: draft, active, inactive, archived, deleted","","CHECK (`status` IN ('draft', 'active', 'inactive', 'archived', 'deleted'))"
"CON-00166","role_permissions","chk_role_permissions_scope_rule_json_json","JSON VALIDATION","scope_rule_json","JSON column must contain valid JSON.","","CHECK (JSON_VALID(`scope_rule_json`))"
"CON-00167","user_roles","pk_user_roles","PRIMARY KEY","id","Every table has a surrogate primary key.","","PRIMARY KEY (`id`)"
"CON-00168","user_roles","uk_user_roles_organization_id_user_id_role_id_effective_from","UNIQUE","organization_id, user_id, role_id, effective_from","Business key must be unique within its intended scope.","","UNIQUE KEY `uk_user_roles_organization_id_user_id_role_id_effective_from` (`organization_id`, `user_id`, `role_id`, `effective_from`)"
"CON-00169","user_roles","fk_user_roles_organization_id","FOREIGN KEY","organization_id","Must reference organizations.id.","","FOREIGN KEY (`organization_id`) REFERENCES `organizations` (`id`)"
"CON-00170","user_roles","fk_user_roles_status_changed_by","FOREIGN KEY","status_changed_by","Must reference user_profiles.id.","","FOREIGN KEY (`status_changed_by`) REFERENCES `user_profiles` (`id`)"
"CON-00171","user_roles","fk_user_roles_created_by","FOREIGN KEY","created_by","Must reference user_profiles.id.","","FOREIGN KEY (`created_by`) REFERENCES `user_profiles` (`id`)"
"CON-00172","user_roles","fk_user_roles_updated_by","FOREIGN KEY","updated_by","Must reference user_profiles.id.","","FOREIGN KEY (`updated_by`) REFERENCES `user_profiles` (`id`)"
"CON-00173","user_roles","fk_user_roles_deleted_by","FOREIGN KEY","deleted_by","Must reference user_profiles.id.","","FOREIGN KEY (`deleted_by`) REFERENCES `user_profiles` (`id`)"
"CON-00174","user_roles","fk_user_roles_role_id","FOREIGN KEY","role_id","Must reference roles.id.","","FOREIGN KEY (`role_id`) REFERENCES `roles` (`id`)"
"CON-00175","user_roles","fk_user_roles_user_id","FOREIGN KEY","user_id","Must reference user_profiles.id.","","FOREIGN KEY (`user_id`) REFERENCES `user_profiles` (`id`)"
"CON-00176","user_roles","chk_user_roles_status","CHECK","status","Allowed values: draft, active, inactive, archived, deleted","","CHECK (`status` IN ('draft', 'active', 'inactive', 'archived', 'deleted'))"
"CON-00177","user_roles","chk_user_roles_effective_range","DATE RANGE CHECK","effective_from, effective_to","End date must be null or greater than/equal to start date.","","CHECK (`effective_to` IS NULL OR `effective_to` >= `effective_from`)"
"CON-00211","bi_projects","pk_bi_projects","PRIMARY KEY","id","Every table has a surrogate primary key.","","PRIMARY KEY (`id`)"
"CON-00212","bi_projects","uk_bi_projects_org_code","UNIQUE","organization_id, code","Business key must be unique within its intended scope.","","UNIQUE KEY `uk_bi_projects_org_code` (`organization_id`, `code`)"
"CON-00213","bi_projects","uk_bi_projects_organization_id_name","UNIQUE","organization_id, name","Business key must be unique within its intended scope.","","UNIQUE KEY `uk_bi_projects_organization_id_name` (`organization_id`, `name`)"
"CON-00214","bi_projects","fk_bi_projects_organization_id","FOREIGN KEY","organization_id","Must reference organizations.id.","","FOREIGN KEY (`organization_id`) REFERENCES `organizations` (`id`)"
"CON-00215","bi_projects","fk_bi_projects_branch_id","FOREIGN KEY","branch_id","Must reference branches.id.","","FOREIGN KEY (`branch_id`) REFERENCES `branches` (`id`)"
"CON-00216","bi_projects","fk_bi_projects_status_changed_by","FOREIGN KEY","status_changed_by","Must reference user_profiles.id.","","FOREIGN KEY (`status_changed_by`) REFERENCES `user_profiles` (`id`)"
"CON-00217","bi_projects","fk_bi_projects_created_by","FOREIGN KEY","created_by","Must reference user_profiles.id.","","FOREIGN KEY (`created_by`) REFERENCES `user_profiles` (`id`)"
"CON-00218","bi_projects","fk_bi_projects_updated_by","FOREIGN KEY","updated_by","Must reference user_profiles.id.","","FOREIGN KEY (`updated_by`) REFERENCES `user_profiles` (`id`)"
"CON-00219","bi_projects","fk_bi_projects_deleted_by","FOREIGN KEY","deleted_by","Must reference user_profiles.id.","","FOREIGN KEY (`deleted_by`) REFERENCES `user_profiles` (`id`)"
"CON-00220","bi_projects","fk_bi_projects_active_dashboard_id","FOREIGN KEY","active_dashboard_id","Must reference bi_dashboards.id.","","FOREIGN KEY (`active_dashboard_id`) REFERENCES `bi_dashboards` (`id`)"
"CON-00221","bi_projects","fk_bi_projects_active_sheet_id","FOREIGN KEY","active_sheet_id","Must reference bi_sheets.id.","","FOREIGN KEY (`active_sheet_id`) REFERENCES `bi_sheets` (`id`)"
"CON-00222","bi_projects","fk_bi_projects_owner_user_id","FOREIGN KEY","owner_user_id","Must reference user_profiles.id.","","FOREIGN KEY (`owner_user_id`) REFERENCES `user_profiles` (`id`)"
"CON-00223","bi_projects","chk_bi_projects_status","CHECK","status","Allowed values: draft, active, inactive, archived, deleted","","CHECK (`status` IN ('draft', 'active', 'inactive', 'archived', 'deleted'))"
"CON-00224","bi_projects","chk_bi_projects_metadata_json_json","JSON VALIDATION","metadata_json","JSON column must contain valid JSON.","","CHECK (JSON_VALID(`metadata_json`))"
"CON-00225","bi_project_members","pk_bi_project_members","PRIMARY KEY","id","Every table has a surrogate primary key.","","PRIMARY KEY (`id`)"
"CON-00226","bi_project_members","uk_bi_project_members_organization_id_project_id_user_id","UNIQUE","organization_id, project_id, user_id","Business key must be unique within its intended scope.","","UNIQUE KEY `uk_bi_project_members_organization_id_project_id_user_id` (`organization_id`, `project_id`, `user_id`)"
"CON-00227","bi_project_members","fk_bi_project_members_organization_id","FOREIGN KEY","organization_id","Must reference organizations.id.","","FOREIGN KEY (`organization_id`) REFERENCES `organizations` (`id`)"
"CON-00228","bi_project_members","fk_bi_project_members_branch_id","FOREIGN KEY","branch_id","Must reference branches.id.","","FOREIGN KEY (`branch_id`) REFERENCES `branches` (`id`)"
"CON-00229","bi_project_members","fk_bi_project_members_project_id","FOREIGN KEY","project_id","Must reference bi_projects.id.","","FOREIGN KEY (`project_id`) REFERENCES `bi_projects` (`id`)"
"CON-00230","bi_project_members","fk_bi_project_members_status_changed_by","FOREIGN KEY","status_changed_by","Must reference user_profiles.id.","","FOREIGN KEY (`status_changed_by`) REFERENCES `user_profiles` (`id`)"
"CON-00231","bi_project_members","fk_bi_project_members_created_by","FOREIGN KEY","created_by","Must reference user_profiles.id.","","FOREIGN KEY (`created_by`) REFERENCES `user_profiles` (`id`)"
"CON-00232","bi_project_members","fk_bi_project_members_updated_by","FOREIGN KEY","updated_by","Must reference user_profiles.id.","","FOREIGN KEY (`updated_by`) REFERENCES `user_profiles` (`id`)"
"CON-00233","bi_project_members","fk_bi_project_members_deleted_by","FOREIGN KEY","deleted_by","Must reference user_profiles.id.","","FOREIGN KEY (`deleted_by`) REFERENCES `user_profiles` (`id`)"
"CON-00234","bi_project_members","fk_bi_project_members_role_id","FOREIGN KEY","role_id","Must reference roles.id.","","FOREIGN KEY (`role_id`) REFERENCES `roles` (`id`)"
"CON-00235","bi_project_members","fk_bi_project_members_user_id","FOREIGN KEY","user_id","Must reference user_profiles.id.","","FOREIGN KEY (`user_id`) REFERENCES `user_profiles` (`id`)"
"CON-00236","bi_project_members","chk_bi_project_members_status","CHECK","status","Allowed values: draft, active, inactive, archived, deleted","","CHECK (`status` IN ('draft', 'active', 'inactive', 'archived', 'deleted'))"
"CON-00237","bi_project_members","chk_bi_project_members_permission_override_json_json","JSON VALIDATION","permission_override_json","JSON column must contain valid JSON.","","CHECK (JSON_VALID(`permission_override_json`))"
"CON-00238","bi_sheets","pk_bi_sheets","PRIMARY KEY","id","Every table has a surrogate primary key.","","PRIMARY KEY (`id`)"
"CON-00239","bi_sheets","uk_bi_sheets_organization_id_project_id_name","UNIQUE","organization_id, project_id, name","Business key must be unique within its intended scope.","","UNIQUE KEY `uk_bi_sheets_organization_id_project_id_name` (`organization_id`, `project_id`, `name`)"
"CON-00240","bi_sheets","fk_bi_sheets_organization_id","FOREIGN KEY","organization_id","Must reference organizations.id.","","FOREIGN KEY (`organization_id`) REFERENCES `organizations` (`id`)"
"CON-00241","bi_sheets","fk_bi_sheets_branch_id","FOREIGN KEY","branch_id","Must reference branches.id.","","FOREIGN KEY (`branch_id`) REFERENCES `branches` (`id`)"
"CON-00242","bi_sheets","fk_bi_sheets_project_id","FOREIGN KEY","project_id","Must reference bi_projects.id.","","FOREIGN KEY (`project_id`) REFERENCES `bi_projects` (`id`)"
"CON-00243","bi_sheets","fk_bi_sheets_status_changed_by","FOREIGN KEY","status_changed_by","Must reference user_profiles.id.","","FOREIGN KEY (`status_changed_by`) REFERENCES `user_profiles` (`id`)"
"CON-00244","bi_sheets","fk_bi_sheets_created_by","FOREIGN KEY","created_by","Must reference user_profiles.id.","","FOREIGN KEY (`created_by`) REFERENCES `user_profiles` (`id`)"
"CON-00245","bi_sheets","fk_bi_sheets_updated_by","FOREIGN KEY","updated_by","Must reference user_profiles.id.","","FOREIGN KEY (`updated_by`) REFERENCES `user_profiles` (`id`)"
"CON-00246","bi_sheets","fk_bi_sheets_deleted_by","FOREIGN KEY","deleted_by","Must reference user_profiles.id.","","FOREIGN KEY (`deleted_by`) REFERENCES `user_profiles` (`id`)"
"CON-00247","bi_sheets","chk_bi_sheets_status","CHECK","status","Allowed values: draft, active, inactive, archived, deleted","","CHECK (`status` IN ('draft', 'active', 'inactive', 'archived', 'deleted'))"
"CON-00248","bi_sheets","chk_bi_sheets_sheet_settings_json_json","JSON VALIDATION","sheet_settings_json","JSON column must contain valid JSON.","","CHECK (JSON_VALID(`sheet_settings_json`))"
"CON-00249","workspace_contexts","pk_workspace_contexts","PRIMARY KEY","id","Every table has a surrogate primary key.","","PRIMARY KEY (`id`)"
"CON-00250","workspace_contexts","uk_workspace_sessions_organization_id_user_id","UNIQUE","organization_id, user_id","Business key must be unique within its intended scope.","","UNIQUE KEY `uk_workspace_sessions_organization_id_user_id` (`organization_id`, `user_id`)"
"CON-00251","workspace_contexts","fk_workspace_contexts_organization_id","FOREIGN KEY","organization_id","Must reference organizations.id.","","FOREIGN KEY (`organization_id`) REFERENCES `organizations` (`id`)"
"CON-00252","workspace_contexts","fk_workspace_contexts_created_by","FOREIGN KEY","created_by","Must reference user_profiles.id.","","FOREIGN KEY (`created_by`) REFERENCES `user_profiles` (`id`)"
"CON-00253","workspace_contexts","fk_workspace_contexts_updated_by","FOREIGN KEY","updated_by","Must reference user_profiles.id.","","FOREIGN KEY (`updated_by`) REFERENCES `user_profiles` (`id`)"
"CON-00254","workspace_contexts","fk_workspace_contexts_deleted_by","FOREIGN KEY","deleted_by","Must reference user_profiles.id.","","FOREIGN KEY (`deleted_by`) REFERENCES `user_profiles` (`id`)"
"CON-00255","workspace_contexts","fk_workspace_contexts_active_dashboard_id","FOREIGN KEY","active_dashboard_id","Must reference bi_dashboards.id.","","FOREIGN KEY (`active_dashboard_id`) REFERENCES `bi_dashboards` (`id`)"
"CON-00256","workspace_contexts","fk_workspace_contexts_active_project_id","FOREIGN KEY","active_project_id","Must reference bi_projects.id.","","FOREIGN KEY (`active_project_id`) REFERENCES `bi_projects` (`id`)"
"CON-00257","workspace_contexts","fk_workspace_contexts_active_sheet_id","FOREIGN KEY","active_sheet_id","Must reference bi_sheets.id.","","FOREIGN KEY (`active_sheet_id`) REFERENCES `bi_sheets` (`id`)"
"CON-00258","workspace_contexts","fk_workspace_contexts_user_id","FOREIGN KEY","user_id","Must reference user_profiles.id.","","FOREIGN KEY (`user_id`) REFERENCES `user_profiles` (`id`)"
"CON-00259","workspace_contexts","chk_workspace_contexts_navigation_context_json_json","JSON VALIDATION","navigation_context_json","JSON column must contain valid JSON.","","CHECK (JSON_VALID(`navigation_context_json`))"
"CON-00260","bi_dashboards","pk_bi_dashboards","PRIMARY KEY","id","Every table has a surrogate primary key.","","PRIMARY KEY (`id`)"
"CON-00261","bi_dashboards","uk_bi_dashboards_organization_id_project_id_name","UNIQUE","organization_id, project_id, name","Business key must be unique within its intended scope.","","UNIQUE KEY `uk_bi_dashboards_organization_id_project_id_name` (`organization_id`, `project_id`, `name`)"
"CON-00262","bi_dashboards","fk_bi_dashboards_organization_id","FOREIGN KEY","organization_id","Must reference organizations.id.","","FOREIGN KEY (`organization_id`) REFERENCES `organizations` (`id`)"
"CON-00263","bi_dashboards","fk_bi_dashboards_branch_id","FOREIGN KEY","branch_id","Must reference branches.id.","","FOREIGN KEY (`branch_id`) REFERENCES `branches` (`id`)"
"CON-00264","bi_dashboards","fk_bi_dashboards_project_id","FOREIGN KEY","project_id","Must reference bi_projects.id.","","FOREIGN KEY (`project_id`) REFERENCES `bi_projects` (`id`)"
"CON-00265","bi_dashboards","fk_bi_dashboards_status_changed_by","FOREIGN KEY","status_changed_by","Must reference user_profiles.id.","","FOREIGN KEY (`status_changed_by`) REFERENCES `user_profiles` (`id`)"
"CON-00266","bi_dashboards","fk_bi_dashboards_created_by","FOREIGN KEY","created_by","Must reference user_profiles.id.","","FOREIGN KEY (`created_by`) REFERENCES `user_profiles` (`id`)"
"CON-00267","bi_dashboards","fk_bi_dashboards_updated_by","FOREIGN KEY","updated_by","Must reference user_profiles.id.","","FOREIGN KEY (`updated_by`) REFERENCES `user_profiles` (`id`)"
"CON-00268","bi_dashboards","fk_bi_dashboards_deleted_by","FOREIGN KEY","deleted_by","Must reference user_profiles.id.","","FOREIGN KEY (`deleted_by`) REFERENCES `user_profiles` (`id`)"
"CON-00269","bi_dashboards","fk_bi_dashboards_sheet_id","FOREIGN KEY","sheet_id","Must reference bi_sheets.id.","","FOREIGN KEY (`sheet_id`) REFERENCES `bi_sheets` (`id`)"
"CON-00270","bi_dashboards","chk_bi_dashboards_status","CHECK","status","Allowed values: draft, published, archived","","CHECK (`status` IN ('draft', 'published', 'archived'))"
"CON-00271","bi_dashboards","chk_bi_dashboards_theme","CHECK","theme","Allowed values: light, dark, auto","","CHECK (`theme` IN ('light', 'dark', 'auto'))"
"CON-00272","bi_dashboards","chk_bi_dashboards_metadata_json_json","JSON VALIDATION","metadata_json","JSON column must contain valid JSON.","","CHECK (JSON_VALID(`metadata_json`))"
"CON-00273","dashboard_versions","pk_dashboard_versions","PRIMARY KEY","id","Every table has a surrogate primary key.","","PRIMARY KEY (`id`)"
"CON-00274","dashboard_versions","uk_dashboard_versions_organization_id_dashboard_id_version_n","UNIQUE","organization_id, dashboard_id, version_no","Business key must be unique within its intended scope.","","UNIQUE KEY `uk_dashboard_versions_organization_id_dashboard_id_version_n` (`organization_id`, `dashboard_id`, `version_no`)"
"CON-00275","dashboard_versions","fk_dashboard_versions_organization_id","FOREIGN KEY","organization_id","Must reference organizations.id.","","FOREIGN KEY (`organization_id`) REFERENCES `organizations` (`id`)"
"CON-00276","dashboard_versions","fk_dashboard_versions_dashboard_id","FOREIGN KEY","dashboard_id","Must reference bi_dashboards.id.","","FOREIGN KEY (`dashboard_id`) REFERENCES `bi_dashboards` (`id`)"
"CON-00277","dashboard_versions","fk_dashboard_versions_created_by","FOREIGN KEY","created_by","Must reference user_profiles.id.","","FOREIGN KEY (`created_by`) REFERENCES `user_profiles` (`id`)"
"CON-00278","dashboard_versions","fk_dashboard_versions_updated_by","FOREIGN KEY","updated_by","Must reference user_profiles.id.","","FOREIGN KEY (`updated_by`) REFERENCES `user_profiles` (`id`)"
"CON-00279","dashboard_versions","chk_dashboard_versions_metadata_json_json","JSON VALIDATION","metadata_json","JSON column must contain valid JSON.","","CHECK (JSON_VALID(`metadata_json`))"
"CON-00280","dashboard_versions","chk_dashboard_versions_dashboard_snapshot_json_json","JSON VALIDATION","dashboard_snapshot_json","JSON column must contain valid JSON.","","CHECK (JSON_VALID(`dashboard_snapshot_json`))"
"CON-00290","dashboard_widgets","pk_dashboard_widgets","PRIMARY KEY","id","Every table has a surrogate primary key.","","PRIMARY KEY (`id`)"
"CON-00291","dashboard_widgets","fk_dashboard_widgets_organization_id","FOREIGN KEY","organization_id","Must reference organizations.id.","","FOREIGN KEY (`organization_id`) REFERENCES `organizations` (`id`)"
"CON-00292","dashboard_widgets","fk_dashboard_widgets_branch_id","FOREIGN KEY","branch_id","Must reference branches.id.","","FOREIGN KEY (`branch_id`) REFERENCES `branches` (`id`)"
"CON-00293","dashboard_widgets","fk_dashboard_widgets_dashboard_id","FOREIGN KEY","dashboard_id","Must reference bi_dashboards.id.","","FOREIGN KEY (`dashboard_id`) REFERENCES `bi_dashboards` (`id`)"
"CON-00294","dashboard_widgets","fk_dashboard_widgets_status_changed_by","FOREIGN KEY","status_changed_by","Must reference user_profiles.id.","","FOREIGN KEY (`status_changed_by`) REFERENCES `user_profiles` (`id`)"
"CON-00295","dashboard_widgets","fk_dashboard_widgets_created_by","FOREIGN KEY","created_by","Must reference user_profiles.id.","","FOREIGN KEY (`created_by`) REFERENCES `user_profiles` (`id`)"
"CON-00296","dashboard_widgets","fk_dashboard_widgets_updated_by","FOREIGN KEY","updated_by","Must reference user_profiles.id.","","FOREIGN KEY (`updated_by`) REFERENCES `user_profiles` (`id`)"
"CON-00297","dashboard_widgets","fk_dashboard_widgets_deleted_by","FOREIGN KEY","deleted_by","Must reference user_profiles.id.","","FOREIGN KEY (`deleted_by`) REFERENCES `user_profiles` (`id`)"
"CON-00298","dashboard_widgets","fk_dashboard_widgets_source_chart_id","FOREIGN KEY","source_chart_id","Must reference charts.id.","","FOREIGN KEY (`source_chart_id`) REFERENCES `charts` (`id`)"
"CON-00299","dashboard_widgets","chk_dashboard_widgets_status","CHECK","status","Allowed values: draft, active, inactive, archived, deleted","","CHECK (`status` IN ('draft', 'active', 'inactive', 'archived', 'deleted'))"
"CON-00300","dashboard_widgets","chk_dashboard_widgets_widget_type","CHECK","widget_type","Allowed values: chart, kpi, table, text, image, filter, divider, button, shape","","CHECK (`widget_type` IN ('chart', 'kpi', 'table', 'text', 'image', 'filter', 'divider', 'button', 'shape'))"
"CON-00301","dashboard_widgets","chk_dashboard_widgets_metadata_json_json","JSON VALIDATION","metadata_json","JSON column must contain valid JSON.","","CHECK (JSON_VALID(`metadata_json`))"
"CON-00302","dashboard_widgets","chk_dashboard_widgets_config_json_json","JSON VALIDATION","config_json","JSON column must contain valid JSON.","","CHECK (JSON_VALID(`config_json`))"
"CON-00303","dashboard_widgets","chk_dashboard_widgets_style_json_json","JSON VALIDATION","style_json","JSON column must contain valid JSON.","","CHECK (JSON_VALID(`style_json`))"
"CON-00366","dashboard_templates","pk_dashboard_templates","PRIMARY KEY","id","Every table has a surrogate primary key.","","PRIMARY KEY (`id`)"
"CON-00367","dashboard_templates","uk_dashboard_templates_org_code","UNIQUE","organization_id, code","Business key must be unique within its intended scope.","","UNIQUE KEY `uk_dashboard_templates_org_code` (`organization_id`, `code`)"
"CON-00368","dashboard_templates","fk_dashboard_templates_organization_id","FOREIGN KEY","organization_id","Must reference organizations.id.","","FOREIGN KEY (`organization_id`) REFERENCES `organizations` (`id`)"
"CON-00369","dashboard_templates","fk_dashboard_templates_status_changed_by","FOREIGN KEY","status_changed_by","Must reference user_profiles.id.","","FOREIGN KEY (`status_changed_by`) REFERENCES `user_profiles` (`id`)"
"CON-00370","dashboard_templates","fk_dashboard_templates_created_by","FOREIGN KEY","created_by","Must reference user_profiles.id.","","FOREIGN KEY (`created_by`) REFERENCES `user_profiles` (`id`)"
"CON-00371","dashboard_templates","fk_dashboard_templates_updated_by","FOREIGN KEY","updated_by","Must reference user_profiles.id.","","FOREIGN KEY (`updated_by`) REFERENCES `user_profiles` (`id`)"
"CON-00372","dashboard_templates","fk_dashboard_templates_deleted_by","FOREIGN KEY","deleted_by","Must reference user_profiles.id.","","FOREIGN KEY (`deleted_by`) REFERENCES `user_profiles` (`id`)"
"CON-00373","dashboard_templates","chk_dashboard_templates_status","CHECK","status","Allowed values: draft, active, inactive, archived, deleted","","CHECK (`status` IN ('draft', 'active', 'inactive', 'archived', 'deleted'))"
"CON-00374","dashboard_templates","chk_dashboard_templates_metadata_json_json","JSON VALIDATION","metadata_json","JSON column must contain valid JSON.","","CHECK (JSON_VALID(`metadata_json`))"
"CON-00375","dashboard_templates","chk_dashboard_templates_canvas_settings_json_json","JSON VALIDATION","canvas_settings_json","JSON column must contain valid JSON.","","CHECK (JSON_VALID(`canvas_settings_json`))"
"CON-00376","dashboard_template_widgets","pk_dashboard_template_widgets","PRIMARY KEY","id","Every table has a surrogate primary key.","","PRIMARY KEY (`id`)"
"CON-00377","dashboard_template_widgets","fk_dashboard_template_widgets_organization_id","FOREIGN KEY","organization_id","Must reference organizations.id.","","FOREIGN KEY (`organization_id`) REFERENCES `organizations` (`id`)"
"CON-00378","dashboard_template_widgets","fk_dashboard_template_widgets_status_changed_by","FOREIGN KEY","status_changed_by","Must reference user_profiles.id.","","FOREIGN KEY (`status_changed_by`) REFERENCES `user_profiles` (`id`)"
"CON-00379","dashboard_template_widgets","fk_dashboard_template_widgets_created_by","FOREIGN KEY","created_by","Must reference user_profiles.id.","","FOREIGN KEY (`created_by`) REFERENCES `user_profiles` (`id`)"
"CON-00380","dashboard_template_widgets","fk_dashboard_template_widgets_updated_by","FOREIGN KEY","updated_by","Must reference user_profiles.id.","","FOREIGN KEY (`updated_by`) REFERENCES `user_profiles` (`id`)"
"CON-00381","dashboard_template_widgets","fk_dashboard_template_widgets_deleted_by","FOREIGN KEY","deleted_by","Must reference user_profiles.id.","","FOREIGN KEY (`deleted_by`) REFERENCES `user_profiles` (`id`)"
"CON-00382","dashboard_template_widgets","fk_dashboard_template_widgets_template_id","FOREIGN KEY","template_id","Must reference dashboard_templates.id.","","FOREIGN KEY (`template_id`) REFERENCES `dashboard_templates` (`id`)"
"CON-00383","dashboard_template_widgets","chk_dashboard_template_widgets_status","CHECK","status","Allowed values: draft, active, inactive, archived, deleted","","CHECK (`status` IN ('draft', 'active', 'inactive', 'archived', 'deleted'))"
"CON-00384","dashboard_template_widgets","chk_dashboard_template_widgets_widget_type","CHECK","widget_type","Allowed values: chart, kpi, table, text, image, filter, divider, button, shape","","CHECK (`widget_type` IN ('chart', 'kpi', 'table', 'text', 'image', 'filter', 'divider', 'button', 'shape'))"
"CON-00385","dashboard_template_widgets","chk_dashboard_template_widgets_metadata_json_json","JSON VALIDATION","metadata_json","JSON column must contain valid JSON.","","CHECK (JSON_VALID(`metadata_json`))"
"CON-00386","dashboard_template_widgets","chk_dashboard_template_widgets_config_json_json","JSON VALIDATION","config_json","JSON column must contain valid JSON.","","CHECK (JSON_VALID(`config_json`))"
"CON-00387","dashboard_template_widgets","chk_dashboard_template_widgets_layout_json_json","JSON VALIDATION","layout_json","JSON column must contain valid JSON.","","CHECK (JSON_VALID(`layout_json`))"
"CON-00388","dashboard_filter_presets","pk_dashboard_filter_presets","PRIMARY KEY","id","Every table has a surrogate primary key.","","PRIMARY KEY (`id`)"
"CON-00389","dashboard_filter_presets","uk_dashboard_filter_presets_organization_id_dashboard_id_nam","UNIQUE","organization_id, dashboard_id, name, owner_user_id","Business key must be unique within its intended scope.","","UNIQUE KEY `uk_dashboard_filter_presets_organization_id_dashboard_id_nam` (`organization_id`, `dashboard_id`, `name`, `owner_user_id`)"
"CON-00390","dashboard_filter_presets","fk_dashboard_filter_presets_organization_id","FOREIGN KEY","organization_id","Must reference organizations.id.","","FOREIGN KEY (`organization_id`) REFERENCES `organizations` (`id`)"
"CON-00391","dashboard_filter_presets","fk_dashboard_filter_presets_branch_id","FOREIGN KEY","branch_id","Must reference branches.id.","","FOREIGN KEY (`branch_id`) REFERENCES `branches` (`id`)"
"CON-00392","dashboard_filter_presets","fk_dashboard_filter_presets_dashboard_id","FOREIGN KEY","dashboard_id","Must reference bi_dashboards.id.","","FOREIGN KEY (`dashboard_id`) REFERENCES `bi_dashboards` (`id`)"
"CON-00393","dashboard_filter_presets","fk_dashboard_filter_presets_status_changed_by","FOREIGN KEY","status_changed_by","Must reference user_profiles.id.","","FOREIGN KEY (`status_changed_by`) REFERENCES `user_profiles` (`id`)"
"CON-00394","dashboard_filter_presets","fk_dashboard_filter_presets_created_by","FOREIGN KEY","created_by","Must reference user_profiles.id.","","FOREIGN KEY (`created_by`) REFERENCES `user_profiles` (`id`)"
"CON-00395","dashboard_filter_presets","fk_dashboard_filter_presets_updated_by","FOREIGN KEY","updated_by","Must reference user_profiles.id.","","FOREIGN KEY (`updated_by`) REFERENCES `user_profiles` (`id`)"
"CON-00396","dashboard_filter_presets","fk_dashboard_filter_presets_deleted_by","FOREIGN KEY","deleted_by","Must reference user_profiles.id.","","FOREIGN KEY (`deleted_by`) REFERENCES `user_profiles` (`id`)"
"CON-00397","dashboard_filter_presets","fk_dashboard_filter_presets_owner_user_id","FOREIGN KEY","owner_user_id","Must reference user_profiles.id.","","FOREIGN KEY (`owner_user_id`) REFERENCES `user_profiles` (`id`)"
"CON-00398","dashboard_filter_presets","chk_dashboard_filter_presets_status","CHECK","status","Allowed values: draft, active, inactive, archived, deleted","","CHECK (`status` IN ('draft', 'active', 'inactive', 'archived', 'deleted'))"
"CON-00399","dashboard_filter_values","pk_dashboard_filter_values","PRIMARY KEY","id","Every table has a surrogate primary key.","","PRIMARY KEY (`id`)"
"CON-00400","dashboard_filter_values","uk_dashboard_filter_values_organization_id_preset_id_filter_","UNIQUE","organization_id, preset_id, filter_key","Business key must be unique within its intended scope.","","UNIQUE KEY `uk_dashboard_filter_values_organization_id_preset_id_filter_` (`organization_id`, `preset_id`, `filter_key`)"
"CON-00401","dashboard_filter_values","fk_dashboard_filter_values_organization_id","FOREIGN KEY","organization_id","Must reference organizations.id.","","FOREIGN KEY (`organization_id`) REFERENCES `organizations` (`id`)"
"CON-00402","dashboard_filter_values","fk_dashboard_filter_values_status_changed_by","FOREIGN KEY","status_changed_by","Must reference user_profiles.id.","","FOREIGN KEY (`status_changed_by`) REFERENCES `user_profiles` (`id`)"
"CON-00403","dashboard_filter_values","fk_dashboard_filter_values_created_by","FOREIGN KEY","created_by","Must reference user_profiles.id.","","FOREIGN KEY (`created_by`) REFERENCES `user_profiles` (`id`)"
"CON-00404","dashboard_filter_values","fk_dashboard_filter_values_updated_by","FOREIGN KEY","updated_by","Must reference user_profiles.id.","","FOREIGN KEY (`updated_by`) REFERENCES `user_profiles` (`id`)"
"CON-00405","dashboard_filter_values","fk_dashboard_filter_values_deleted_by","FOREIGN KEY","deleted_by","Must reference user_profiles.id.","","FOREIGN KEY (`deleted_by`) REFERENCES `user_profiles` (`id`)"
"CON-00406","dashboard_filter_values","fk_dashboard_filter_values_preset_id","FOREIGN KEY","preset_id","Must reference dashboard_filter_presets.id.","","FOREIGN KEY (`preset_id`) REFERENCES `dashboard_filter_presets` (`id`)"
"CON-00407","dashboard_filter_values","chk_dashboard_filter_values_status","CHECK","status","Allowed values: draft, active, inactive, archived, deleted","","CHECK (`status` IN ('draft', 'active', 'inactive', 'archived', 'deleted'))"
"CON-00408","dashboard_filter_values","chk_dashboard_filter_values_operator","CHECK","operator","Allowed values: equals, not_equals, contains, in, not_in, between, greater_than, less_than, is_null, is_not_null","","CHECK (`operator` IN ('equals', 'not_equals', 'contains', 'in', 'not_in', 'between', 'greater_than', 'less_than', 'is_null', 'is_not_null'))"
"CON-00409","dashboard_filter_values","chk_dashboard_filter_values_filter_value_json_json","JSON VALIDATION","filter_value_json","JSON column must contain valid JSON.","","CHECK (JSON_VALID(`filter_value_json`))"
"CON-00410","dashboard_interactions","pk_dashboard_interactions","PRIMARY KEY","id","Every table has a surrogate primary key.","","PRIMARY KEY (`id`)"
"CON-00411","dashboard_interactions","fk_dashboard_interactions_organization_id","FOREIGN KEY","organization_id","Must reference organizations.id.","","FOREIGN KEY (`organization_id`) REFERENCES `organizations` (`id`)"
"CON-00412","dashboard_interactions","fk_dashboard_interactions_dashboard_id","FOREIGN KEY","dashboard_id","Must reference bi_dashboards.id.","","FOREIGN KEY (`dashboard_id`) REFERENCES `bi_dashboards` (`id`)"
"CON-00413","dashboard_interactions","fk_dashboard_interactions_status_changed_by","FOREIGN KEY","status_changed_by","Must reference user_profiles.id.","","FOREIGN KEY (`status_changed_by`) REFERENCES `user_profiles` (`id`)"
"CON-00414","dashboard_interactions","fk_dashboard_interactions_created_by","FOREIGN KEY","created_by","Must reference user_profiles.id.","","FOREIGN KEY (`created_by`) REFERENCES `user_profiles` (`id`)"
"CON-00415","dashboard_interactions","fk_dashboard_interactions_updated_by","FOREIGN KEY","updated_by","Must reference user_profiles.id.","","FOREIGN KEY (`updated_by`) REFERENCES `user_profiles` (`id`)"
"CON-00416","dashboard_interactions","fk_dashboard_interactions_deleted_by","FOREIGN KEY","deleted_by","Must reference user_profiles.id.","","FOREIGN KEY (`deleted_by`) REFERENCES `user_profiles` (`id`)"
"CON-00417","dashboard_interactions","fk_dashboard_interactions_source_widget_id","FOREIGN KEY","source_widget_id","Must reference dashboard_widgets.id.","","FOREIGN KEY (`source_widget_id`) REFERENCES `dashboard_widgets` (`id`)"
"CON-00418","dashboard_interactions","chk_dashboard_interactions_status","CHECK","status","Allowed values: draft, active, inactive, archived, deleted","","CHECK (`status` IN ('draft', 'active', 'inactive', 'archived', 'deleted'))"
"CON-00419","dashboard_interactions","chk_dashboard_interactions_interaction_value_json_json","JSON VALIDATION","interaction_value_json","JSON column must contain valid JSON.","","CHECK (JSON_VALID(`interaction_value_json`))"
"CON-00420","dashboard_drilldown_paths","pk_dashboard_drilldown_paths","PRIMARY KEY","id","Every table has a surrogate primary key.","","PRIMARY KEY (`id`)"
"CON-00421","dashboard_drilldown_paths","uk_dashboard_drilldown_paths_organization_id_interaction_id_","UNIQUE","organization_id, interaction_id, step_no","Business key must be unique within its intended scope.","","UNIQUE KEY `uk_dashboard_drilldown_paths_organization_id_interaction_id_` (`organization_id`, `interaction_id`, `step_no`)"
"CON-00422","dashboard_drilldown_paths","fk_dashboard_drilldown_paths_organization_id","FOREIGN KEY","organization_id","Must reference organizations.id.","","FOREIGN KEY (`organization_id`) REFERENCES `organizations` (`id`)"
"CON-00423","dashboard_drilldown_paths","fk_dashboard_drilldown_paths_status_changed_by","FOREIGN KEY","status_changed_by","Must reference user_profiles.id.","","FOREIGN KEY (`status_changed_by`) REFERENCES `user_profiles` (`id`)"
"CON-00424","dashboard_drilldown_paths","fk_dashboard_drilldown_paths_created_by","FOREIGN KEY","created_by","Must reference user_profiles.id.","","FOREIGN KEY (`created_by`) REFERENCES `user_profiles` (`id`)"
"CON-00425","dashboard_drilldown_paths","fk_dashboard_drilldown_paths_updated_by","FOREIGN KEY","updated_by","Must reference user_profiles.id.","","FOREIGN KEY (`updated_by`) REFERENCES `user_profiles` (`id`)"
"CON-00426","dashboard_drilldown_paths","fk_dashboard_drilldown_paths_deleted_by","FOREIGN KEY","deleted_by","Must reference user_profiles.id.","","FOREIGN KEY (`deleted_by`) REFERENCES `user_profiles` (`id`)"
"CON-00427","dashboard_drilldown_paths","fk_dashboard_drilldown_paths_interaction_id","FOREIGN KEY","interaction_id","Must reference dashboard_interactions.id.","","FOREIGN KEY (`interaction_id`) REFERENCES `dashboard_interactions` (`id`)"
"CON-00428","dashboard_drilldown_paths","fk_dashboard_drilldown_paths_source_widget_id","FOREIGN KEY","source_widget_id","Must reference dashboard_widgets.id.","","FOREIGN KEY (`source_widget_id`) REFERENCES `dashboard_widgets` (`id`)"
"CON-00429","dashboard_drilldown_paths","chk_dashboard_drilldown_paths_status","CHECK","status","Allowed values: draft, active, inactive, archived, deleted","","CHECK (`status` IN ('draft', 'active', 'inactive', 'archived', 'deleted'))"
"CON-00430","dashboard_drilldown_paths","chk_dashboard_drilldown_paths_field_value_json_json","JSON VALIDATION","field_value_json","JSON column must contain valid JSON.","","CHECK (JSON_VALID(`field_value_json`))"
"CON-00431","saved_views","pk_saved_views","PRIMARY KEY","id","Every table has a surrogate primary key.","","PRIMARY KEY (`id`)"
"CON-00432","saved_views","uk_saved_views_organization_id_owner_user_id_view_name","UNIQUE","organization_id, owner_user_id, view_name","Business key must be unique within its intended scope.","","UNIQUE KEY `uk_saved_views_organization_id_owner_user_id_view_name` (`organization_id`, `owner_user_id`, `view_name`)"
"CON-00433","saved_views","fk_saved_views_organization_id","FOREIGN KEY","organization_id","Must reference organizations.id.","","FOREIGN KEY (`organization_id`) REFERENCES `organizations` (`id`)"
"CON-00434","saved_views","fk_saved_views_branch_id","FOREIGN KEY","branch_id","Must reference branches.id.","","FOREIGN KEY (`branch_id`) REFERENCES `branches` (`id`)"
"CON-00435","saved_views","fk_saved_views_project_id","FOREIGN KEY","project_id","Must reference bi_projects.id.","","FOREIGN KEY (`project_id`) REFERENCES `bi_projects` (`id`)"
"CON-00436","saved_views","fk_saved_views_dashboard_id","FOREIGN KEY","dashboard_id","Must reference bi_dashboards.id.","","FOREIGN KEY (`dashboard_id`) REFERENCES `bi_dashboards` (`id`)"
"CON-00437","saved_views","fk_saved_views_status_changed_by","FOREIGN KEY","status_changed_by","Must reference user_profiles.id.","","FOREIGN KEY (`status_changed_by`) REFERENCES `user_profiles` (`id`)"
"CON-00438","saved_views","fk_saved_views_created_by","FOREIGN KEY","created_by","Must reference user_profiles.id.","","FOREIGN KEY (`created_by`) REFERENCES `user_profiles` (`id`)"
"CON-00439","saved_views","fk_saved_views_updated_by","FOREIGN KEY","updated_by","Must reference user_profiles.id.","","FOREIGN KEY (`updated_by`) REFERENCES `user_profiles` (`id`)"
"CON-00440","saved_views","fk_saved_views_deleted_by","FOREIGN KEY","deleted_by","Must reference user_profiles.id.","","FOREIGN KEY (`deleted_by`) REFERENCES `user_profiles` (`id`)"
"CON-00441","saved_views","fk_saved_views_owner_user_id","FOREIGN KEY","owner_user_id","Must reference user_profiles.id.","","FOREIGN KEY (`owner_user_id`) REFERENCES `user_profiles` (`id`)"
"CON-00442","saved_views","chk_saved_views_status","CHECK","status","Allowed values: draft, active, inactive, archived, deleted","","CHECK (`status` IN ('draft', 'active', 'inactive', 'archived', 'deleted'))"
"CON-00443","saved_views","chk_saved_views_metadata_json_json","JSON VALIDATION","metadata_json","JSON column must contain valid JSON.","","CHECK (JSON_VALID(`metadata_json`))"
"CON-00444","saved_views","chk_saved_views_view_state_json_json","JSON VALIDATION","view_state_json","JSON column must contain valid JSON.","","CHECK (JSON_VALID(`view_state_json`))"
"CON-00456","chart_types","pk_chart_types","PRIMARY KEY","id","Every table has a surrogate primary key.","","PRIMARY KEY (`id`)"
"CON-00457","chart_types","uk_chart_types_code","UNIQUE","code","Business key must be unique within its intended scope.","","UNIQUE KEY `uk_chart_types_code` (`code`)"
"CON-00458","chart_types","fk_chart_types_status_changed_by","FOREIGN KEY","status_changed_by","Must reference user_profiles.id.","","FOREIGN KEY (`status_changed_by`) REFERENCES `user_profiles` (`id`)"
"CON-00459","chart_types","fk_chart_types_created_by","FOREIGN KEY","created_by","Must reference user_profiles.id.","","FOREIGN KEY (`created_by`) REFERENCES `user_profiles` (`id`)"
"CON-00460","chart_types","fk_chart_types_updated_by","FOREIGN KEY","updated_by","Must reference user_profiles.id.","","FOREIGN KEY (`updated_by`) REFERENCES `user_profiles` (`id`)"
"CON-00461","chart_types","fk_chart_types_deleted_by","FOREIGN KEY","deleted_by","Must reference user_profiles.id.","","FOREIGN KEY (`deleted_by`) REFERENCES `user_profiles` (`id`)"
"CON-00462","chart_types","chk_chart_types_status","CHECK","status","Allowed values: draft, active, inactive, archived, deleted","","CHECK (`status` IN ('draft', 'active', 'inactive', 'archived', 'deleted'))"
"CON-00463","chart_types","chk_chart_types_metadata_json_json","JSON VALIDATION","metadata_json","JSON column must contain valid JSON.","","CHECK (JSON_VALID(`metadata_json`))"
"CON-00464","chart_types","chk_chart_types_capabilities_json_json","JSON VALIDATION","capabilities_json","JSON column must contain valid JSON.","","CHECK (JSON_VALID(`capabilities_json`))"
"CON-00465","chart_type_requirements","pk_chart_type_requirements","PRIMARY KEY","id","Every table has a surrogate primary key.","","PRIMARY KEY (`id`)"
"CON-00466","chart_type_requirements","uk_chart_type_requirements_chart_type_id_slot_id","UNIQUE","chart_type_id, slot_id","Business key must be unique within its intended scope.","","UNIQUE KEY `uk_chart_type_requirements_chart_type_id_slot_id` (`chart_type_id`, `slot_id`)"
"CON-00467","chart_type_requirements","fk_chart_type_requirements_status_changed_by","FOREIGN KEY","status_changed_by","Must reference user_profiles.id.","","FOREIGN KEY (`status_changed_by`) REFERENCES `user_profiles` (`id`)"
"CON-00468","chart_type_requirements","fk_chart_type_requirements_created_by","FOREIGN KEY","created_by","Must reference user_profiles.id.","","FOREIGN KEY (`created_by`) REFERENCES `user_profiles` (`id`)"
"CON-00469","chart_type_requirements","fk_chart_type_requirements_updated_by","FOREIGN KEY","updated_by","Must reference user_profiles.id.","","FOREIGN KEY (`updated_by`) REFERENCES `user_profiles` (`id`)"
"CON-00470","chart_type_requirements","fk_chart_type_requirements_deleted_by","FOREIGN KEY","deleted_by","Must reference user_profiles.id.","","FOREIGN KEY (`deleted_by`) REFERENCES `user_profiles` (`id`)"
"CON-00471","chart_type_requirements","fk_chart_type_requirements_chart_type_id","FOREIGN KEY","chart_type_id","Must reference chart_types.id.","","FOREIGN KEY (`chart_type_id`) REFERENCES `chart_types` (`id`)"
"CON-00472","chart_type_requirements","chk_chart_type_requirements_status","CHECK","status","Allowed values: draft, active, inactive, archived, deleted","","CHECK (`status` IN ('draft', 'active', 'inactive', 'archived', 'deleted'))"
"CON-00473","chart_type_requirements","chk_chart_type_requirements_slot_id","CHECK","slot_id","Allowed values: xAxis, yAxis, legend, tooltip, filter, color, size, value, category, series, rows, columns, source, target, open, high, low, close","","CHECK (`slot_id` IN ('xAxis', 'yAxis', 'legend', 'tooltip', 'filter', 'color', 'size', 'value', 'category', 'series', 'rows', 'columns', 'source', 'target', 'open', 'high', 'low', 'close'))"
"CON-00474","chart_type_requirements","chk_chart_type_requirements_metadata_json_json","JSON VALIDATION","metadata_json","JSON column must contain valid JSON.","","CHECK (JSON_VALID(`metadata_json`))"
"CON-00475","chart_templates","pk_chart_templates","PRIMARY KEY","id","Every table has a surrogate primary key.","","PRIMARY KEY (`id`)"
"CON-00476","chart_templates","uk_chart_templates_org_code","UNIQUE","organization_id, code","Business key must be unique within its intended scope.","","UNIQUE KEY `uk_chart_templates_org_code` (`organization_id`, `code`)"
"CON-00477","chart_templates","fk_chart_templates_organization_id","FOREIGN KEY","organization_id","Must reference organizations.id.","","FOREIGN KEY (`organization_id`) REFERENCES `organizations` (`id`)"
"CON-00478","chart_templates","fk_chart_templates_status_changed_by","FOREIGN KEY","status_changed_by","Must reference user_profiles.id.","","FOREIGN KEY (`status_changed_by`) REFERENCES `user_profiles` (`id`)"
"CON-00479","chart_templates","fk_chart_templates_created_by","FOREIGN KEY","created_by","Must reference user_profiles.id.","","FOREIGN KEY (`created_by`) REFERENCES `user_profiles` (`id`)"
"CON-00480","chart_templates","fk_chart_templates_updated_by","FOREIGN KEY","updated_by","Must reference user_profiles.id.","","FOREIGN KEY (`updated_by`) REFERENCES `user_profiles` (`id`)"
"CON-00481","chart_templates","fk_chart_templates_deleted_by","FOREIGN KEY","deleted_by","Must reference user_profiles.id.","","FOREIGN KEY (`deleted_by`) REFERENCES `user_profiles` (`id`)"
"CON-00482","chart_templates","fk_chart_templates_chart_type_id","FOREIGN KEY","chart_type_id","Must reference chart_types.id.","","FOREIGN KEY (`chart_type_id`) REFERENCES `chart_types` (`id`)"
"CON-00483","chart_templates","chk_chart_templates_status","CHECK","status","Allowed values: draft, active, inactive, archived, deleted","","CHECK (`status` IN ('draft', 'active', 'inactive', 'archived', 'deleted'))"
"CON-00484","chart_templates","chk_chart_templates_metadata_json_json","JSON VALIDATION","metadata_json","JSON column must contain valid JSON.","","CHECK (JSON_VALID(`metadata_json`))"
"CON-00485","chart_templates","chk_chart_templates_template_settings_json_json","JSON VALIDATION","template_settings_json","JSON column must contain valid JSON.","","CHECK (JSON_VALID(`template_settings_json`))"
"CON-00498","chart_presets","pk_chart_presets","PRIMARY KEY","id","Every table has a surrogate primary key.","","PRIMARY KEY (`id`)"
"CON-00499","chart_presets","uk_chart_presets_org_code","UNIQUE","organization_id, code","Business key must be unique within its intended scope.","","UNIQUE KEY `uk_chart_presets_org_code` (`organization_id`, `code`)"
"CON-00500","chart_presets","fk_chart_presets_organization_id","FOREIGN KEY","organization_id","Must reference organizations.id.","","FOREIGN KEY (`organization_id`) REFERENCES `organizations` (`id`)"
"CON-00501","chart_presets","fk_chart_presets_status_changed_by","FOREIGN KEY","status_changed_by","Must reference user_profiles.id.","","FOREIGN KEY (`status_changed_by`) REFERENCES `user_profiles` (`id`)"
"CON-00502","chart_presets","fk_chart_presets_created_by","FOREIGN KEY","created_by","Must reference user_profiles.id.","","FOREIGN KEY (`created_by`) REFERENCES `user_profiles` (`id`)"
"CON-00503","chart_presets","fk_chart_presets_updated_by","FOREIGN KEY","updated_by","Must reference user_profiles.id.","","FOREIGN KEY (`updated_by`) REFERENCES `user_profiles` (`id`)"
"CON-00504","chart_presets","fk_chart_presets_deleted_by","FOREIGN KEY","deleted_by","Must reference user_profiles.id.","","FOREIGN KEY (`deleted_by`) REFERENCES `user_profiles` (`id`)"
"CON-00505","chart_presets","fk_chart_presets_chart_type_id","FOREIGN KEY","chart_type_id","Must reference chart_types.id.","","FOREIGN KEY (`chart_type_id`) REFERENCES `chart_types` (`id`)"
"CON-00506","chart_presets","fk_chart_presets_owner_user_id","FOREIGN KEY","owner_user_id","Must reference user_profiles.id.","","FOREIGN KEY (`owner_user_id`) REFERENCES `user_profiles` (`id`)"
"CON-00507","chart_presets","chk_chart_presets_status","CHECK","status","Allowed values: draft, active, inactive, archived, deleted","","CHECK (`status` IN ('draft', 'active', 'inactive', 'archived', 'deleted'))"
"CON-00508","chart_presets","chk_chart_presets_metadata_json_json","JSON VALIDATION","metadata_json","JSON column must contain valid JSON.","","CHECK (JSON_VALID(`metadata_json`))"
"CON-00509","chart_presets","chk_chart_presets_preset_json_json","JSON VALIDATION","preset_json","JSON column must contain valid JSON.","","CHECK (JSON_VALID(`preset_json`))"
"CON-00510","chart_theme_presets","pk_chart_theme_presets","PRIMARY KEY","id","Every table has a surrogate primary key.","","PRIMARY KEY (`id`)"
"CON-00511","chart_theme_presets","uk_chart_theme_presets_org_code","UNIQUE","organization_id, code","Business key must be unique within its intended scope.","","UNIQUE KEY `uk_chart_theme_presets_org_code` (`organization_id`, `code`)"
"CON-00512","chart_theme_presets","fk_chart_theme_presets_organization_id","FOREIGN KEY","organization_id","Must reference organizations.id.","","FOREIGN KEY (`organization_id`) REFERENCES `organizations` (`id`)"
"CON-00513","chart_theme_presets","fk_chart_theme_presets_status_changed_by","FOREIGN KEY","status_changed_by","Must reference user_profiles.id.","","FOREIGN KEY (`status_changed_by`) REFERENCES `user_profiles` (`id`)"
"CON-00514","chart_theme_presets","fk_chart_theme_presets_created_by","FOREIGN KEY","created_by","Must reference user_profiles.id.","","FOREIGN KEY (`created_by`) REFERENCES `user_profiles` (`id`)"
"CON-00515","chart_theme_presets","fk_chart_theme_presets_updated_by","FOREIGN KEY","updated_by","Must reference user_profiles.id.","","FOREIGN KEY (`updated_by`) REFERENCES `user_profiles` (`id`)"
"CON-00516","chart_theme_presets","fk_chart_theme_presets_deleted_by","FOREIGN KEY","deleted_by","Must reference user_profiles.id.","","FOREIGN KEY (`deleted_by`) REFERENCES `user_profiles` (`id`)"
"CON-00517","chart_theme_presets","chk_chart_theme_presets_status","CHECK","status","Allowed values: draft, active, inactive, archived, deleted","","CHECK (`status` IN ('draft', 'active', 'inactive', 'archived', 'deleted'))"
"CON-00518","chart_theme_presets","chk_chart_theme_presets_metadata_json_json","JSON VALIDATION","metadata_json","JSON column must contain valid JSON.","","CHECK (JSON_VALID(`metadata_json`))"
"CON-00519","chart_theme_presets","chk_chart_theme_presets_palette_json_json","JSON VALIDATION","palette_json","JSON column must contain valid JSON.","","CHECK (JSON_VALID(`palette_json`))"
"CON-00520","chart_theme_presets","chk_chart_theme_presets_typography_json_json","JSON VALIDATION","typography_json","JSON column must contain valid JSON.","","CHECK (JSON_VALID(`typography_json`))"
"CON-00521","charts","pk_charts","PRIMARY KEY","id","Every table has a surrogate primary key.","","PRIMARY KEY (`id`)"
"CON-00522","charts","uk_charts_organization_id_project_id_name","UNIQUE","organization_id, project_id, name","Business key must be unique within its intended scope.","","UNIQUE KEY `uk_charts_organization_id_project_id_name` (`organization_id`, `project_id`, `name`)"
"CON-00523","charts","fk_charts_organization_id","FOREIGN KEY","organization_id","Must reference organizations.id.","","FOREIGN KEY (`organization_id`) REFERENCES `organizations` (`id`)"
"CON-00524","charts","fk_charts_branch_id","FOREIGN KEY","branch_id","Must reference branches.id.","","FOREIGN KEY (`branch_id`) REFERENCES `branches` (`id`)"
"CON-00525","charts","fk_charts_project_id","FOREIGN KEY","project_id","Must reference bi_projects.id.","","FOREIGN KEY (`project_id`) REFERENCES `bi_projects` (`id`)"
"CON-00526","charts","fk_charts_status_changed_by","FOREIGN KEY","status_changed_by","Must reference user_profiles.id.","","FOREIGN KEY (`status_changed_by`) REFERENCES `user_profiles` (`id`)"
"CON-00527","charts","fk_charts_created_by","FOREIGN KEY","created_by","Must reference user_profiles.id.","","FOREIGN KEY (`created_by`) REFERENCES `user_profiles` (`id`)"
"CON-00528","charts","fk_charts_updated_by","FOREIGN KEY","updated_by","Must reference user_profiles.id.","","FOREIGN KEY (`updated_by`) REFERENCES `user_profiles` (`id`)"
"CON-00529","charts","fk_charts_deleted_by","FOREIGN KEY","deleted_by","Must reference user_profiles.id.","","FOREIGN KEY (`deleted_by`) REFERENCES `user_profiles` (`id`)"
"CON-00530","charts","fk_charts_chart_type_id","FOREIGN KEY","chart_type_id","Must reference chart_types.id.","","FOREIGN KEY (`chart_type_id`) REFERENCES `chart_types` (`id`)"
"CON-00531","charts","fk_charts_dataset_id","FOREIGN KEY","dataset_id","Must reference datasets.id.","","FOREIGN KEY (`dataset_id`) REFERENCES `datasets` (`id`)"
"CON-00532","charts","fk_charts_sql_query_id","FOREIGN KEY","sql_query_id","Must reference sql_queries.id.","","FOREIGN KEY (`sql_query_id`) REFERENCES `sql_queries` (`id`)"
"CON-00533","charts","chk_charts_status","CHECK","status","Allowed values: draft, active, inactive, archived, deleted","","CHECK (`status` IN ('draft', 'active', 'inactive', 'archived', 'deleted'))"
"CON-00534","charts","chk_charts_source_type","CHECK","source_type","Allowed values: demo, demo-sql, api, database, csv, excel, google-sheets","","CHECK (`source_type` IN ('demo', 'demo-sql', 'api', 'database', 'csv', 'excel', 'google-sheets'))"
"CON-00535","charts","chk_charts_metadata_json_json","JSON VALIDATION","metadata_json","JSON column must contain valid JSON.","","CHECK (JSON_VALID(`metadata_json`))"
"CON-00536","charts","chk_charts_config_json_json","JSON VALIDATION","config_json","JSON column must contain valid JSON.","","CHECK (JSON_VALID(`config_json`))"
"CON-00537","chart_versions","pk_chart_versions","PRIMARY KEY","id","Every table has a surrogate primary key.","","PRIMARY KEY (`id`)"
"CON-00538","chart_versions","uk_chart_versions_organization_id_chart_id_version_no","UNIQUE","organization_id, chart_id, version_no","Business key must be unique within its intended scope.","","UNIQUE KEY `uk_chart_versions_organization_id_chart_id_version_no` (`organization_id`, `chart_id`, `version_no`)"
"CON-00539","chart_versions","fk_chart_versions_organization_id","FOREIGN KEY","organization_id","Must reference organizations.id.","","FOREIGN KEY (`organization_id`) REFERENCES `organizations` (`id`)"
"CON-00540","chart_versions","fk_chart_versions_created_by","FOREIGN KEY","created_by","Must reference user_profiles.id.","","FOREIGN KEY (`created_by`) REFERENCES `user_profiles` (`id`)"
"CON-00541","chart_versions","fk_chart_versions_updated_by","FOREIGN KEY","updated_by","Must reference user_profiles.id.","","FOREIGN KEY (`updated_by`) REFERENCES `user_profiles` (`id`)"
"CON-00542","chart_versions","fk_chart_versions_chart_id","FOREIGN KEY","chart_id","Must reference charts.id.","","FOREIGN KEY (`chart_id`) REFERENCES `charts` (`id`)"
"CON-00543","chart_versions","chk_chart_versions_metadata_json_json","JSON VALIDATION","metadata_json","JSON column must contain valid JSON.","","CHECK (JSON_VALID(`metadata_json`))"
"CON-00544","chart_versions","chk_chart_versions_chart_snapshot_json_json","JSON VALIDATION","chart_snapshot_json","JSON column must contain valid JSON.","","CHECK (JSON_VALID(`chart_snapshot_json`))"
"CON-00590","chart_analytics_overlays","pk_chart_analytics_overlays","PRIMARY KEY","id","Every table has a surrogate primary key.","","PRIMARY KEY (`id`)"
"CON-00591","chart_analytics_overlays","fk_chart_analytics_overlays_organization_id","FOREIGN KEY","organization_id","Must reference organizations.id.","","FOREIGN KEY (`organization_id`) REFERENCES `organizations` (`id`)"
"CON-00592","chart_analytics_overlays","fk_chart_analytics_overlays_status_changed_by","FOREIGN KEY","status_changed_by","Must reference user_profiles.id.","","FOREIGN KEY (`status_changed_by`) REFERENCES `user_profiles` (`id`)"
"CON-00593","chart_analytics_overlays","fk_chart_analytics_overlays_created_by","FOREIGN KEY","created_by","Must reference user_profiles.id.","","FOREIGN KEY (`created_by`) REFERENCES `user_profiles` (`id`)"
"CON-00594","chart_analytics_overlays","fk_chart_analytics_overlays_updated_by","FOREIGN KEY","updated_by","Must reference user_profiles.id.","","FOREIGN KEY (`updated_by`) REFERENCES `user_profiles` (`id`)"
"CON-00595","chart_analytics_overlays","fk_chart_analytics_overlays_deleted_by","FOREIGN KEY","deleted_by","Must reference user_profiles.id.","","FOREIGN KEY (`deleted_by`) REFERENCES `user_profiles` (`id`)"
"CON-00596","chart_analytics_overlays","fk_chart_analytics_overlays_chart_id","FOREIGN KEY","chart_id","Must reference charts.id.","","FOREIGN KEY (`chart_id`) REFERENCES `charts` (`id`)"
"CON-00597","chart_analytics_overlays","chk_chart_analytics_overlays_status","CHECK","status","Allowed values: draft, active, inactive, archived, deleted","","CHECK (`status` IN ('draft', 'active', 'inactive', 'archived', 'deleted'))"
"CON-00598","chart_analytics_overlays","chk_chart_analytics_overlays_overlay_config_json_json","JSON VALIDATION","overlay_config_json","JSON column must contain valid JSON.","","CHECK (JSON_VALID(`overlay_config_json`))"
"CON-00599","chart_analytics_overlays","chk_chart_analytics_overlays_numeric_value_nonneg","NUMERIC CHECK","numeric_value","Numeric business measures should be non-negative unless explicitly documented.","","CHECK (`numeric_value` IS NULL OR `numeric_value` >= 0)"
"CON-00600","data_source_types","pk_data_source_types","PRIMARY KEY","id","Every table has a surrogate primary key.","","PRIMARY KEY (`id`)"
"CON-00601","data_source_types","uk_data_source_types_code","UNIQUE","code","Business key must be unique within its intended scope.","","UNIQUE KEY `uk_data_source_types_code` (`code`)"
"CON-00602","data_source_types","fk_data_source_types_status_changed_by","FOREIGN KEY","status_changed_by","Must reference user_profiles.id.","","FOREIGN KEY (`status_changed_by`) REFERENCES `user_profiles` (`id`)"
"CON-00603","data_source_types","fk_data_source_types_created_by","FOREIGN KEY","created_by","Must reference user_profiles.id.","","FOREIGN KEY (`created_by`) REFERENCES `user_profiles` (`id`)"
"CON-00604","data_source_types","fk_data_source_types_updated_by","FOREIGN KEY","updated_by","Must reference user_profiles.id.","","FOREIGN KEY (`updated_by`) REFERENCES `user_profiles` (`id`)"
"CON-00605","data_source_types","fk_data_source_types_deleted_by","FOREIGN KEY","deleted_by","Must reference user_profiles.id.","","FOREIGN KEY (`deleted_by`) REFERENCES `user_profiles` (`id`)"
"CON-00606","data_source_types","chk_data_source_types_status","CHECK","status","Allowed values: draft, active, inactive, archived, deleted","","CHECK (`status` IN ('draft', 'active', 'inactive', 'archived', 'deleted'))"
"CON-00607","data_source_types","chk_data_source_types_connection_mode","CHECK","connection_mode","Allowed values: host, file, sheet, upload, connectionString","","CHECK (`connection_mode` IN ('host', 'file', 'sheet', 'upload', 'connectionString'))"
"CON-00608","data_source_types","chk_data_source_types_metadata_json_json","JSON VALIDATION","metadata_json","JSON column must contain valid JSON.","","CHECK (JSON_VALID(`metadata_json`))"
"CON-00609","data_source_types","chk_data_source_types_capabilities_json_json","JSON VALIDATION","capabilities_json","JSON column must contain valid JSON.","","CHECK (JSON_VALID(`capabilities_json`))"
"CON-00610","data_source_connections","pk_data_source_connections","PRIMARY KEY","id","Every table has a surrogate primary key.","","PRIMARY KEY (`id`)"
"CON-00611","data_source_connections","uk_data_source_connections_org_code","UNIQUE","organization_id, code","Business key must be unique within its intended scope.","","UNIQUE KEY `uk_data_source_connections_org_code` (`organization_id`, `code`)"
"CON-00612","data_source_connections","fk_data_source_connections_organization_id","FOREIGN KEY","organization_id","Must reference organizations.id.","","FOREIGN KEY (`organization_id`) REFERENCES `organizations` (`id`)"
"CON-00613","data_source_connections","fk_data_source_connections_branch_id","FOREIGN KEY","branch_id","Must reference branches.id.","","FOREIGN KEY (`branch_id`) REFERENCES `branches` (`id`)"
"CON-00614","data_source_connections","fk_data_source_connections_status_changed_by","FOREIGN KEY","status_changed_by","Must reference user_profiles.id.","","FOREIGN KEY (`status_changed_by`) REFERENCES `user_profiles` (`id`)"
"CON-00615","data_source_connections","fk_data_source_connections_created_by","FOREIGN KEY","created_by","Must reference user_profiles.id.","","FOREIGN KEY (`created_by`) REFERENCES `user_profiles` (`id`)"
"CON-00616","data_source_connections","fk_data_source_connections_updated_by","FOREIGN KEY","updated_by","Must reference user_profiles.id.","","FOREIGN KEY (`updated_by`) REFERENCES `user_profiles` (`id`)"
"CON-00617","data_source_connections","fk_data_source_connections_deleted_by","FOREIGN KEY","deleted_by","Must reference user_profiles.id.","","FOREIGN KEY (`deleted_by`) REFERENCES `user_profiles` (`id`)"
"CON-00618","data_source_connections","fk_data_source_connections_data_source_type_id","FOREIGN KEY","data_source_type_id","Must reference data_source_types.id.","","FOREIGN KEY (`data_source_type_id`) REFERENCES `data_source_types` (`id`)"
"CON-00619","data_source_connections","chk_data_source_connections_status","CHECK","status","Allowed values: draft, active, inactive, archived, deleted","","CHECK (`status` IN ('draft', 'active', 'inactive', 'archived', 'deleted'))"
"CON-00620","data_source_connections","chk_data_source_connections_auth_type","CHECK","auth_type","Allowed values: none, username-password, token, oauth, service-account","","CHECK (`auth_type` IN ('none', 'username-password', 'token', 'oauth', 'service-account'))"
"CON-00621","data_source_connections","chk_data_source_connections_connection_mode","CHECK","connection_mode","Allowed values: host, file, sheet, upload, connectionString","","CHECK (`connection_mode` IN ('host', 'file', 'sheet', 'upload', 'connectionString'))"
"CON-00622","data_source_connections","chk_data_source_connections_connection_type","CHECK","connection_type","Allowed values: postgresql, mysql, mariadb, sqlserver, sqlite, oracle, mongodb, google-sheets, csv-excel","","CHECK (`connection_type` IN ('postgresql', 'mysql', 'mariadb', 'sqlserver', 'sqlite', 'oracle', 'mongodb', 'google-sheets', 'csv-excel'))"
"CON-00623","data_source_connections","chk_data_source_connections_metadata_json_json","JSON VALIDATION","metadata_json","JSON column must contain valid JSON.","","CHECK (JSON_VALID(`metadata_json`))"
"CON-00624","data_source_connection_options","pk_data_source_connection_options","PRIMARY KEY","id","Every table has a surrogate primary key.","","PRIMARY KEY (`id`)"
"CON-00625","data_source_connection_options","uk_data_source_connection_options_organization_id_connection","UNIQUE","organization_id, connection_id, option_group, option_key","Business key must be unique within its intended scope.","","UNIQUE KEY `uk_data_source_connection_options_organization_id_connection` (`organization_id`, `connection_id`, `option_group`, `option_key`)"
"CON-00626","data_source_connection_options","fk_data_source_connection_options_organization_id","FOREIGN KEY","organization_id","Must reference organizations.id.","","FOREIGN KEY (`organization_id`) REFERENCES `organizations` (`id`)"
"CON-00627","data_source_connection_options","fk_data_source_connection_options_status_changed_by","FOREIGN KEY","status_changed_by","Must reference user_profiles.id.","","FOREIGN KEY (`status_changed_by`) REFERENCES `user_profiles` (`id`)"
"CON-00628","data_source_connection_options","fk_data_source_connection_options_created_by","FOREIGN KEY","created_by","Must reference user_profiles.id.","","FOREIGN KEY (`created_by`) REFERENCES `user_profiles` (`id`)"
"CON-00629","data_source_connection_options","fk_data_source_connection_options_updated_by","FOREIGN KEY","updated_by","Must reference user_profiles.id.","","FOREIGN KEY (`updated_by`) REFERENCES `user_profiles` (`id`)"
"CON-00630","data_source_connection_options","fk_data_source_connection_options_deleted_by","FOREIGN KEY","deleted_by","Must reference user_profiles.id.","","FOREIGN KEY (`deleted_by`) REFERENCES `user_profiles` (`id`)"
"CON-00631","data_source_connection_options","fk_data_source_connection_options_connection_id","FOREIGN KEY","connection_id","Must reference data_source_connections.id.","","FOREIGN KEY (`connection_id`) REFERENCES `data_source_connections` (`id`)"
"CON-00632","data_source_connection_options","chk_data_source_connection_options_status","CHECK","status","Allowed values: draft, active, inactive, archived, deleted","","CHECK (`status` IN ('draft', 'active', 'inactive', 'archived', 'deleted'))"
"CON-00633","data_source_connection_options","chk_data_source_connection_options_metadata_json_json","JSON VALIDATION","metadata_json","JSON column must contain valid JSON.","","CHECK (JSON_VALID(`metadata_json`))"
"CON-00634","data_source_connection_options","chk_data_source_connection_options_option_value_json_json","JSON VALIDATION","option_value_json","JSON column must contain valid JSON.","","CHECK (JSON_VALID(`option_value_json`))"
"CON-00635","data_source_secret_references","pk_data_source_secret_references","PRIMARY KEY","id","Every table has a surrogate primary key.","","PRIMARY KEY (`id`)"
"CON-00636","data_source_secret_references","uk_data_source_secret_references_organization_id_connection_","UNIQUE","organization_id, connection_id, secret_purpose","Business key must be unique within its intended scope.","","UNIQUE KEY `uk_data_source_secret_references_organization_id_connection_` (`organization_id`, `connection_id`, `secret_purpose`)"
"CON-00637","data_source_secret_references","fk_data_source_secret_references_organization_id","FOREIGN KEY","organization_id","Must reference organizations.id.","","FOREIGN KEY (`organization_id`) REFERENCES `organizations` (`id`)"
"CON-00638","data_source_secret_references","fk_data_source_secret_references_status_changed_by","FOREIGN KEY","status_changed_by","Must reference user_profiles.id.","","FOREIGN KEY (`status_changed_by`) REFERENCES `user_profiles` (`id`)"
"CON-00639","data_source_secret_references","fk_data_source_secret_references_created_by","FOREIGN KEY","created_by","Must reference user_profiles.id.","","FOREIGN KEY (`created_by`) REFERENCES `user_profiles` (`id`)"
"CON-00640","data_source_secret_references","fk_data_source_secret_references_updated_by","FOREIGN KEY","updated_by","Must reference user_profiles.id.","","FOREIGN KEY (`updated_by`) REFERENCES `user_profiles` (`id`)"
"CON-00641","data_source_secret_references","fk_data_source_secret_references_deleted_by","FOREIGN KEY","deleted_by","Must reference user_profiles.id.","","FOREIGN KEY (`deleted_by`) REFERENCES `user_profiles` (`id`)"
"CON-00642","data_source_secret_references","fk_data_source_secret_references_connection_id","FOREIGN KEY","connection_id","Must reference data_source_connections.id.","","FOREIGN KEY (`connection_id`) REFERENCES `data_source_connections` (`id`)"
"CON-00643","data_source_secret_references","chk_data_source_secret_references_status","CHECK","status","Allowed values: draft, active, inactive, archived, deleted","","CHECK (`status` IN ('draft', 'active', 'inactive', 'archived', 'deleted'))"
"CON-00644","data_source_test_runs","pk_data_source_test_runs","PRIMARY KEY","id","Every table has a surrogate primary key.","","PRIMARY KEY (`id`)"
"CON-00645","data_source_test_runs","fk_data_source_test_runs_organization_id","FOREIGN KEY","organization_id","Must reference organizations.id.","","FOREIGN KEY (`organization_id`) REFERENCES `organizations` (`id`)"
"CON-00646","data_source_test_runs","fk_data_source_test_runs_status_changed_by","FOREIGN KEY","status_changed_by","Must reference user_profiles.id.","","FOREIGN KEY (`status_changed_by`) REFERENCES `user_profiles` (`id`)"
"CON-00647","data_source_test_runs","fk_data_source_test_runs_created_by","FOREIGN KEY","created_by","Must reference user_profiles.id.","","FOREIGN KEY (`created_by`) REFERENCES `user_profiles` (`id`)"
"CON-00648","data_source_test_runs","fk_data_source_test_runs_updated_by","FOREIGN KEY","updated_by","Must reference user_profiles.id.","","FOREIGN KEY (`updated_by`) REFERENCES `user_profiles` (`id`)"
"CON-00649","data_source_test_runs","fk_data_source_test_runs_connection_id","FOREIGN KEY","connection_id","Must reference data_source_connections.id.","","FOREIGN KEY (`connection_id`) REFERENCES `data_source_connections` (`id`)"
"CON-00650","data_source_test_runs","chk_data_source_test_runs_status","CHECK","status","Allowed values: queued, running, success, failed, cancelled, partial","","CHECK (`status` IN ('queued', 'running', 'success', 'failed', 'cancelled', 'partial'))"
"CON-00651","data_source_test_runs","chk_data_source_test_runs_metadata_json_json","JSON VALIDATION","metadata_json","JSON column must contain valid JSON.","","CHECK (JSON_VALID(`metadata_json`))"
"CON-00652","data_source_schemas","pk_data_source_schemas","PRIMARY KEY","id","Every table has a surrogate primary key.","","PRIMARY KEY (`id`)"
"CON-00653","data_source_schemas","uk_data_source_schemas_organization_id_connection_id_schema_","UNIQUE","organization_id, connection_id, schema_name","Business key must be unique within its intended scope.","","UNIQUE KEY `uk_data_source_schemas_organization_id_connection_id_schema_` (`organization_id`, `connection_id`, `schema_name`)"
"CON-00654","data_source_schemas","fk_data_source_schemas_organization_id","FOREIGN KEY","organization_id","Must reference organizations.id.","","FOREIGN KEY (`organization_id`) REFERENCES `organizations` (`id`)"
"CON-00655","data_source_schemas","fk_data_source_schemas_status_changed_by","FOREIGN KEY","status_changed_by","Must reference user_profiles.id.","","FOREIGN KEY (`status_changed_by`) REFERENCES `user_profiles` (`id`)"
"CON-00656","data_source_schemas","fk_data_source_schemas_created_by","FOREIGN KEY","created_by","Must reference user_profiles.id.","","FOREIGN KEY (`created_by`) REFERENCES `user_profiles` (`id`)"
"CON-00657","data_source_schemas","fk_data_source_schemas_updated_by","FOREIGN KEY","updated_by","Must reference user_profiles.id.","","FOREIGN KEY (`updated_by`) REFERENCES `user_profiles` (`id`)"
"CON-00658","data_source_schemas","fk_data_source_schemas_deleted_by","FOREIGN KEY","deleted_by","Must reference user_profiles.id.","","FOREIGN KEY (`deleted_by`) REFERENCES `user_profiles` (`id`)"
"CON-00659","data_source_schemas","fk_data_source_schemas_connection_id","FOREIGN KEY","connection_id","Must reference data_source_connections.id.","","FOREIGN KEY (`connection_id`) REFERENCES `data_source_connections` (`id`)"
"CON-00660","data_source_schemas","chk_data_source_schemas_status","CHECK","status","Allowed values: draft, active, inactive, archived, deleted","","CHECK (`status` IN ('draft', 'active', 'inactive', 'archived', 'deleted'))"
"CON-00661","data_source_tables","pk_data_source_tables","PRIMARY KEY","id","Every table has a surrogate primary key.","","PRIMARY KEY (`id`)"
"CON-00662","data_source_tables","uk_data_source_tables_organization_id_schema_id_table_name_o","UNIQUE","organization_id, schema_id, table_name, object_type","Business key must be unique within its intended scope.","","UNIQUE KEY `uk_data_source_tables_organization_id_schema_id_table_name_o` (`organization_id`, `schema_id`, `table_name`, `object_type`)"
"CON-00663","data_source_tables","fk_data_source_tables_organization_id","FOREIGN KEY","organization_id","Must reference organizations.id.","","FOREIGN KEY (`organization_id`) REFERENCES `organizations` (`id`)"
"CON-00664","data_source_tables","fk_data_source_tables_status_changed_by","FOREIGN KEY","status_changed_by","Must reference user_profiles.id.","","FOREIGN KEY (`status_changed_by`) REFERENCES `user_profiles` (`id`)"
"CON-00665","data_source_tables","fk_data_source_tables_created_by","FOREIGN KEY","created_by","Must reference user_profiles.id.","","FOREIGN KEY (`created_by`) REFERENCES `user_profiles` (`id`)"
"CON-00666","data_source_tables","fk_data_source_tables_updated_by","FOREIGN KEY","updated_by","Must reference user_profiles.id.","","FOREIGN KEY (`updated_by`) REFERENCES `user_profiles` (`id`)"
"CON-00667","data_source_tables","fk_data_source_tables_deleted_by","FOREIGN KEY","deleted_by","Must reference user_profiles.id.","","FOREIGN KEY (`deleted_by`) REFERENCES `user_profiles` (`id`)"
"CON-00668","data_source_tables","fk_data_source_tables_schema_id","FOREIGN KEY","schema_id","Must reference data_source_schemas.id.","","FOREIGN KEY (`schema_id`) REFERENCES `data_source_schemas` (`id`)"
"CON-00669","data_source_tables","chk_data_source_tables_status","CHECK","status","Allowed values: draft, active, inactive, archived, deleted","","CHECK (`status` IN ('draft', 'active', 'inactive', 'archived', 'deleted'))"
"CON-00670","data_source_tables","chk_data_source_tables_estimated_row_count_nonneg","NUMERIC CHECK","estimated_row_count","Numeric business measures should be non-negative unless explicitly documented.","","CHECK (`estimated_row_count` IS NULL OR `estimated_row_count` >= 0)"
"CON-00671","data_source_columns","pk_data_source_columns","PRIMARY KEY","id","Every table has a surrogate primary key.","","PRIMARY KEY (`id`)"
"CON-00672","data_source_columns","uk_data_source_columns_organization_id_source_table_id_colum","UNIQUE","organization_id, source_table_id, column_name","Business key must be unique within its intended scope.","","UNIQUE KEY `uk_data_source_columns_organization_id_source_table_id_colum` (`organization_id`, `source_table_id`, `column_name`)"
"CON-00673","data_source_columns","fk_data_source_columns_organization_id","FOREIGN KEY","organization_id","Must reference organizations.id.","","FOREIGN KEY (`organization_id`) REFERENCES `organizations` (`id`)"
"CON-00674","data_source_columns","fk_data_source_columns_status_changed_by","FOREIGN KEY","status_changed_by","Must reference user_profiles.id.","","FOREIGN KEY (`status_changed_by`) REFERENCES `user_profiles` (`id`)"
"CON-00675","data_source_columns","fk_data_source_columns_created_by","FOREIGN KEY","created_by","Must reference user_profiles.id.","","FOREIGN KEY (`created_by`) REFERENCES `user_profiles` (`id`)"
"CON-00676","data_source_columns","fk_data_source_columns_updated_by","FOREIGN KEY","updated_by","Must reference user_profiles.id.","","FOREIGN KEY (`updated_by`) REFERENCES `user_profiles` (`id`)"
"CON-00677","data_source_columns","fk_data_source_columns_deleted_by","FOREIGN KEY","deleted_by","Must reference user_profiles.id.","","FOREIGN KEY (`deleted_by`) REFERENCES `user_profiles` (`id`)"
"CON-00678","data_source_columns","fk_data_source_columns_source_table_id","FOREIGN KEY","source_table_id","Must reference data_source_tables.id.","","FOREIGN KEY (`source_table_id`) REFERENCES `data_source_tables` (`id`)"
"CON-00679","data_source_columns","chk_data_source_columns_status","CHECK","status","Allowed values: draft, active, inactive, archived, deleted","","CHECK (`status` IN ('draft', 'active', 'inactive', 'archived', 'deleted'))"
"CON-00680","data_source_columns","chk_data_source_columns_field_type","CHECK","field_type","Allowed values: date, number, text, boolean, currency, percentage, geography","","CHECK (`field_type` IN ('date', 'number', 'text', 'boolean', 'currency', 'percentage', 'geography'))"
"CON-00681","data_source_columns","chk_data_source_columns_semantic_type","CHECK","semantic_type","Allowed values: measure, dimension, date, identifier, geography, currency, percentage","","CHECK (`semantic_type` IN ('measure', 'dimension', 'date', 'identifier', 'geography', 'currency', 'percentage'))"
"CON-00682","data_source_columns","chk_data_source_columns_profile_json_json","JSON VALIDATION","profile_json","JSON column must contain valid JSON.","","CHECK (JSON_VALID(`profile_json`))"
"CON-00683","datasets","pk_datasets","PRIMARY KEY","id","Every table has a surrogate primary key.","","PRIMARY KEY (`id`)"
"CON-00684","datasets","uk_datasets_organization_id_project_id_name","UNIQUE","organization_id, project_id, name","Business key must be unique within its intended scope.","","UNIQUE KEY `uk_datasets_organization_id_project_id_name` (`organization_id`, `project_id`, `name`)"
"CON-00685","datasets","fk_datasets_organization_id","FOREIGN KEY","organization_id","Must reference organizations.id.","","FOREIGN KEY (`organization_id`) REFERENCES `organizations` (`id`)"
"CON-00686","datasets","fk_datasets_branch_id","FOREIGN KEY","branch_id","Must reference branches.id.","","FOREIGN KEY (`branch_id`) REFERENCES `branches` (`id`)"
"CON-00687","datasets","fk_datasets_project_id","FOREIGN KEY","project_id","Must reference bi_projects.id.","","FOREIGN KEY (`project_id`) REFERENCES `bi_projects` (`id`)"
"CON-00688","datasets","fk_datasets_status_changed_by","FOREIGN KEY","status_changed_by","Must reference user_profiles.id.","","FOREIGN KEY (`status_changed_by`) REFERENCES `user_profiles` (`id`)"
"CON-00689","datasets","fk_datasets_created_by","FOREIGN KEY","created_by","Must reference user_profiles.id.","","FOREIGN KEY (`created_by`) REFERENCES `user_profiles` (`id`)"
"CON-00690","datasets","fk_datasets_updated_by","FOREIGN KEY","updated_by","Must reference user_profiles.id.","","FOREIGN KEY (`updated_by`) REFERENCES `user_profiles` (`id`)"
"CON-00691","datasets","fk_datasets_deleted_by","FOREIGN KEY","deleted_by","Must reference user_profiles.id.","","FOREIGN KEY (`deleted_by`) REFERENCES `user_profiles` (`id`)"
"CON-00692","datasets","fk_datasets_connection_id","FOREIGN KEY","connection_id","Must reference data_source_connections.id.","","FOREIGN KEY (`connection_id`) REFERENCES `data_source_connections` (`id`)"
"CON-00693","datasets","chk_datasets_status","CHECK","status","Allowed values: draft, active, inactive, archived, deleted","","CHECK (`status` IN ('draft', 'active', 'inactive', 'archived', 'deleted'))"
"CON-00694","datasets","chk_datasets_source_type","CHECK","source_type","Allowed values: demo, demo-sql, api, database, csv, excel, google-sheets","","CHECK (`source_type` IN ('demo', 'demo-sql', 'api', 'database', 'csv', 'excel', 'google-sheets'))"
"CON-00695","datasets","chk_datasets_metadata_json_json","JSON VALIDATION","metadata_json","JSON column must contain valid JSON.","","CHECK (JSON_VALID(`metadata_json`))"
"CON-00696","datasets","chk_datasets_column_count_nonneg","NUMERIC CHECK","column_count","Numeric business measures should be non-negative unless explicitly documented.","","CHECK (`column_count` IS NULL OR `column_count` >= 0)"
"CON-00697","datasets","chk_datasets_row_count_nonneg","NUMERIC CHECK","row_count","Numeric business measures should be non-negative unless explicitly documented.","","CHECK (`row_count` IS NULL OR `row_count` >= 0)"
"CON-00698","dataset_versions","pk_dataset_versions","PRIMARY KEY","id","Every table has a surrogate primary key.","","PRIMARY KEY (`id`)"
"CON-00699","dataset_versions","uk_dataset_versions_organization_id_dataset_id_version_no","UNIQUE","organization_id, dataset_id, version_no","Business key must be unique within its intended scope.","","UNIQUE KEY `uk_dataset_versions_organization_id_dataset_id_version_no` (`organization_id`, `dataset_id`, `version_no`)"
"CON-00700","dataset_versions","fk_dataset_versions_organization_id","FOREIGN KEY","organization_id","Must reference organizations.id.","","FOREIGN KEY (`organization_id`) REFERENCES `organizations` (`id`)"
"CON-00701","dataset_versions","fk_dataset_versions_status_changed_by","FOREIGN KEY","status_changed_by","Must reference user_profiles.id.","","FOREIGN KEY (`status_changed_by`) REFERENCES `user_profiles` (`id`)"
"CON-00702","dataset_versions","fk_dataset_versions_created_by","FOREIGN KEY","created_by","Must reference user_profiles.id.","","FOREIGN KEY (`created_by`) REFERENCES `user_profiles` (`id`)"
"CON-00703","dataset_versions","fk_dataset_versions_updated_by","FOREIGN KEY","updated_by","Must reference user_profiles.id.","","FOREIGN KEY (`updated_by`) REFERENCES `user_profiles` (`id`)"
"CON-00704","dataset_versions","fk_dataset_versions_deleted_by","FOREIGN KEY","deleted_by","Must reference user_profiles.id.","","FOREIGN KEY (`deleted_by`) REFERENCES `user_profiles` (`id`)"
"CON-00705","dataset_versions","fk_dataset_versions_dataset_id","FOREIGN KEY","dataset_id","Must reference datasets.id.","","FOREIGN KEY (`dataset_id`) REFERENCES `datasets` (`id`)"
"CON-00706","dataset_versions","fk_dataset_versions_source_file_id","FOREIGN KEY","source_file_id","Must reference files.id.","","FOREIGN KEY (`source_file_id`) REFERENCES `files` (`id`)"
"CON-00707","dataset_versions","chk_dataset_versions_status","CHECK","status","Allowed values: draft, active, inactive, archived, deleted","","CHECK (`status` IN ('draft', 'active', 'inactive', 'archived', 'deleted'))"
"CON-00708","dataset_versions","chk_dataset_versions_metadata_json_json","JSON VALIDATION","metadata_json","JSON column must contain valid JSON.","","CHECK (JSON_VALID(`metadata_json`))"
"CON-00709","dataset_versions","chk_dataset_versions_schema_snapshot_json_json","JSON VALIDATION","schema_snapshot_json","JSON column must contain valid JSON.","","CHECK (JSON_VALID(`schema_snapshot_json`))"
"CON-00710","dataset_versions","chk_dataset_versions_column_count_nonneg","NUMERIC CHECK","column_count","Numeric business measures should be non-negative unless explicitly documented.","","CHECK (`column_count` IS NULL OR `column_count` >= 0)"
"CON-00711","dataset_versions","chk_dataset_versions_row_count_nonneg","NUMERIC CHECK","row_count","Numeric business measures should be non-negative unless explicitly documented.","","CHECK (`row_count` IS NULL OR `row_count` >= 0)"
"CON-00712","dataset_fields","pk_dataset_fields","PRIMARY KEY","id","Every table has a surrogate primary key.","","PRIMARY KEY (`id`)"
"CON-00713","dataset_fields","uk_dataset_fields_organization_id_dataset_id_field_name","UNIQUE","organization_id, dataset_id, field_name","Business key must be unique within its intended scope.","","UNIQUE KEY `uk_dataset_fields_organization_id_dataset_id_field_name` (`organization_id`, `dataset_id`, `field_name`)"
"CON-00714","dataset_fields","fk_dataset_fields_organization_id","FOREIGN KEY","organization_id","Must reference organizations.id.","","FOREIGN KEY (`organization_id`) REFERENCES `organizations` (`id`)"
"CON-00715","dataset_fields","fk_dataset_fields_status_changed_by","FOREIGN KEY","status_changed_by","Must reference user_profiles.id.","","FOREIGN KEY (`status_changed_by`) REFERENCES `user_profiles` (`id`)"
"CON-00716","dataset_fields","fk_dataset_fields_created_by","FOREIGN KEY","created_by","Must reference user_profiles.id.","","FOREIGN KEY (`created_by`) REFERENCES `user_profiles` (`id`)"
"CON-00717","dataset_fields","fk_dataset_fields_updated_by","FOREIGN KEY","updated_by","Must reference user_profiles.id.","","FOREIGN KEY (`updated_by`) REFERENCES `user_profiles` (`id`)"
"CON-00718","dataset_fields","fk_dataset_fields_deleted_by","FOREIGN KEY","deleted_by","Must reference user_profiles.id.","","FOREIGN KEY (`deleted_by`) REFERENCES `user_profiles` (`id`)"
"CON-00719","dataset_fields","fk_dataset_fields_dataset_id","FOREIGN KEY","dataset_id","Must reference datasets.id.","","FOREIGN KEY (`dataset_id`) REFERENCES `datasets` (`id`)"
"CON-00720","dataset_fields","chk_dataset_fields_status","CHECK","status","Allowed values: draft, active, inactive, archived, deleted","","CHECK (`status` IN ('draft', 'active', 'inactive', 'archived', 'deleted'))"
"CON-00721","dataset_fields","chk_dataset_fields_default_aggregation","CHECK","default_aggregation","Allowed values: None, Sum, Average, Min, Max, Count, Count Distinct, Median, First, Last","","CHECK (`default_aggregation` IN ('None', 'Sum', 'Average', 'Min', 'Max', 'Count', 'Count Distinct', 'Median', 'First', 'Last'))"
"CON-00722","dataset_fields","chk_dataset_fields_field_type","CHECK","field_type","Allowed values: date, number, text, boolean, currency, percentage, geography","","CHECK (`field_type` IN ('date', 'number', 'text', 'boolean', 'currency', 'percentage', 'geography'))"
"CON-00723","dataset_fields","chk_dataset_fields_semantic_type","CHECK","semantic_type","Allowed values: measure, dimension, date, identifier, geography, currency, percentage","","CHECK (`semantic_type` IN ('measure', 'dimension', 'date', 'identifier', 'geography', 'currency', 'percentage'))"
"CON-00724","dataset_fields","chk_dataset_fields_sample_values_json_json","JSON VALIDATION","sample_values_json","JSON column must contain valid JSON.","","CHECK (JSON_VALID(`sample_values_json`))"
"CON-00725","dataset_rows","pk_dataset_rows","PRIMARY KEY","id","Every table has a surrogate primary key.","","PRIMARY KEY (`id`)"
"CON-00726","dataset_rows","uk_dataset_rows_organization_id_dataset_id_dataset_version_i","UNIQUE","organization_id, dataset_id, dataset_version_id, row_number","Business key must be unique within its intended scope.","","UNIQUE KEY `uk_dataset_rows_organization_id_dataset_id_dataset_version_i` (`organization_id`, `dataset_id`, `dataset_version_id`, `row_number`)"
"CON-00727","dataset_rows","fk_dataset_rows_organization_id","FOREIGN KEY","organization_id","Must reference organizations.id.","","FOREIGN KEY (`organization_id`) REFERENCES `organizations` (`id`)"
"CON-00728","dataset_rows","fk_dataset_rows_status_changed_by","FOREIGN KEY","status_changed_by","Must reference user_profiles.id.","","FOREIGN KEY (`status_changed_by`) REFERENCES `user_profiles` (`id`)"
"CON-00729","dataset_rows","fk_dataset_rows_created_by","FOREIGN KEY","created_by","Must reference user_profiles.id.","","FOREIGN KEY (`created_by`) REFERENCES `user_profiles` (`id`)"
"CON-00730","dataset_rows","fk_dataset_rows_updated_by","FOREIGN KEY","updated_by","Must reference user_profiles.id.","","FOREIGN KEY (`updated_by`) REFERENCES `user_profiles` (`id`)"
"CON-00731","dataset_rows","fk_dataset_rows_dataset_id","FOREIGN KEY","dataset_id","Must reference datasets.id.","","FOREIGN KEY (`dataset_id`) REFERENCES `datasets` (`id`)"
"CON-00732","dataset_rows","fk_dataset_rows_dataset_version_id","FOREIGN KEY","dataset_version_id","Must reference dataset_versions.id.","","FOREIGN KEY (`dataset_version_id`) REFERENCES `dataset_versions` (`id`)"
"CON-00733","dataset_rows","chk_dataset_rows_status","CHECK","status","Allowed values: draft, active, inactive, archived, deleted","","CHECK (`status` IN ('draft', 'active', 'inactive', 'archived', 'deleted'))"
"CON-00734","dataset_rows","chk_dataset_rows_row_json_json","JSON VALIDATION","row_json","JSON column must contain valid JSON.","","CHECK (JSON_VALID(`row_json`))"
"CON-00735","dataset_statistics","pk_dataset_statistics","PRIMARY KEY","id","Every table has a surrogate primary key.","","PRIMARY KEY (`id`)"
"CON-00736","dataset_statistics","uk_dataset_statistics_organization_id_dataset_id_dataset_fie","UNIQUE","organization_id, dataset_id, dataset_field_id","Business key must be unique within its intended scope.","","UNIQUE KEY `uk_dataset_statistics_organization_id_dataset_id_dataset_fie` (`organization_id`, `dataset_id`, `dataset_field_id`)"
"CON-00737","dataset_statistics","fk_dataset_statistics_organization_id","FOREIGN KEY","organization_id","Must reference organizations.id.","","FOREIGN KEY (`organization_id`) REFERENCES `organizations` (`id`)"
"CON-00738","dataset_statistics","fk_dataset_statistics_status_changed_by","FOREIGN KEY","status_changed_by","Must reference user_profiles.id.","","FOREIGN KEY (`status_changed_by`) REFERENCES `user_profiles` (`id`)"
"CON-00739","dataset_statistics","fk_dataset_statistics_created_by","FOREIGN KEY","created_by","Must reference user_profiles.id.","","FOREIGN KEY (`created_by`) REFERENCES `user_profiles` (`id`)"
"CON-00740","dataset_statistics","fk_dataset_statistics_updated_by","FOREIGN KEY","updated_by","Must reference user_profiles.id.","","FOREIGN KEY (`updated_by`) REFERENCES `user_profiles` (`id`)"
"CON-00741","dataset_statistics","fk_dataset_statistics_deleted_by","FOREIGN KEY","deleted_by","Must reference user_profiles.id.","","FOREIGN KEY (`deleted_by`) REFERENCES `user_profiles` (`id`)"
"CON-00742","dataset_statistics","fk_dataset_statistics_dataset_field_id","FOREIGN KEY","dataset_field_id","Must reference dataset_fields.id.","","FOREIGN KEY (`dataset_field_id`) REFERENCES `dataset_fields` (`id`)"
"CON-00743","dataset_statistics","fk_dataset_statistics_dataset_id","FOREIGN KEY","dataset_id","Must reference datasets.id.","","FOREIGN KEY (`dataset_id`) REFERENCES `datasets` (`id`)"
"CON-00744","dataset_statistics","chk_dataset_statistics_status","CHECK","status","Allowed values: draft, active, inactive, archived, deleted","","CHECK (`status` IN ('draft', 'active', 'inactive', 'archived', 'deleted'))"
"CON-00745","dataset_statistics","chk_dataset_statistics_metadata_json_json","JSON VALIDATION","metadata_json","JSON column must contain valid JSON.","","CHECK (JSON_VALID(`metadata_json`))"
"CON-00746","dataset_statistics","chk_dataset_statistics_profile_json_json","JSON VALIDATION","profile_json","JSON column must contain valid JSON.","","CHECK (JSON_VALID(`profile_json`))"
"CON-00747","dataset_statistics","chk_dataset_statistics_non_empty_count_nonneg","NUMERIC CHECK","non_empty_count","Numeric business measures should be non-negative unless explicitly documented.","","CHECK (`non_empty_count` IS NULL OR `non_empty_count` >= 0)"
"CON-00748","dataset_statistics","chk_dataset_statistics_unique_count_nonneg","NUMERIC CHECK","unique_count","Numeric business measures should be non-negative unless explicitly documented.","","CHECK (`unique_count` IS NULL OR `unique_count` >= 0)"
"CON-00749","dataset_validation_results","pk_dataset_validation_results","PRIMARY KEY","id","Every table has a surrogate primary key.","","PRIMARY KEY (`id`)"
"CON-00750","dataset_validation_results","fk_dataset_validation_results_organization_id","FOREIGN KEY","organization_id","Must reference organizations.id.","","FOREIGN KEY (`organization_id`) REFERENCES `organizations` (`id`)"
"CON-00751","dataset_validation_results","fk_dataset_validation_results_status_changed_by","FOREIGN KEY","status_changed_by","Must reference user_profiles.id.","","FOREIGN KEY (`status_changed_by`) REFERENCES `user_profiles` (`id`)"
"CON-00752","dataset_validation_results","fk_dataset_validation_results_created_by","FOREIGN KEY","created_by","Must reference user_profiles.id.","","FOREIGN KEY (`created_by`) REFERENCES `user_profiles` (`id`)"
"CON-00753","dataset_validation_results","fk_dataset_validation_results_updated_by","FOREIGN KEY","updated_by","Must reference user_profiles.id.","","FOREIGN KEY (`updated_by`) REFERENCES `user_profiles` (`id`)"
"CON-00754","dataset_validation_results","fk_dataset_validation_results_deleted_by","FOREIGN KEY","deleted_by","Must reference user_profiles.id.","","FOREIGN KEY (`deleted_by`) REFERENCES `user_profiles` (`id`)"
"CON-00755","dataset_validation_results","fk_dataset_validation_results_dataset_field_id","FOREIGN KEY","dataset_field_id","Must reference dataset_fields.id.","","FOREIGN KEY (`dataset_field_id`) REFERENCES `dataset_fields` (`id`)"
"CON-00756","dataset_validation_results","fk_dataset_validation_results_dataset_id","FOREIGN KEY","dataset_id","Must reference datasets.id.","","FOREIGN KEY (`dataset_id`) REFERENCES `datasets` (`id`)"
"CON-00757","dataset_validation_results","chk_dataset_validation_results_status","CHECK","status","Allowed values: debug, info, notice, warning, error, critical","","CHECK (`status` IN ('debug', 'info', 'notice', 'warning', 'error', 'critical'))"
"CON-00758","dataset_validation_results","chk_dataset_validation_results_context_json_json","JSON VALIDATION","context_json","JSON column must contain valid JSON.","","CHECK (JSON_VALID(`context_json`))"
"CON-00759","dataset_refresh_jobs","pk_dataset_refresh_jobs","PRIMARY KEY","id","Every table has a surrogate primary key.","","PRIMARY KEY (`id`)"
"CON-00760","dataset_refresh_jobs","fk_dataset_refresh_jobs_organization_id","FOREIGN KEY","organization_id","Must reference organizations.id.","","FOREIGN KEY (`organization_id`) REFERENCES `organizations` (`id`)"
"CON-00761","dataset_refresh_jobs","fk_dataset_refresh_jobs_status_changed_by","FOREIGN KEY","status_changed_by","Must reference user_profiles.id.","","FOREIGN KEY (`status_changed_by`) REFERENCES `user_profiles` (`id`)"
"CON-00762","dataset_refresh_jobs","fk_dataset_refresh_jobs_created_by","FOREIGN KEY","created_by","Must reference user_profiles.id.","","FOREIGN KEY (`created_by`) REFERENCES `user_profiles` (`id`)"
"CON-00763","dataset_refresh_jobs","fk_dataset_refresh_jobs_updated_by","FOREIGN KEY","updated_by","Must reference user_profiles.id.","","FOREIGN KEY (`updated_by`) REFERENCES `user_profiles` (`id`)"
"CON-00764","dataset_refresh_jobs","fk_dataset_refresh_jobs_deleted_by","FOREIGN KEY","deleted_by","Must reference user_profiles.id.","","FOREIGN KEY (`deleted_by`) REFERENCES `user_profiles` (`id`)"
"CON-00765","dataset_refresh_jobs","fk_dataset_refresh_jobs_connection_id","FOREIGN KEY","connection_id","Must reference data_source_connections.id.","","FOREIGN KEY (`connection_id`) REFERENCES `data_source_connections` (`id`)"
"CON-00766","dataset_refresh_jobs","fk_dataset_refresh_jobs_dataset_id","FOREIGN KEY","dataset_id","Must reference datasets.id.","","FOREIGN KEY (`dataset_id`) REFERENCES `datasets` (`id`)"
"CON-00767","dataset_refresh_jobs","chk_dataset_refresh_jobs_status","CHECK","status","Allowed values: queued, running, success, failed, cancelled, partial","","CHECK (`status` IN ('queued', 'running', 'success', 'failed', 'cancelled', 'partial'))"
"CON-00768","dataset_lineage","pk_dataset_lineage","PRIMARY KEY","id","Every table has a surrogate primary key.","","PRIMARY KEY (`id`)"
"CON-00769","dataset_lineage","fk_dataset_lineage_organization_id","FOREIGN KEY","organization_id","Must reference organizations.id.","","FOREIGN KEY (`organization_id`) REFERENCES `organizations` (`id`)"
"CON-00770","dataset_lineage","fk_dataset_lineage_status_changed_by","FOREIGN KEY","status_changed_by","Must reference user_profiles.id.","","FOREIGN KEY (`status_changed_by`) REFERENCES `user_profiles` (`id`)"
"CON-00771","dataset_lineage","fk_dataset_lineage_created_by","FOREIGN KEY","created_by","Must reference user_profiles.id.","","FOREIGN KEY (`created_by`) REFERENCES `user_profiles` (`id`)"
"CON-00772","dataset_lineage","fk_dataset_lineage_updated_by","FOREIGN KEY","updated_by","Must reference user_profiles.id.","","FOREIGN KEY (`updated_by`) REFERENCES `user_profiles` (`id`)"
"CON-00773","dataset_lineage","fk_dataset_lineage_deleted_by","FOREIGN KEY","deleted_by","Must reference user_profiles.id.","","FOREIGN KEY (`deleted_by`) REFERENCES `user_profiles` (`id`)"
"CON-00774","dataset_lineage","chk_dataset_lineage_status","CHECK","status","Allowed values: draft, active, inactive, archived, deleted","","CHECK (`status` IN ('draft', 'active', 'inactive', 'archived', 'deleted'))"
"CON-00775","dataset_lineage","chk_dataset_lineage_transform_summary_json_json","JSON VALIDATION","transform_summary_json","JSON column must contain valid JSON.","","CHECK (JSON_VALID(`transform_summary_json`))"
"CON-00776","import_jobs","pk_import_jobs","PRIMARY KEY","id","Every table has a surrogate primary key.","","PRIMARY KEY (`id`)"
"CON-00777","import_jobs","fk_import_jobs_organization_id","FOREIGN KEY","organization_id","Must reference organizations.id.","","FOREIGN KEY (`organization_id`) REFERENCES `organizations` (`id`)"
"CON-00778","import_jobs","fk_import_jobs_branch_id","FOREIGN KEY","branch_id","Must reference branches.id.","","FOREIGN KEY (`branch_id`) REFERENCES `branches` (`id`)"
"CON-00779","import_jobs","fk_import_jobs_project_id","FOREIGN KEY","project_id","Must reference bi_projects.id.","","FOREIGN KEY (`project_id`) REFERENCES `bi_projects` (`id`)"
"CON-00780","import_jobs","fk_import_jobs_status_changed_by","FOREIGN KEY","status_changed_by","Must reference user_profiles.id.","","FOREIGN KEY (`status_changed_by`) REFERENCES `user_profiles` (`id`)"
"CON-00781","import_jobs","fk_import_jobs_created_by","FOREIGN KEY","created_by","Must reference user_profiles.id.","","FOREIGN KEY (`created_by`) REFERENCES `user_profiles` (`id`)"
"CON-00782","import_jobs","fk_import_jobs_updated_by","FOREIGN KEY","updated_by","Must reference user_profiles.id.","","FOREIGN KEY (`updated_by`) REFERENCES `user_profiles` (`id`)"
"CON-00783","import_jobs","fk_import_jobs_deleted_by","FOREIGN KEY","deleted_by","Must reference user_profiles.id.","","FOREIGN KEY (`deleted_by`) REFERENCES `user_profiles` (`id`)"
"CON-00784","import_jobs","fk_import_jobs_dataset_id","FOREIGN KEY","dataset_id","Must reference datasets.id.","","FOREIGN KEY (`dataset_id`) REFERENCES `datasets` (`id`)"
"CON-00785","import_jobs","fk_import_jobs_source_file_id","FOREIGN KEY","source_file_id","Must reference files.id.","","FOREIGN KEY (`source_file_id`) REFERENCES `files` (`id`)"
"CON-00786","import_jobs","chk_import_jobs_status","CHECK","status","Allowed values: queued, running, success, failed, cancelled, partial","","CHECK (`status` IN ('queued', 'running', 'success', 'failed', 'cancelled', 'partial'))"
"CON-00787","import_job_rows","pk_import_job_rows","PRIMARY KEY","id","Every table has a surrogate primary key.","","PRIMARY KEY (`id`)"
"CON-00788","import_job_rows","uk_import_job_rows_organization_id_import_job_id_row_number","UNIQUE","organization_id, import_job_id, row_number","Business key must be unique within its intended scope.","","UNIQUE KEY `uk_import_job_rows_organization_id_import_job_id_row_number` (`organization_id`, `import_job_id`, `row_number`)"
"CON-00789","import_job_rows","fk_import_job_rows_organization_id","FOREIGN KEY","organization_id","Must reference organizations.id.","","FOREIGN KEY (`organization_id`) REFERENCES `organizations` (`id`)"
"CON-00790","import_job_rows","fk_import_job_rows_status_changed_by","FOREIGN KEY","status_changed_by","Must reference user_profiles.id.","","FOREIGN KEY (`status_changed_by`) REFERENCES `user_profiles` (`id`)"
"CON-00791","import_job_rows","fk_import_job_rows_created_by","FOREIGN KEY","created_by","Must reference user_profiles.id.","","FOREIGN KEY (`created_by`) REFERENCES `user_profiles` (`id`)"
"CON-00792","import_job_rows","fk_import_job_rows_updated_by","FOREIGN KEY","updated_by","Must reference user_profiles.id.","","FOREIGN KEY (`updated_by`) REFERENCES `user_profiles` (`id`)"
"CON-00793","import_job_rows","fk_import_job_rows_import_job_id","FOREIGN KEY","import_job_id","Must reference import_jobs.id.","","FOREIGN KEY (`import_job_id`) REFERENCES `import_jobs` (`id`)"
"CON-00794","import_job_rows","chk_import_job_rows_status","CHECK","status","Allowed values: queued, running, success, failed, cancelled, partial","","CHECK (`status` IN ('queued', 'running', 'success', 'failed', 'cancelled', 'partial'))"
"CON-00795","import_job_rows","chk_import_job_rows_parsed_row_json_json","JSON VALIDATION","parsed_row_json","JSON column must contain valid JSON.","","CHECK (JSON_VALID(`parsed_row_json`))"
"CON-00796","import_job_rows","chk_import_job_rows_raw_row_json_json","JSON VALIDATION","raw_row_json","JSON column must contain valid JSON.","","CHECK (JSON_VALID(`raw_row_json`))"
"CON-00797","import_errors","pk_import_errors","PRIMARY KEY","id","Every table has a surrogate primary key.","","PRIMARY KEY (`id`)"
"CON-00798","import_errors","fk_import_errors_organization_id","FOREIGN KEY","organization_id","Must reference organizations.id.","","FOREIGN KEY (`organization_id`) REFERENCES `organizations` (`id`)"
"CON-00799","import_errors","fk_import_errors_status_changed_by","FOREIGN KEY","status_changed_by","Must reference user_profiles.id.","","FOREIGN KEY (`status_changed_by`) REFERENCES `user_profiles` (`id`)"
"CON-00800","import_errors","fk_import_errors_created_by","FOREIGN KEY","created_by","Must reference user_profiles.id.","","FOREIGN KEY (`created_by`) REFERENCES `user_profiles` (`id`)"
"CON-00801","import_errors","fk_import_errors_updated_by","FOREIGN KEY","updated_by","Must reference user_profiles.id.","","FOREIGN KEY (`updated_by`) REFERENCES `user_profiles` (`id`)"
"CON-00802","import_errors","fk_import_errors_import_job_id","FOREIGN KEY","import_job_id","Must reference import_jobs.id.","","FOREIGN KEY (`import_job_id`) REFERENCES `import_jobs` (`id`)"
"CON-00803","import_errors","fk_import_errors_import_job_row_id","FOREIGN KEY","import_job_row_id","Must reference import_job_rows.id.","","FOREIGN KEY (`import_job_row_id`) REFERENCES `import_job_rows` (`id`)"
"CON-00804","import_errors","chk_import_errors_status","CHECK","status","Allowed values: debug, info, notice, warning, error, critical","","CHECK (`status` IN ('debug', 'info', 'notice', 'warning', 'error', 'critical'))"
"CON-00805","import_errors","chk_import_errors_context_json_json","JSON VALIDATION","context_json","JSON column must contain valid JSON.","","CHECK (JSON_VALID(`context_json`))"
"CON-00806","sql_queries","pk_sql_queries","PRIMARY KEY","id","Every table has a surrogate primary key.","","PRIMARY KEY (`id`)"
"CON-00807","sql_queries","fk_sql_queries_organization_id","FOREIGN KEY","organization_id","Must reference organizations.id.","","FOREIGN KEY (`organization_id`) REFERENCES `organizations` (`id`)"
"CON-00808","sql_queries","fk_sql_queries_branch_id","FOREIGN KEY","branch_id","Must reference branches.id.","","FOREIGN KEY (`branch_id`) REFERENCES `branches` (`id`)"
"CON-00809","sql_queries","fk_sql_queries_project_id","FOREIGN KEY","project_id","Must reference bi_projects.id.","","FOREIGN KEY (`project_id`) REFERENCES `bi_projects` (`id`)"
"CON-00810","sql_queries","fk_sql_queries_status_changed_by","FOREIGN KEY","status_changed_by","Must reference user_profiles.id.","","FOREIGN KEY (`status_changed_by`) REFERENCES `user_profiles` (`id`)"
"CON-00811","sql_queries","fk_sql_queries_created_by","FOREIGN KEY","created_by","Must reference user_profiles.id.","","FOREIGN KEY (`created_by`) REFERENCES `user_profiles` (`id`)"
"CON-00812","sql_queries","fk_sql_queries_updated_by","FOREIGN KEY","updated_by","Must reference user_profiles.id.","","FOREIGN KEY (`updated_by`) REFERENCES `user_profiles` (`id`)"
"CON-00813","sql_queries","fk_sql_queries_deleted_by","FOREIGN KEY","deleted_by","Must reference user_profiles.id.","","FOREIGN KEY (`deleted_by`) REFERENCES `user_profiles` (`id`)"
"CON-00814","sql_queries","fk_sql_queries_connection_id","FOREIGN KEY","connection_id","Must reference data_source_connections.id.","","FOREIGN KEY (`connection_id`) REFERENCES `data_source_connections` (`id`)"
"CON-00815","sql_queries","fk_sql_queries_dataset_id","FOREIGN KEY","dataset_id","Must reference datasets.id.","","FOREIGN KEY (`dataset_id`) REFERENCES `datasets` (`id`)"
"CON-00816","sql_queries","chk_sql_queries_status","CHECK","status","Allowed values: draft, active, inactive, archived, deleted","","CHECK (`status` IN ('draft', 'active', 'inactive', 'archived', 'deleted'))"
"CON-00817","sql_queries","chk_sql_queries_metadata_json_json","JSON VALIDATION","metadata_json","JSON column must contain valid JSON.","","CHECK (JSON_VALID(`metadata_json`))"
"CON-00818","sql_query_versions","pk_sql_query_versions","PRIMARY KEY","id","Every table has a surrogate primary key.","","PRIMARY KEY (`id`)"
"CON-00819","sql_query_versions","uk_sql_query_versions_organization_id_sql_query_id_version_n","UNIQUE","organization_id, sql_query_id, version_no","Business key must be unique within its intended scope.","","UNIQUE KEY `uk_sql_query_versions_organization_id_sql_query_id_version_n` (`organization_id`, `sql_query_id`, `version_no`)"
"CON-00820","sql_query_versions","fk_sql_query_versions_organization_id","FOREIGN KEY","organization_id","Must reference organizations.id.","","FOREIGN KEY (`organization_id`) REFERENCES `organizations` (`id`)"
"CON-00821","sql_query_versions","fk_sql_query_versions_created_by","FOREIGN KEY","created_by","Must reference user_profiles.id.","","FOREIGN KEY (`created_by`) REFERENCES `user_profiles` (`id`)"
"CON-00822","sql_query_versions","fk_sql_query_versions_updated_by","FOREIGN KEY","updated_by","Must reference user_profiles.id.","","FOREIGN KEY (`updated_by`) REFERENCES `user_profiles` (`id`)"
"CON-00823","sql_query_versions","fk_sql_query_versions_sql_query_id","FOREIGN KEY","sql_query_id","Must reference sql_queries.id.","","FOREIGN KEY (`sql_query_id`) REFERENCES `sql_queries` (`id`)"
"CON-00824","sql_query_runs","pk_sql_query_runs","PRIMARY KEY","id","Every table has a surrogate primary key.","","PRIMARY KEY (`id`)"
"CON-00825","sql_query_runs","fk_sql_query_runs_organization_id","FOREIGN KEY","organization_id","Must reference organizations.id.","","FOREIGN KEY (`organization_id`) REFERENCES `organizations` (`id`)"
"CON-00826","sql_query_runs","fk_sql_query_runs_status_changed_by","FOREIGN KEY","status_changed_by","Must reference user_profiles.id.","","FOREIGN KEY (`status_changed_by`) REFERENCES `user_profiles` (`id`)"
"CON-00827","sql_query_runs","fk_sql_query_runs_created_by","FOREIGN KEY","created_by","Must reference user_profiles.id.","","FOREIGN KEY (`created_by`) REFERENCES `user_profiles` (`id`)"
"CON-00828","sql_query_runs","fk_sql_query_runs_updated_by","FOREIGN KEY","updated_by","Must reference user_profiles.id.","","FOREIGN KEY (`updated_by`) REFERENCES `user_profiles` (`id`)"
"CON-00829","sql_query_runs","fk_sql_query_runs_connection_id","FOREIGN KEY","connection_id","Must reference data_source_connections.id.","","FOREIGN KEY (`connection_id`) REFERENCES `data_source_connections` (`id`)"
"CON-00830","sql_query_runs","fk_sql_query_runs_sql_query_id","FOREIGN KEY","sql_query_id","Must reference sql_queries.id.","","FOREIGN KEY (`sql_query_id`) REFERENCES `sql_queries` (`id`)"
"CON-00831","sql_query_runs","chk_sql_query_runs_status","CHECK","status","Allowed values: queued, running, success, failed, cancelled, partial","","CHECK (`status` IN ('queued', 'running', 'success', 'failed', 'cancelled', 'partial'))"
"CON-00832","sql_query_runs","chk_sql_query_runs_metadata_json_json","JSON VALIDATION","metadata_json","JSON column must contain valid JSON.","","CHECK (JSON_VALID(`metadata_json`))"
"CON-00833","sql_query_runs","chk_sql_query_runs_row_count_nonneg","NUMERIC CHECK","row_count","Numeric business measures should be non-negative unless explicitly documented.","","CHECK (`row_count` IS NULL OR `row_count` >= 0)"
"CON-00834","sql_query_results","pk_sql_query_results","PRIMARY KEY","id","Every table has a surrogate primary key.","","PRIMARY KEY (`id`)"
"CON-00835","sql_query_results","fk_sql_query_results_organization_id","FOREIGN KEY","organization_id","Must reference organizations.id.","","FOREIGN KEY (`organization_id`) REFERENCES `organizations` (`id`)"
"CON-00836","sql_query_results","fk_sql_query_results_created_by","FOREIGN KEY","created_by","Must reference user_profiles.id.","","FOREIGN KEY (`created_by`) REFERENCES `user_profiles` (`id`)"
"CON-00837","sql_query_results","fk_sql_query_results_updated_by","FOREIGN KEY","updated_by","Must reference user_profiles.id.","","FOREIGN KEY (`updated_by`) REFERENCES `user_profiles` (`id`)"
"CON-00838","sql_query_results","fk_sql_query_results_query_run_id","FOREIGN KEY","query_run_id","Must reference sql_query_runs.id.","","FOREIGN KEY (`query_run_id`) REFERENCES `sql_query_runs` (`id`)"
"CON-00839","sql_query_results","chk_sql_query_results_column_count_nonneg","NUMERIC CHECK","column_count","Numeric business measures should be non-negative unless explicitly documented.","","CHECK (`column_count` IS NULL OR `column_count` >= 0)"
"CON-00840","sql_query_results","chk_sql_query_results_row_count_nonneg","NUMERIC CHECK","row_count","Numeric business measures should be non-negative unless explicitly documented.","","CHECK (`row_count` IS NULL OR `row_count` >= 0)"
"CON-00841","sql_query_result_columns","pk_sql_query_result_columns","PRIMARY KEY","id","Every table has a surrogate primary key.","","PRIMARY KEY (`id`)"
"CON-00842","sql_query_result_columns","uk_sql_query_result_columns_organization_id_query_result_id_","UNIQUE","organization_id, query_result_id, column_name","Business key must be unique within its intended scope.","","UNIQUE KEY `uk_sql_query_result_columns_organization_id_query_result_id_` (`organization_id`, `query_result_id`, `column_name`)"
"CON-00843","sql_query_result_columns","fk_sql_query_result_columns_organization_id","FOREIGN KEY","organization_id","Must reference organizations.id.","","FOREIGN KEY (`organization_id`) REFERENCES `organizations` (`id`)"
"CON-00844","sql_query_result_columns","fk_sql_query_result_columns_status_changed_by","FOREIGN KEY","status_changed_by","Must reference user_profiles.id.","","FOREIGN KEY (`status_changed_by`) REFERENCES `user_profiles` (`id`)"
"CON-00845","sql_query_result_columns","fk_sql_query_result_columns_created_by","FOREIGN KEY","created_by","Must reference user_profiles.id.","","FOREIGN KEY (`created_by`) REFERENCES `user_profiles` (`id`)"
"CON-00846","sql_query_result_columns","fk_sql_query_result_columns_updated_by","FOREIGN KEY","updated_by","Must reference user_profiles.id.","","FOREIGN KEY (`updated_by`) REFERENCES `user_profiles` (`id`)"
"CON-00847","sql_query_result_columns","fk_sql_query_result_columns_query_result_id","FOREIGN KEY","query_result_id","Must reference sql_query_results.id.","","FOREIGN KEY (`query_result_id`) REFERENCES `sql_query_results` (`id`)"
"CON-00848","sql_query_result_columns","chk_sql_query_result_columns_status","CHECK","status","Allowed values: draft, active, inactive, archived, deleted","","CHECK (`status` IN ('draft', 'active', 'inactive', 'archived', 'deleted'))"
"CON-00849","sql_query_result_columns","chk_sql_query_result_columns_field_type","CHECK","field_type","Allowed values: date, number, text, boolean, currency, percentage, geography","","CHECK (`field_type` IN ('date', 'number', 'text', 'boolean', 'currency', 'percentage', 'geography'))"
"CON-00850","sql_query_result_columns","chk_sql_query_result_columns_profile_json_json","JSON VALIDATION","profile_json","JSON column must contain valid JSON.","","CHECK (JSON_VALID(`profile_json`))"
"CON-00851","sql_query_result_rows","pk_sql_query_result_rows","PRIMARY KEY","id","Every table has a surrogate primary key.","","PRIMARY KEY (`id`)"
"CON-00852","sql_query_result_rows","uk_sql_query_result_rows_organization_id_query_result_id_row","UNIQUE","organization_id, query_result_id, row_number","Business key must be unique within its intended scope.","","UNIQUE KEY `uk_sql_query_result_rows_organization_id_query_result_id_row` (`organization_id`, `query_result_id`, `row_number`)"
"CON-00853","sql_query_result_rows","fk_sql_query_result_rows_organization_id","FOREIGN KEY","organization_id","Must reference organizations.id.","","FOREIGN KEY (`organization_id`) REFERENCES `organizations` (`id`)"
"CON-00854","sql_query_result_rows","fk_sql_query_result_rows_status_changed_by","FOREIGN KEY","status_changed_by","Must reference user_profiles.id.","","FOREIGN KEY (`status_changed_by`) REFERENCES `user_profiles` (`id`)"
"CON-00855","sql_query_result_rows","fk_sql_query_result_rows_created_by","FOREIGN KEY","created_by","Must reference user_profiles.id.","","FOREIGN KEY (`created_by`) REFERENCES `user_profiles` (`id`)"
"CON-00856","sql_query_result_rows","fk_sql_query_result_rows_updated_by","FOREIGN KEY","updated_by","Must reference user_profiles.id.","","FOREIGN KEY (`updated_by`) REFERENCES `user_profiles` (`id`)"
"CON-00857","sql_query_result_rows","fk_sql_query_result_rows_query_result_id","FOREIGN KEY","query_result_id","Must reference sql_query_results.id.","","FOREIGN KEY (`query_result_id`) REFERENCES `sql_query_results` (`id`)"
"CON-00858","sql_query_result_rows","chk_sql_query_result_rows_status","CHECK","status","Allowed values: draft, active, inactive, archived, deleted","","CHECK (`status` IN ('draft', 'active', 'inactive', 'archived', 'deleted'))"
"CON-00859","sql_query_result_rows","chk_sql_query_result_rows_row_json_json","JSON VALIDATION","row_json","JSON column must contain valid JSON.","","CHECK (JSON_VALID(`row_json`))"
"CON-00860","sql_query_saved_parameters","pk_sql_query_saved_parameters","PRIMARY KEY","id","Every table has a surrogate primary key.","","PRIMARY KEY (`id`)"
"CON-00861","sql_query_saved_parameters","uk_sql_query_saved_parameters_organization_id_sql_query_id_p","UNIQUE","organization_id, sql_query_id, parameter_name","Business key must be unique within its intended scope.","","UNIQUE KEY `uk_sql_query_saved_parameters_organization_id_sql_query_id_p` (`organization_id`, `sql_query_id`, `parameter_name`)"
"CON-00862","sql_query_saved_parameters","fk_sql_query_saved_parameters_organization_id","FOREIGN KEY","organization_id","Must reference organizations.id.","","FOREIGN KEY (`organization_id`) REFERENCES `organizations` (`id`)"
"CON-00863","sql_query_saved_parameters","fk_sql_query_saved_parameters_status_changed_by","FOREIGN KEY","status_changed_by","Must reference user_profiles.id.","","FOREIGN KEY (`status_changed_by`) REFERENCES `user_profiles` (`id`)"
"CON-00864","sql_query_saved_parameters","fk_sql_query_saved_parameters_created_by","FOREIGN KEY","created_by","Must reference user_profiles.id.","","FOREIGN KEY (`created_by`) REFERENCES `user_profiles` (`id`)"
"CON-00865","sql_query_saved_parameters","fk_sql_query_saved_parameters_updated_by","FOREIGN KEY","updated_by","Must reference user_profiles.id.","","FOREIGN KEY (`updated_by`) REFERENCES `user_profiles` (`id`)"
"CON-00866","sql_query_saved_parameters","fk_sql_query_saved_parameters_deleted_by","FOREIGN KEY","deleted_by","Must reference user_profiles.id.","","FOREIGN KEY (`deleted_by`) REFERENCES `user_profiles` (`id`)"
"CON-00867","sql_query_saved_parameters","fk_sql_query_saved_parameters_sql_query_id","FOREIGN KEY","sql_query_id","Must reference sql_queries.id.","","FOREIGN KEY (`sql_query_id`) REFERENCES `sql_queries` (`id`)"
"CON-00868","sql_query_saved_parameters","chk_sql_query_saved_parameters_status","CHECK","status","Allowed values: draft, active, inactive, archived, deleted","","CHECK (`status` IN ('draft', 'active', 'inactive', 'archived', 'deleted'))"
"CON-00869","sql_query_saved_parameters","chk_sql_query_saved_parameters_field_type","CHECK","field_type","Allowed values: date, number, text, boolean, currency, percentage, geography","","CHECK (`field_type` IN ('date', 'number', 'text', 'boolean', 'currency', 'percentage', 'geography'))"
"CON-00870","sql_query_saved_parameters","chk_sql_query_saved_parameters_default_value_json_json","JSON VALIDATION","default_value_json","JSON column must contain valid JSON.","","CHECK (JSON_VALID(`default_value_json`))"
"CON-00871","dashboard_share_links","pk_dashboard_share_links","PRIMARY KEY","id","Every table has a surrogate primary key.","","PRIMARY KEY (`id`)"
"CON-00872","dashboard_share_links","uk_dashboard_share_links_share_token_hash","UNIQUE","share_token_hash","Business key must be unique within its intended scope.","","UNIQUE KEY `uk_dashboard_share_links_share_token_hash` (`share_token_hash`)"
"CON-00873","dashboard_share_links","fk_dashboard_share_links_organization_id","FOREIGN KEY","organization_id","Must reference organizations.id.","","FOREIGN KEY (`organization_id`) REFERENCES `organizations` (`id`)"
"CON-00874","dashboard_share_links","fk_dashboard_share_links_branch_id","FOREIGN KEY","branch_id","Must reference branches.id.","","FOREIGN KEY (`branch_id`) REFERENCES `branches` (`id`)"
"CON-00875","dashboard_share_links","fk_dashboard_share_links_dashboard_id","FOREIGN KEY","dashboard_id","Must reference bi_dashboards.id.","","FOREIGN KEY (`dashboard_id`) REFERENCES `bi_dashboards` (`id`)"
"CON-00876","dashboard_share_links","fk_dashboard_share_links_status_changed_by","FOREIGN KEY","status_changed_by","Must reference user_profiles.id.","","FOREIGN KEY (`status_changed_by`) REFERENCES `user_profiles` (`id`)"
"CON-00877","dashboard_share_links","fk_dashboard_share_links_created_by","FOREIGN KEY","created_by","Must reference user_profiles.id.","","FOREIGN KEY (`created_by`) REFERENCES `user_profiles` (`id`)"
"CON-00878","dashboard_share_links","fk_dashboard_share_links_updated_by","FOREIGN KEY","updated_by","Must reference user_profiles.id.","","FOREIGN KEY (`updated_by`) REFERENCES `user_profiles` (`id`)"
"CON-00879","dashboard_share_links","fk_dashboard_share_links_deleted_by","FOREIGN KEY","deleted_by","Must reference user_profiles.id.","","FOREIGN KEY (`deleted_by`) REFERENCES `user_profiles` (`id`)"
"CON-00880","dashboard_share_links","fk_dashboard_share_links_revoked_by","FOREIGN KEY","revoked_by","Must reference user_profiles.id.","","FOREIGN KEY (`revoked_by`) REFERENCES `user_profiles` (`id`)"
"CON-00881","dashboard_share_links","chk_dashboard_share_links_status","CHECK","status","Allowed values: active, revoked, expired, suspended","","CHECK (`status` IN ('active', 'revoked', 'expired', 'suspended'))"
"CON-00882","dashboard_share_links","chk_dashboard_share_links_share_mode","CHECK","share_mode","Allowed values: readonly, dashboard-readonly, embed","","CHECK (`share_mode` IN ('readonly', 'dashboard-readonly', 'embed'))"
"CON-00883","dashboard_share_links","chk_dashboard_share_links_metadata_json_json","JSON VALIDATION","metadata_json","JSON column must contain valid JSON.","","CHECK (JSON_VALID(`metadata_json`))"
"CON-00884","dashboard_share_links","chk_dashboard_share_links_allowed_origin_json_json","JSON VALIDATION","allowed_origin_json","JSON column must contain valid JSON.","","CHECK (JSON_VALID(`allowed_origin_json`))"
"CON-00885","dashboard_share_snapshots","pk_dashboard_share_snapshots","PRIMARY KEY","id","Every table has a surrogate primary key.","","PRIMARY KEY (`id`)"
"CON-00886","dashboard_share_snapshots","fk_dashboard_share_snapshots_organization_id","FOREIGN KEY","organization_id","Must reference organizations.id.","","FOREIGN KEY (`organization_id`) REFERENCES `organizations` (`id`)"
"CON-00887","dashboard_share_snapshots","fk_dashboard_share_snapshots_status_changed_by","FOREIGN KEY","status_changed_by","Must reference user_profiles.id.","","FOREIGN KEY (`status_changed_by`) REFERENCES `user_profiles` (`id`)"
"CON-00888","dashboard_share_snapshots","fk_dashboard_share_snapshots_created_by","FOREIGN KEY","created_by","Must reference user_profiles.id.","","FOREIGN KEY (`created_by`) REFERENCES `user_profiles` (`id`)"
"CON-00889","dashboard_share_snapshots","fk_dashboard_share_snapshots_updated_by","FOREIGN KEY","updated_by","Must reference user_profiles.id.","","FOREIGN KEY (`updated_by`) REFERENCES `user_profiles` (`id`)"
"CON-00890","dashboard_share_snapshots","fk_dashboard_share_snapshots_deleted_by","FOREIGN KEY","deleted_by","Must reference user_profiles.id.","","FOREIGN KEY (`deleted_by`) REFERENCES `user_profiles` (`id`)"
"CON-00891","dashboard_share_snapshots","fk_dashboard_share_snapshots_dashboard_version_id","FOREIGN KEY","dashboard_version_id","Must reference dashboard_versions.id.","","FOREIGN KEY (`dashboard_version_id`) REFERENCES `dashboard_versions` (`id`)"
"CON-00892","dashboard_share_snapshots","fk_dashboard_share_snapshots_share_link_id","FOREIGN KEY","share_link_id","Must reference dashboard_share_links.id.","","FOREIGN KEY (`share_link_id`) REFERENCES `dashboard_share_links` (`id`)"
"CON-00893","dashboard_share_snapshots","chk_dashboard_share_snapshots_status","CHECK","status","Allowed values: draft, active, inactive, archived, deleted","","CHECK (`status` IN ('draft', 'active', 'inactive', 'archived', 'deleted'))"
"CON-00894","dashboard_share_snapshots","chk_dashboard_share_snapshots_metadata_json_json","JSON VALIDATION","metadata_json","JSON column must contain valid JSON.","","CHECK (JSON_VALID(`metadata_json`))"
"CON-00895","dashboard_share_snapshots","chk_dashboard_share_snapshots_snapshot_json_json","JSON VALIDATION","snapshot_json","JSON column must contain valid JSON.","","CHECK (JSON_VALID(`snapshot_json`))"
"CON-00896","dashboard_share_access_logs","pk_dashboard_share_access_logs","PRIMARY KEY","id","Every table has a surrogate primary key.","","PRIMARY KEY (`id`)"
"CON-00897","dashboard_share_access_logs","fk_dashboard_share_access_logs_organization_id","FOREIGN KEY","organization_id","Must reference organizations.id.","","FOREIGN KEY (`organization_id`) REFERENCES `organizations` (`id`)"
"CON-00898","dashboard_share_access_logs","fk_dashboard_share_access_logs_created_by","FOREIGN KEY","created_by","Must reference user_profiles.id.","","FOREIGN KEY (`created_by`) REFERENCES `user_profiles` (`id`)"
"CON-00899","dashboard_share_access_logs","fk_dashboard_share_access_logs_updated_by","FOREIGN KEY","updated_by","Must reference user_profiles.id.","","FOREIGN KEY (`updated_by`) REFERENCES `user_profiles` (`id`)"
"CON-00900","dashboard_share_access_logs","fk_dashboard_share_access_logs_share_link_id","FOREIGN KEY","share_link_id","Must reference dashboard_share_links.id.","","FOREIGN KEY (`share_link_id`) REFERENCES `dashboard_share_links` (`id`)"
"CON-00901","embed_settings","pk_embed_settings","PRIMARY KEY","id","Every table has a surrogate primary key.","","PRIMARY KEY (`id`)"
"CON-00902","embed_settings","uk_embed_settings_organization_id_share_link_id","UNIQUE","organization_id, share_link_id","Business key must be unique within its intended scope.","","UNIQUE KEY `uk_embed_settings_organization_id_share_link_id` (`organization_id`, `share_link_id`)"
"CON-00903","embed_settings","fk_embed_settings_organization_id","FOREIGN KEY","organization_id","Must reference organizations.id.","","FOREIGN KEY (`organization_id`) REFERENCES `organizations` (`id`)"
"CON-00904","embed_settings","fk_embed_settings_status_changed_by","FOREIGN KEY","status_changed_by","Must reference user_profiles.id.","","FOREIGN KEY (`status_changed_by`) REFERENCES `user_profiles` (`id`)"
"CON-00905","embed_settings","fk_embed_settings_created_by","FOREIGN KEY","created_by","Must reference user_profiles.id.","","FOREIGN KEY (`created_by`) REFERENCES `user_profiles` (`id`)"
"CON-00906","embed_settings","fk_embed_settings_updated_by","FOREIGN KEY","updated_by","Must reference user_profiles.id.","","FOREIGN KEY (`updated_by`) REFERENCES `user_profiles` (`id`)"
"CON-00907","embed_settings","fk_embed_settings_deleted_by","FOREIGN KEY","deleted_by","Must reference user_profiles.id.","","FOREIGN KEY (`deleted_by`) REFERENCES `user_profiles` (`id`)"
"CON-00908","embed_settings","fk_embed_settings_share_link_id","FOREIGN KEY","share_link_id","Must reference dashboard_share_links.id.","","FOREIGN KEY (`share_link_id`) REFERENCES `dashboard_share_links` (`id`)"
"CON-00909","embed_settings","chk_embed_settings_status","CHECK","status","Allowed values: draft, active, inactive, archived, deleted","","CHECK (`status` IN ('draft', 'active', 'inactive', 'archived', 'deleted'))"
"CON-00910","embed_settings","chk_embed_settings_theme","CHECK","theme","Allowed values: light, dark, auto","","CHECK (`theme` IN ('light', 'dark', 'auto'))"
"CON-00911","embed_settings","chk_embed_settings_metadata_json_json","JSON VALIDATION","metadata_json","JSON column must contain valid JSON.","","CHECK (JSON_VALID(`metadata_json`))"
"CON-00912","export_jobs","pk_export_jobs","PRIMARY KEY","id","Every table has a surrogate primary key.","","PRIMARY KEY (`id`)"
"CON-00913","export_jobs","fk_export_jobs_organization_id","FOREIGN KEY","organization_id","Must reference organizations.id.","","FOREIGN KEY (`organization_id`) REFERENCES `organizations` (`id`)"
"CON-00914","export_jobs","fk_export_jobs_branch_id","FOREIGN KEY","branch_id","Must reference branches.id.","","FOREIGN KEY (`branch_id`) REFERENCES `branches` (`id`)"
"CON-00915","export_jobs","fk_export_jobs_project_id","FOREIGN KEY","project_id","Must reference bi_projects.id.","","FOREIGN KEY (`project_id`) REFERENCES `bi_projects` (`id`)"
"CON-00916","export_jobs","fk_export_jobs_status_changed_by","FOREIGN KEY","status_changed_by","Must reference user_profiles.id.","","FOREIGN KEY (`status_changed_by`) REFERENCES `user_profiles` (`id`)"
"CON-00917","export_jobs","fk_export_jobs_created_by","FOREIGN KEY","created_by","Must reference user_profiles.id.","","FOREIGN KEY (`created_by`) REFERENCES `user_profiles` (`id`)"
"CON-00918","export_jobs","fk_export_jobs_updated_by","FOREIGN KEY","updated_by","Must reference user_profiles.id.","","FOREIGN KEY (`updated_by`) REFERENCES `user_profiles` (`id`)"
"CON-00919","export_jobs","fk_export_jobs_deleted_by","FOREIGN KEY","deleted_by","Must reference user_profiles.id.","","FOREIGN KEY (`deleted_by`) REFERENCES `user_profiles` (`id`)"
"CON-00920","export_jobs","chk_export_jobs_status","CHECK","status","Allowed values: queued, running, success, failed, cancelled, partial","","CHECK (`status` IN ('queued', 'running', 'success', 'failed', 'cancelled', 'partial'))"
"CON-00921","export_jobs","chk_export_jobs_export_format","CHECK","export_format","Allowed values: png, jpg, pdf, csv, json, xlsx","","CHECK (`export_format` IN ('png', 'jpg', 'pdf', 'csv', 'json', 'xlsx'))"
"CON-00922","export_jobs","chk_export_jobs_metadata_json_json","JSON VALIDATION","metadata_json","JSON column must contain valid JSON.","","CHECK (JSON_VALID(`metadata_json`))"
"CON-00923","export_jobs","chk_export_jobs_export_options_json_json","JSON VALIDATION","export_options_json","JSON column must contain valid JSON.","","CHECK (JSON_VALID(`export_options_json`))"
"CON-00924","export_files","pk_export_files","PRIMARY KEY","id","Every table has a surrogate primary key.","","PRIMARY KEY (`id`)"
"CON-00925","export_files","uk_export_files_organization_id_export_job_id_file_id","UNIQUE","organization_id, export_job_id, file_id","Business key must be unique within its intended scope.","","UNIQUE KEY `uk_export_files_organization_id_export_job_id_file_id` (`organization_id`, `export_job_id`, `file_id`)"
"CON-00926","export_files","fk_export_files_organization_id","FOREIGN KEY","organization_id","Must reference organizations.id.","","FOREIGN KEY (`organization_id`) REFERENCES `organizations` (`id`)"
"CON-00927","export_files","fk_export_files_status_changed_by","FOREIGN KEY","status_changed_by","Must reference user_profiles.id.","","FOREIGN KEY (`status_changed_by`) REFERENCES `user_profiles` (`id`)"
"CON-00928","export_files","fk_export_files_created_by","FOREIGN KEY","created_by","Must reference user_profiles.id.","","FOREIGN KEY (`created_by`) REFERENCES `user_profiles` (`id`)"
"CON-00929","export_files","fk_export_files_updated_by","FOREIGN KEY","updated_by","Must reference user_profiles.id.","","FOREIGN KEY (`updated_by`) REFERENCES `user_profiles` (`id`)"
"CON-00930","export_files","fk_export_files_deleted_by","FOREIGN KEY","deleted_by","Must reference user_profiles.id.","","FOREIGN KEY (`deleted_by`) REFERENCES `user_profiles` (`id`)"
"CON-00931","export_files","fk_export_files_export_job_id","FOREIGN KEY","export_job_id","Must reference export_jobs.id.","","FOREIGN KEY (`export_job_id`) REFERENCES `export_jobs` (`id`)"
"CON-00932","export_files","fk_export_files_file_id","FOREIGN KEY","file_id","Must reference files.id.","","FOREIGN KEY (`file_id`) REFERENCES `files` (`id`)"
"CON-00933","export_files","chk_export_files_status","CHECK","status","Allowed values: draft, active, inactive, archived, deleted","","CHECK (`status` IN ('draft', 'active', 'inactive', 'archived', 'deleted'))"
"CON-00934","chart_exports","pk_chart_exports","PRIMARY KEY","id","Every table has a surrogate primary key.","","PRIMARY KEY (`id`)"
"CON-00935","chart_exports","fk_chart_exports_organization_id","FOREIGN KEY","organization_id","Must reference organizations.id.","","FOREIGN KEY (`organization_id`) REFERENCES `organizations` (`id`)"
"CON-00936","chart_exports","fk_chart_exports_status_changed_by","FOREIGN KEY","status_changed_by","Must reference user_profiles.id.","","FOREIGN KEY (`status_changed_by`) REFERENCES `user_profiles` (`id`)"
"CON-00937","chart_exports","fk_chart_exports_created_by","FOREIGN KEY","created_by","Must reference user_profiles.id.","","FOREIGN KEY (`created_by`) REFERENCES `user_profiles` (`id`)"
"CON-00938","chart_exports","fk_chart_exports_updated_by","FOREIGN KEY","updated_by","Must reference user_profiles.id.","","FOREIGN KEY (`updated_by`) REFERENCES `user_profiles` (`id`)"
"CON-00939","chart_exports","fk_chart_exports_deleted_by","FOREIGN KEY","deleted_by","Must reference user_profiles.id.","","FOREIGN KEY (`deleted_by`) REFERENCES `user_profiles` (`id`)"
"CON-00940","chart_exports","fk_chart_exports_chart_id","FOREIGN KEY","chart_id","Must reference charts.id.","","FOREIGN KEY (`chart_id`) REFERENCES `charts` (`id`)"
"CON-00941","chart_exports","fk_chart_exports_chart_version_id","FOREIGN KEY","chart_version_id","Must reference chart_versions.id.","","FOREIGN KEY (`chart_version_id`) REFERENCES `chart_versions` (`id`)"
"CON-00942","chart_exports","fk_chart_exports_export_job_id","FOREIGN KEY","export_job_id","Must reference export_jobs.id.","","FOREIGN KEY (`export_job_id`) REFERENCES `export_jobs` (`id`)"
"CON-00943","chart_exports","chk_chart_exports_status","CHECK","status","Allowed values: draft, active, inactive, archived, deleted","","CHECK (`status` IN ('draft', 'active', 'inactive', 'archived', 'deleted'))"
"CON-00944","dashboard_exports","pk_dashboard_exports","PRIMARY KEY","id","Every table has a surrogate primary key.","","PRIMARY KEY (`id`)"
"CON-00945","dashboard_exports","fk_dashboard_exports_organization_id","FOREIGN KEY","organization_id","Must reference organizations.id.","","FOREIGN KEY (`organization_id`) REFERENCES `organizations` (`id`)"
"CON-00946","dashboard_exports","fk_dashboard_exports_dashboard_id","FOREIGN KEY","dashboard_id","Must reference bi_dashboards.id.","","FOREIGN KEY (`dashboard_id`) REFERENCES `bi_dashboards` (`id`)"
"CON-00947","dashboard_exports","fk_dashboard_exports_status_changed_by","FOREIGN KEY","status_changed_by","Must reference user_profiles.id.","","FOREIGN KEY (`status_changed_by`) REFERENCES `user_profiles` (`id`)"
"CON-00948","dashboard_exports","fk_dashboard_exports_created_by","FOREIGN KEY","created_by","Must reference user_profiles.id.","","FOREIGN KEY (`created_by`) REFERENCES `user_profiles` (`id`)"
"CON-00949","dashboard_exports","fk_dashboard_exports_updated_by","FOREIGN KEY","updated_by","Must reference user_profiles.id.","","FOREIGN KEY (`updated_by`) REFERENCES `user_profiles` (`id`)"
"CON-00950","dashboard_exports","fk_dashboard_exports_deleted_by","FOREIGN KEY","deleted_by","Must reference user_profiles.id.","","FOREIGN KEY (`deleted_by`) REFERENCES `user_profiles` (`id`)"
"CON-00951","dashboard_exports","fk_dashboard_exports_dashboard_version_id","FOREIGN KEY","dashboard_version_id","Must reference dashboard_versions.id.","","FOREIGN KEY (`dashboard_version_id`) REFERENCES `dashboard_versions` (`id`)"
"CON-00952","dashboard_exports","fk_dashboard_exports_export_job_id","FOREIGN KEY","export_job_id","Must reference export_jobs.id.","","FOREIGN KEY (`export_job_id`) REFERENCES `export_jobs` (`id`)"
"CON-00953","dashboard_exports","chk_dashboard_exports_status","CHECK","status","Allowed values: draft, active, inactive, archived, deleted","","CHECK (`status` IN ('draft', 'active', 'inactive', 'archived', 'deleted'))"
"CON-00954","report_definitions","pk_report_definitions","PRIMARY KEY","id","Every table has a surrogate primary key.","","PRIMARY KEY (`id`)"
"CON-00955","report_definitions","uk_report_definitions_org_code","UNIQUE","organization_id, code","Business key must be unique within its intended scope.","","UNIQUE KEY `uk_report_definitions_org_code` (`organization_id`, `code`)"
"CON-00956","report_definitions","uk_report_definitions_organization_id_project_id_code","UNIQUE","organization_id, project_id, code","Business key must be unique within its intended scope.","","UNIQUE KEY `uk_report_definitions_organization_id_project_id_code` (`organization_id`, `project_id`, `code`)"
"CON-00957","report_definitions","fk_report_definitions_organization_id","FOREIGN KEY","organization_id","Must reference organizations.id.","","FOREIGN KEY (`organization_id`) REFERENCES `organizations` (`id`)"
"CON-00958","report_definitions","fk_report_definitions_branch_id","FOREIGN KEY","branch_id","Must reference branches.id.","","FOREIGN KEY (`branch_id`) REFERENCES `branches` (`id`)"
"CON-00959","report_definitions","fk_report_definitions_project_id","FOREIGN KEY","project_id","Must reference bi_projects.id.","","FOREIGN KEY (`project_id`) REFERENCES `bi_projects` (`id`)"
"CON-00960","report_definitions","fk_report_definitions_dashboard_id","FOREIGN KEY","dashboard_id","Must reference bi_dashboards.id.","","FOREIGN KEY (`dashboard_id`) REFERENCES `bi_dashboards` (`id`)"
"CON-00961","report_definitions","fk_report_definitions_status_changed_by","FOREIGN KEY","status_changed_by","Must reference user_profiles.id.","","FOREIGN KEY (`status_changed_by`) REFERENCES `user_profiles` (`id`)"
"CON-00962","report_definitions","fk_report_definitions_created_by","FOREIGN KEY","created_by","Must reference user_profiles.id.","","FOREIGN KEY (`created_by`) REFERENCES `user_profiles` (`id`)"
"CON-00963","report_definitions","fk_report_definitions_updated_by","FOREIGN KEY","updated_by","Must reference user_profiles.id.","","FOREIGN KEY (`updated_by`) REFERENCES `user_profiles` (`id`)"
"CON-00964","report_definitions","fk_report_definitions_deleted_by","FOREIGN KEY","deleted_by","Must reference user_profiles.id.","","FOREIGN KEY (`deleted_by`) REFERENCES `user_profiles` (`id`)"
"CON-00965","report_definitions","fk_report_definitions_sql_query_id","FOREIGN KEY","sql_query_id","Must reference sql_queries.id.","","FOREIGN KEY (`sql_query_id`) REFERENCES `sql_queries` (`id`)"
"CON-00966","report_definitions","chk_report_definitions_status","CHECK","status","Allowed values: draft, active, inactive, archived, deleted","","CHECK (`status` IN ('draft', 'active', 'inactive', 'archived', 'deleted'))"
"CON-00967","report_definitions","chk_report_definitions_metadata_json_json","JSON VALIDATION","metadata_json","JSON column must contain valid JSON.","","CHECK (JSON_VALID(`metadata_json`))"
"CON-00968","report_definitions","chk_report_definitions_layout_json_json","JSON VALIDATION","layout_json","JSON column must contain valid JSON.","","CHECK (JSON_VALID(`layout_json`))"
"CON-00969","report_definitions","chk_report_definitions_schedule_json_json","JSON VALIDATION","schedule_json","JSON column must contain valid JSON.","","CHECK (JSON_VALID(`schedule_json`))"
"CON-00970","report_parameters","pk_report_parameters","PRIMARY KEY","id","Every table has a surrogate primary key.","","PRIMARY KEY (`id`)"
"CON-00971","report_parameters","uk_report_parameters_organization_id_report_definition_id_pa","UNIQUE","organization_id, report_definition_id, parameter_key","Business key must be unique within its intended scope.","","UNIQUE KEY `uk_report_parameters_organization_id_report_definition_id_pa` (`organization_id`, `report_definition_id`, `parameter_key`)"
"CON-00972","report_parameters","fk_report_parameters_organization_id","FOREIGN KEY","organization_id","Must reference organizations.id.","","FOREIGN KEY (`organization_id`) REFERENCES `organizations` (`id`)"
"CON-00973","report_parameters","fk_report_parameters_status_changed_by","FOREIGN KEY","status_changed_by","Must reference user_profiles.id.","","FOREIGN KEY (`status_changed_by`) REFERENCES `user_profiles` (`id`)"
"CON-00974","report_parameters","fk_report_parameters_created_by","FOREIGN KEY","created_by","Must reference user_profiles.id.","","FOREIGN KEY (`created_by`) REFERENCES `user_profiles` (`id`)"
"CON-00975","report_parameters","fk_report_parameters_updated_by","FOREIGN KEY","updated_by","Must reference user_profiles.id.","","FOREIGN KEY (`updated_by`) REFERENCES `user_profiles` (`id`)"
"CON-00976","report_parameters","fk_report_parameters_deleted_by","FOREIGN KEY","deleted_by","Must reference user_profiles.id.","","FOREIGN KEY (`deleted_by`) REFERENCES `user_profiles` (`id`)"
"CON-00977","report_parameters","fk_report_parameters_report_definition_id","FOREIGN KEY","report_definition_id","Must reference report_definitions.id.","","FOREIGN KEY (`report_definition_id`) REFERENCES `report_definitions` (`id`)"
"CON-00978","report_parameters","chk_report_parameters_status","CHECK","status","Allowed values: draft, active, inactive, archived, deleted","","CHECK (`status` IN ('draft', 'active', 'inactive', 'archived', 'deleted'))"
"CON-00979","report_parameters","chk_report_parameters_field_type","CHECK","field_type","Allowed values: date, number, text, boolean, currency, percentage, geography","","CHECK (`field_type` IN ('date', 'number', 'text', 'boolean', 'currency', 'percentage', 'geography'))"
"CON-00980","report_parameters","chk_report_parameters_default_value_json_json","JSON VALIDATION","default_value_json","JSON column must contain valid JSON.","","CHECK (JSON_VALID(`default_value_json`))"
"CON-00981","report_runs","pk_report_runs","PRIMARY KEY","id","Every table has a surrogate primary key.","","PRIMARY KEY (`id`)"
"CON-00982","report_runs","fk_report_runs_organization_id","FOREIGN KEY","organization_id","Must reference organizations.id.","","FOREIGN KEY (`organization_id`) REFERENCES `organizations` (`id`)"
"CON-00983","report_runs","fk_report_runs_status_changed_by","FOREIGN KEY","status_changed_by","Must reference user_profiles.id.","","FOREIGN KEY (`status_changed_by`) REFERENCES `user_profiles` (`id`)"
"CON-00984","report_runs","fk_report_runs_created_by","FOREIGN KEY","created_by","Must reference user_profiles.id.","","FOREIGN KEY (`created_by`) REFERENCES `user_profiles` (`id`)"
"CON-00985","report_runs","fk_report_runs_updated_by","FOREIGN KEY","updated_by","Must reference user_profiles.id.","","FOREIGN KEY (`updated_by`) REFERENCES `user_profiles` (`id`)"
"CON-00986","report_runs","fk_report_runs_deleted_by","FOREIGN KEY","deleted_by","Must reference user_profiles.id.","","FOREIGN KEY (`deleted_by`) REFERENCES `user_profiles` (`id`)"
"CON-00987","report_runs","fk_report_runs_report_definition_id","FOREIGN KEY","report_definition_id","Must reference report_definitions.id.","","FOREIGN KEY (`report_definition_id`) REFERENCES `report_definitions` (`id`)"
"CON-00988","report_runs","chk_report_runs_status","CHECK","status","Allowed values: queued, running, success, failed, cancelled, partial","","CHECK (`status` IN ('queued', 'running', 'success', 'failed', 'cancelled', 'partial'))"
"CON-00989","report_runs","chk_report_runs_parameter_values_json_json","JSON VALIDATION","parameter_values_json","JSON column must contain valid JSON.","","CHECK (JSON_VALID(`parameter_values_json`))"
"CON-00990","report_exports","pk_report_exports","PRIMARY KEY","id","Every table has a surrogate primary key.","","PRIMARY KEY (`id`)"
"CON-00991","report_exports","fk_report_exports_organization_id","FOREIGN KEY","organization_id","Must reference organizations.id.","","FOREIGN KEY (`organization_id`) REFERENCES `organizations` (`id`)"
"CON-00992","report_exports","fk_report_exports_status_changed_by","FOREIGN KEY","status_changed_by","Must reference user_profiles.id.","","FOREIGN KEY (`status_changed_by`) REFERENCES `user_profiles` (`id`)"
"CON-00993","report_exports","fk_report_exports_created_by","FOREIGN KEY","created_by","Must reference user_profiles.id.","","FOREIGN KEY (`created_by`) REFERENCES `user_profiles` (`id`)"
"CON-00994","report_exports","fk_report_exports_updated_by","FOREIGN KEY","updated_by","Must reference user_profiles.id.","","FOREIGN KEY (`updated_by`) REFERENCES `user_profiles` (`id`)"
"CON-00995","report_exports","fk_report_exports_deleted_by","FOREIGN KEY","deleted_by","Must reference user_profiles.id.","","FOREIGN KEY (`deleted_by`) REFERENCES `user_profiles` (`id`)"
"CON-00996","report_exports","fk_report_exports_export_file_id","FOREIGN KEY","export_file_id","Must reference export_files.id.","","FOREIGN KEY (`export_file_id`) REFERENCES `export_files` (`id`)"
"CON-00997","report_exports","fk_report_exports_file_id","FOREIGN KEY","file_id","Must reference files.id.","","FOREIGN KEY (`file_id`) REFERENCES `files` (`id`)"
"CON-00998","report_exports","fk_report_exports_report_run_id","FOREIGN KEY","report_run_id","Must reference report_runs.id.","","FOREIGN KEY (`report_run_id`) REFERENCES `report_runs` (`id`)"
"CON-00999","report_exports","chk_report_exports_status","CHECK","status","Allowed values: draft, active, inactive, archived, deleted","","CHECK (`status` IN ('draft', 'active', 'inactive', 'archived', 'deleted'))"
"CON-01000","user_preferences","pk_user_preferences","PRIMARY KEY","id","Every table has a surrogate primary key.","","PRIMARY KEY (`id`)"
"CON-01001","user_preferences","uk_user_preferences_organization_id_user_id","UNIQUE","organization_id, user_id","Business key must be unique within its intended scope.","","UNIQUE KEY `uk_user_preferences_organization_id_user_id` (`organization_id`, `user_id`)"
"CON-01002","user_preferences","fk_user_preferences_organization_id","FOREIGN KEY","organization_id","Must reference organizations.id.","","FOREIGN KEY (`organization_id`) REFERENCES `organizations` (`id`)"
"CON-01003","user_preferences","fk_user_preferences_status_changed_by","FOREIGN KEY","status_changed_by","Must reference user_profiles.id.","","FOREIGN KEY (`status_changed_by`) REFERENCES `user_profiles` (`id`)"
"CON-01004","user_preferences","fk_user_preferences_created_by","FOREIGN KEY","created_by","Must reference user_profiles.id.","","FOREIGN KEY (`created_by`) REFERENCES `user_profiles` (`id`)"
"CON-01005","user_preferences","fk_user_preferences_updated_by","FOREIGN KEY","updated_by","Must reference user_profiles.id.","","FOREIGN KEY (`updated_by`) REFERENCES `user_profiles` (`id`)"
"CON-01006","user_preferences","fk_user_preferences_deleted_by","FOREIGN KEY","deleted_by","Must reference user_profiles.id.","","FOREIGN KEY (`deleted_by`) REFERENCES `user_profiles` (`id`)"
"CON-01007","user_preferences","fk_user_preferences_user_id","FOREIGN KEY","user_id","Must reference user_profiles.id.","","FOREIGN KEY (`user_id`) REFERENCES `user_profiles` (`id`)"
"CON-01008","user_preferences","chk_user_preferences_status","CHECK","status","Allowed values: draft, active, inactive, archived, deleted","","CHECK (`status` IN ('draft', 'active', 'inactive', 'archived', 'deleted'))"
"CON-01009","user_preferences","chk_user_preferences_density","CHECK","density","Allowed values: compact, comfortable, spacious","","CHECK (`density` IN ('compact', 'comfortable', 'spacious'))"
"CON-01010","user_preferences","chk_user_preferences_theme","CHECK","theme","Allowed values: light, dark, auto","","CHECK (`theme` IN ('light', 'dark', 'auto'))"
"CON-01011","user_preferences","chk_user_preferences_metadata_json_json","JSON VALIDATION","metadata_json","JSON column must contain valid JSON.","","CHECK (JSON_VALID(`metadata_json`))"
"CON-01012","user_preferences","chk_user_preferences_dashboard_preferences_json_json","JSON VALIDATION","dashboard_preferences_json","JSON column must contain valid JSON.","","CHECK (JSON_VALID(`dashboard_preferences_json`))"
"CON-01013","user_preferences","chk_user_preferences_notification_preferences_json_json","JSON VALIDATION","notification_preferences_json","JSON column must contain valid JSON.","","CHECK (JSON_VALID(`notification_preferences_json`))"
"CON-01241","files","pk_files","PRIMARY KEY","id","Every table has a surrogate primary key.","","PRIMARY KEY (`id`)"
"CON-01242","files","uk_files_organization_id_storage_provider_storage_key","UNIQUE","organization_id, storage_provider, storage_key","Business key must be unique within its intended scope.","","UNIQUE KEY `uk_files_organization_id_storage_provider_storage_key` (`organization_id`, `storage_provider`, `storage_key`)"
"CON-01243","files","fk_files_organization_id","FOREIGN KEY","organization_id","Must reference organizations.id.","","FOREIGN KEY (`organization_id`) REFERENCES `organizations` (`id`)"
"CON-01244","files","fk_files_branch_id","FOREIGN KEY","branch_id","Must reference branches.id.","","FOREIGN KEY (`branch_id`) REFERENCES `branches` (`id`)"
"CON-01245","files","fk_files_status_changed_by","FOREIGN KEY","status_changed_by","Must reference user_profiles.id.","","FOREIGN KEY (`status_changed_by`) REFERENCES `user_profiles` (`id`)"
"CON-01246","files","fk_files_created_by","FOREIGN KEY","created_by","Must reference user_profiles.id.","","FOREIGN KEY (`created_by`) REFERENCES `user_profiles` (`id`)"
"CON-01247","files","fk_files_updated_by","FOREIGN KEY","updated_by","Must reference user_profiles.id.","","FOREIGN KEY (`updated_by`) REFERENCES `user_profiles` (`id`)"
"CON-01248","files","fk_files_deleted_by","FOREIGN KEY","deleted_by","Must reference user_profiles.id.","","FOREIGN KEY (`deleted_by`) REFERENCES `user_profiles` (`id`)"
"CON-01249","files","fk_files_uploaded_by","FOREIGN KEY","uploaded_by","Must reference user_profiles.id.","","FOREIGN KEY (`uploaded_by`) REFERENCES `user_profiles` (`id`)"
"CON-01250","files","chk_files_status","CHECK","status","Allowed values: draft, active, inactive, archived, deleted","","CHECK (`status` IN ('draft', 'active', 'inactive', 'archived', 'deleted'))"
"CON-01251","files","chk_files_metadata_json_json","JSON VALIDATION","metadata_json","JSON column must contain valid JSON.","","CHECK (JSON_VALID(`metadata_json`))"
"CON-01252","file_versions","pk_file_versions","PRIMARY KEY","id","Every table has a surrogate primary key.","","PRIMARY KEY (`id`)"
"CON-01253","file_versions","uk_file_versions_organization_id_file_id_version_no","UNIQUE","organization_id, file_id, version_no","Business key must be unique within its intended scope.","","UNIQUE KEY `uk_file_versions_organization_id_file_id_version_no` (`organization_id`, `file_id`, `version_no`)"
"CON-01254","file_versions","fk_file_versions_organization_id","FOREIGN KEY","organization_id","Must reference organizations.id.","","FOREIGN KEY (`organization_id`) REFERENCES `organizations` (`id`)"
"CON-01255","file_versions","fk_file_versions_status_changed_by","FOREIGN KEY","status_changed_by","Must reference user_profiles.id.","","FOREIGN KEY (`status_changed_by`) REFERENCES `user_profiles` (`id`)"
"CON-01256","file_versions","fk_file_versions_created_by","FOREIGN KEY","created_by","Must reference user_profiles.id.","","FOREIGN KEY (`created_by`) REFERENCES `user_profiles` (`id`)"
"CON-01257","file_versions","fk_file_versions_updated_by","FOREIGN KEY","updated_by","Must reference user_profiles.id.","","FOREIGN KEY (`updated_by`) REFERENCES `user_profiles` (`id`)"
"CON-01258","file_versions","fk_file_versions_deleted_by","FOREIGN KEY","deleted_by","Must reference user_profiles.id.","","FOREIGN KEY (`deleted_by`) REFERENCES `user_profiles` (`id`)"
"CON-01259","file_versions","fk_file_versions_file_id","FOREIGN KEY","file_id","Must reference files.id.","","FOREIGN KEY (`file_id`) REFERENCES `files` (`id`)"
"CON-01260","file_versions","chk_file_versions_status","CHECK","status","Allowed values: draft, active, inactive, archived, deleted","","CHECK (`status` IN ('draft', 'active', 'inactive', 'archived', 'deleted'))"
"CON-01319","audit_logs","pk_audit_logs","PRIMARY KEY","id","Every table has a surrogate primary key.","","PRIMARY KEY (`id`)"
"CON-01320","audit_logs","fk_audit_logs_organization_id","FOREIGN KEY","organization_id","Must reference organizations.id.","","FOREIGN KEY (`organization_id`) REFERENCES `organizations` (`id`)"
"CON-01321","audit_logs","fk_audit_logs_branch_id","FOREIGN KEY","branch_id","Must reference branches.id.","","FOREIGN KEY (`branch_id`) REFERENCES `branches` (`id`)"
"CON-01322","audit_logs","fk_audit_logs_created_by","FOREIGN KEY","created_by","Must reference user_profiles.id.","","FOREIGN KEY (`created_by`) REFERENCES `user_profiles` (`id`)"
"CON-01323","audit_logs","fk_audit_logs_updated_by","FOREIGN KEY","updated_by","Must reference user_profiles.id.","","FOREIGN KEY (`updated_by`) REFERENCES `user_profiles` (`id`)"
"CON-01324","audit_logs","fk_audit_logs_actor_user_id","FOREIGN KEY","actor_user_id","Must reference user_profiles.id.","","FOREIGN KEY (`actor_user_id`) REFERENCES `user_profiles` (`id`)"
"CON-01325","audit_logs","chk_audit_logs_metadata_json_json","JSON VALIDATION","metadata_json","JSON column must contain valid JSON.","","CHECK (JSON_VALID(`metadata_json`))"
"CON-01326","audit_logs","chk_audit_logs_after_json_json","JSON VALIDATION","after_json","JSON column must contain valid JSON.","","CHECK (JSON_VALID(`after_json`))"
"CON-01327","audit_logs","chk_audit_logs_before_json_json","JSON VALIDATION","before_json","JSON column must contain valid JSON.","","CHECK (JSON_VALID(`before_json`))"
"CON-01335","error_logs","pk_error_logs","PRIMARY KEY","id","Every table has a surrogate primary key.","","PRIMARY KEY (`id`)"
"CON-01336","error_logs","fk_error_logs_organization_id","FOREIGN KEY","organization_id","Must reference organizations.id.","","FOREIGN KEY (`organization_id`) REFERENCES `organizations` (`id`)"
"CON-01337","error_logs","fk_error_logs_status_changed_by","FOREIGN KEY","status_changed_by","Must reference user_profiles.id.","","FOREIGN KEY (`status_changed_by`) REFERENCES `user_profiles` (`id`)"
"CON-01338","error_logs","fk_error_logs_created_by","FOREIGN KEY","created_by","Must reference user_profiles.id.","","FOREIGN KEY (`created_by`) REFERENCES `user_profiles` (`id`)"
"CON-01339","error_logs","fk_error_logs_updated_by","FOREIGN KEY","updated_by","Must reference user_profiles.id.","","FOREIGN KEY (`updated_by`) REFERENCES `user_profiles` (`id`)"
"CON-01340","error_logs","chk_error_logs_status","CHECK","status","Allowed values: debug, info, notice, warning, error, critical","","CHECK (`status` IN ('debug', 'info', 'notice', 'warning', 'error', 'critical'))"
"CON-01341","error_logs","chk_error_logs_metadata_json_json","JSON VALIDATION","metadata_json","JSON column must contain valid JSON.","","CHECK (JSON_VALID(`metadata_json`))"
"CON-01342","error_logs","chk_error_logs_context_json_json","JSON VALIDATION","context_json","JSON column must contain valid JSON.","","CHECK (JSON_VALID(`context_json`))"
"CON-01343","api_request_logs","pk_api_request_logs","PRIMARY KEY","id","Every table has a surrogate primary key.","","PRIMARY KEY (`id`)"
"CON-01344","api_request_logs","fk_api_request_logs_organization_id","FOREIGN KEY","organization_id","Must reference organizations.id.","","FOREIGN KEY (`organization_id`) REFERENCES `organizations` (`id`)"
"CON-01345","api_request_logs","fk_api_request_logs_created_by","FOREIGN KEY","created_by","Must reference user_profiles.id.","","FOREIGN KEY (`created_by`) REFERENCES `user_profiles` (`id`)"
"CON-01346","api_request_logs","fk_api_request_logs_updated_by","FOREIGN KEY","updated_by","Must reference user_profiles.id.","","FOREIGN KEY (`updated_by`) REFERENCES `user_profiles` (`id`)"
"CON-01347","api_request_logs","fk_api_request_logs_user_id","FOREIGN KEY","user_id","Must reference user_profiles.id.","","FOREIGN KEY (`user_id`) REFERENCES `user_profiles` (`id`)"
"CON-01348","api_request_logs","chk_api_request_logs_metadata_json_json","JSON VALIDATION","metadata_json","JSON column must contain valid JSON.","","CHECK (JSON_VALID(`metadata_json`))"
"CON-01358","retention_policies","pk_retention_policies","PRIMARY KEY","id","Every table has a surrogate primary key.","","PRIMARY KEY (`id`)"
"CON-01359","retention_policies","uk_retention_policies_org_code","UNIQUE","organization_id, code","Business key must be unique within its intended scope.","","UNIQUE KEY `uk_retention_policies_org_code` (`organization_id`, `code`)"
"CON-01360","retention_policies","fk_retention_policies_organization_id","FOREIGN KEY","organization_id","Must reference organizations.id.","","FOREIGN KEY (`organization_id`) REFERENCES `organizations` (`id`)"
"CON-01361","retention_policies","fk_retention_policies_status_changed_by","FOREIGN KEY","status_changed_by","Must reference user_profiles.id.","","FOREIGN KEY (`status_changed_by`) REFERENCES `user_profiles` (`id`)"
"CON-01362","retention_policies","fk_retention_policies_created_by","FOREIGN KEY","created_by","Must reference user_profiles.id.","","FOREIGN KEY (`created_by`) REFERENCES `user_profiles` (`id`)"
"CON-01363","retention_policies","fk_retention_policies_updated_by","FOREIGN KEY","updated_by","Must reference user_profiles.id.","","FOREIGN KEY (`updated_by`) REFERENCES `user_profiles` (`id`)"
"CON-01364","retention_policies","fk_retention_policies_deleted_by","FOREIGN KEY","deleted_by","Must reference user_profiles.id.","","FOREIGN KEY (`deleted_by`) REFERENCES `user_profiles` (`id`)"
"CON-01365","retention_policies","chk_retention_policies_status","CHECK","status","Allowed values: draft, active, inactive, archived, deleted","","CHECK (`status` IN ('draft', 'active', 'inactive', 'archived', 'deleted'))"
"CON-01366","retention_policies","chk_retention_policies_metadata_json_json","JSON VALIDATION","metadata_json","JSON column must contain valid JSON.","","CHECK (JSON_VALID(`metadata_json`))"
"CON-01367","retention_policies","chk_retention_policies_policy_options_json_json","JSON VALIDATION","policy_options_json","JSON column must contain valid JSON.","","CHECK (JSON_VALID(`policy_options_json`))"
"CON-01443","data_quality_rules","pk_data_quality_rules","PRIMARY KEY","id","Every table has a surrogate primary key.","","PRIMARY KEY (`id`)"
"CON-01444","data_quality_rules","uk_data_quality_rules_org_code","UNIQUE","organization_id, code","Business key must be unique within its intended scope.","","UNIQUE KEY `uk_data_quality_rules_org_code` (`organization_id`, `code`)"
"CON-01445","data_quality_rules","fk_data_quality_rules_organization_id","FOREIGN KEY","organization_id","Must reference organizations.id.","","FOREIGN KEY (`organization_id`) REFERENCES `organizations` (`id`)"
"CON-01446","data_quality_rules","fk_data_quality_rules_status_changed_by","FOREIGN KEY","status_changed_by","Must reference user_profiles.id.","","FOREIGN KEY (`status_changed_by`) REFERENCES `user_profiles` (`id`)"
"CON-01447","data_quality_rules","fk_data_quality_rules_created_by","FOREIGN KEY","created_by","Must reference user_profiles.id.","","FOREIGN KEY (`created_by`) REFERENCES `user_profiles` (`id`)"
"CON-01448","data_quality_rules","fk_data_quality_rules_updated_by","FOREIGN KEY","updated_by","Must reference user_profiles.id.","","FOREIGN KEY (`updated_by`) REFERENCES `user_profiles` (`id`)"
"CON-01449","data_quality_rules","fk_data_quality_rules_deleted_by","FOREIGN KEY","deleted_by","Must reference user_profiles.id.","","FOREIGN KEY (`deleted_by`) REFERENCES `user_profiles` (`id`)"
"CON-01450","data_quality_rules","chk_data_quality_rules_status","CHECK","status","Allowed values: draft, active, inactive, archived, deleted","","CHECK (`status` IN ('draft', 'active', 'inactive', 'archived', 'deleted'))"
"CON-01451","data_quality_rules","chk_data_quality_rules_operator","CHECK","operator","Allowed values: equals, not_equals, contains, in, not_in, between, greater_than, less_than, is_null, is_not_null","","CHECK (`operator` IN ('equals', 'not_equals', 'contains', 'in', 'not_in', 'between', 'greater_than', 'less_than', 'is_null', 'is_not_null'))"
"CON-01452","data_quality_rules","chk_data_quality_rules_severity","CHECK","severity","Allowed values: debug, info, notice, warning, error, critical","","CHECK (`severity` IN ('debug', 'info', 'notice', 'warning', 'error', 'critical'))"
"CON-01453","data_quality_rules","chk_data_quality_rules_metadata_json_json","JSON VALIDATION","metadata_json","JSON column must contain valid JSON.","","CHECK (JSON_VALID(`metadata_json`))"
"CON-01454","data_quality_rules","chk_data_quality_rules_rule_config_json_json","JSON VALIDATION","rule_config_json","JSON column must contain valid JSON.","","CHECK (JSON_VALID(`rule_config_json`))"
"CON-01455","data_quality_rule_assignments","pk_data_quality_rule_assignments","PRIMARY KEY","id","Every table has a surrogate primary key.","","PRIMARY KEY (`id`)"
"CON-01456","data_quality_rule_assignments","uk_data_quality_rule_assignments_organization_id_rule_id_tar","UNIQUE","organization_id, rule_id, target_table, target_id","Business key must be unique within its intended scope.","","UNIQUE KEY `uk_data_quality_rule_assignments_organization_id_rule_id_tar` (`organization_id`, `rule_id`, `target_table`, `target_id`)"
"CON-01457","data_quality_rule_assignments","fk_data_quality_rule_assignments_organization_id","FOREIGN KEY","organization_id","Must reference organizations.id.","","FOREIGN KEY (`organization_id`) REFERENCES `organizations` (`id`)"
"CON-01458","data_quality_rule_assignments","fk_data_quality_rule_assignments_status_changed_by","FOREIGN KEY","status_changed_by","Must reference user_profiles.id.","","FOREIGN KEY (`status_changed_by`) REFERENCES `user_profiles` (`id`)"
"CON-01459","data_quality_rule_assignments","fk_data_quality_rule_assignments_created_by","FOREIGN KEY","created_by","Must reference user_profiles.id.","","FOREIGN KEY (`created_by`) REFERENCES `user_profiles` (`id`)"
"CON-01460","data_quality_rule_assignments","fk_data_quality_rule_assignments_updated_by","FOREIGN KEY","updated_by","Must reference user_profiles.id.","","FOREIGN KEY (`updated_by`) REFERENCES `user_profiles` (`id`)"
"CON-01461","data_quality_rule_assignments","fk_data_quality_rule_assignments_deleted_by","FOREIGN KEY","deleted_by","Must reference user_profiles.id.","","FOREIGN KEY (`deleted_by`) REFERENCES `user_profiles` (`id`)"
"CON-01462","data_quality_rule_assignments","fk_data_quality_rule_assignments_rule_id","FOREIGN KEY","rule_id","Must reference data_quality_rules.id.","","FOREIGN KEY (`rule_id`) REFERENCES `data_quality_rules` (`id`)"
"CON-01463","data_quality_rule_assignments","chk_data_quality_rule_assignments_status","CHECK","status","Allowed values: draft, active, inactive, archived, deleted","","CHECK (`status` IN ('draft', 'active', 'inactive', 'archived', 'deleted'))"
"CON-01464","data_quality_findings","pk_data_quality_findings","PRIMARY KEY","id","Every table has a surrogate primary key.","","PRIMARY KEY (`id`)"
"CON-01465","data_quality_findings","fk_data_quality_findings_organization_id","FOREIGN KEY","organization_id","Must reference organizations.id.","","FOREIGN KEY (`organization_id`) REFERENCES `organizations` (`id`)"
"CON-01466","data_quality_findings","fk_data_quality_findings_status_changed_by","FOREIGN KEY","status_changed_by","Must reference user_profiles.id.","","FOREIGN KEY (`status_changed_by`) REFERENCES `user_profiles` (`id`)"
"CON-01467","data_quality_findings","fk_data_quality_findings_created_by","FOREIGN KEY","created_by","Must reference user_profiles.id.","","FOREIGN KEY (`created_by`) REFERENCES `user_profiles` (`id`)"
"CON-01468","data_quality_findings","fk_data_quality_findings_updated_by","FOREIGN KEY","updated_by","Must reference user_profiles.id.","","FOREIGN KEY (`updated_by`) REFERENCES `user_profiles` (`id`)"
"CON-01469","data_quality_findings","fk_data_quality_findings_deleted_by","FOREIGN KEY","deleted_by","Must reference user_profiles.id.","","FOREIGN KEY (`deleted_by`) REFERENCES `user_profiles` (`id`)"
"CON-01470","data_quality_findings","fk_data_quality_findings_rule_id","FOREIGN KEY","rule_id","Must reference data_quality_rules.id.","","FOREIGN KEY (`rule_id`) REFERENCES `data_quality_rules` (`id`)"
"CON-01471","data_quality_findings","chk_data_quality_findings_status","CHECK","status","Allowed values: debug, info, notice, warning, error, critical","","CHECK (`status` IN ('debug', 'info', 'notice', 'warning', 'error', 'critical'))"
"CON-01472","data_quality_findings","chk_data_quality_findings_metadata_json_json","JSON VALIDATION","metadata_json","JSON column must contain valid JSON.","","CHECK (JSON_VALID(`metadata_json`))"
"CON-01473","data_quality_findings","chk_data_quality_findings_finding_context_json_json","JSON VALIDATION","finding_context_json","JSON column must contain valid JSON.","","CHECK (JSON_VALID(`finding_context_json`))"
"CON-01474","sensitivity_labels","pk_sensitivity_labels","PRIMARY KEY","id","Every table has a surrogate primary key.","","PRIMARY KEY (`id`)"
"CON-01475","sensitivity_labels","uk_sensitivity_labels_org_code","UNIQUE","organization_id, code","Business key must be unique within its intended scope.","","UNIQUE KEY `uk_sensitivity_labels_org_code` (`organization_id`, `code`)"
"CON-01476","sensitivity_labels","fk_sensitivity_labels_organization_id","FOREIGN KEY","organization_id","Must reference organizations.id.","","FOREIGN KEY (`organization_id`) REFERENCES `organizations` (`id`)"
"CON-01477","sensitivity_labels","fk_sensitivity_labels_status_changed_by","FOREIGN KEY","status_changed_by","Must reference user_profiles.id.","","FOREIGN KEY (`status_changed_by`) REFERENCES `user_profiles` (`id`)"
"CON-01478","sensitivity_labels","fk_sensitivity_labels_created_by","FOREIGN KEY","created_by","Must reference user_profiles.id.","","FOREIGN KEY (`created_by`) REFERENCES `user_profiles` (`id`)"
"CON-01479","sensitivity_labels","fk_sensitivity_labels_updated_by","FOREIGN KEY","updated_by","Must reference user_profiles.id.","","FOREIGN KEY (`updated_by`) REFERENCES `user_profiles` (`id`)"
"CON-01480","sensitivity_labels","fk_sensitivity_labels_deleted_by","FOREIGN KEY","deleted_by","Must reference user_profiles.id.","","FOREIGN KEY (`deleted_by`) REFERENCES `user_profiles` (`id`)"
"CON-01481","sensitivity_labels","chk_sensitivity_labels_status","CHECK","status","Allowed values: draft, active, inactive, archived, deleted","","CHECK (`status` IN ('draft', 'active', 'inactive', 'archived', 'deleted'))"
"CON-01482","sensitivity_labels","chk_sensitivity_labels_metadata_json_json","JSON VALIDATION","metadata_json","JSON column must contain valid JSON.","","CHECK (JSON_VALID(`metadata_json`))"
"CON-01483","sensitivity_labels","chk_sensitivity_labels_handling_policy_json_json","JSON VALIDATION","handling_policy_json","JSON column must contain valid JSON.","","CHECK (JSON_VALID(`handling_policy_json`))"
"CON-01484","sensitivity_label_assignments","pk_sensitivity_label_assignments","PRIMARY KEY","id","Every table has a surrogate primary key.","","PRIMARY KEY (`id`)"
"CON-01485","sensitivity_label_assignments","uk_sensitivity_label_assignments_organization_id_sensitivity","UNIQUE","organization_id, sensitivity_label_id, target_table, target_id","Business key must be unique within its intended scope.","","UNIQUE KEY `uk_sensitivity_label_assignments_organization_id_sensitivity` (`organization_id`, `sensitivity_label_id`, `target_table`, `target_id`)"
"CON-01486","sensitivity_label_assignments","fk_sensitivity_label_assignments_organization_id","FOREIGN KEY","organization_id","Must reference organizations.id.","","FOREIGN KEY (`organization_id`) REFERENCES `organizations` (`id`)"
"CON-01487","sensitivity_label_assignments","fk_sensitivity_label_assignments_status_changed_by","FOREIGN KEY","status_changed_by","Must reference user_profiles.id.","","FOREIGN KEY (`status_changed_by`) REFERENCES `user_profiles` (`id`)"
"CON-01488","sensitivity_label_assignments","fk_sensitivity_label_assignments_created_by","FOREIGN KEY","created_by","Must reference user_profiles.id.","","FOREIGN KEY (`created_by`) REFERENCES `user_profiles` (`id`)"
"CON-01489","sensitivity_label_assignments","fk_sensitivity_label_assignments_updated_by","FOREIGN KEY","updated_by","Must reference user_profiles.id.","","FOREIGN KEY (`updated_by`) REFERENCES `user_profiles` (`id`)"
"CON-01490","sensitivity_label_assignments","fk_sensitivity_label_assignments_deleted_by","FOREIGN KEY","deleted_by","Must reference user_profiles.id.","","FOREIGN KEY (`deleted_by`) REFERENCES `user_profiles` (`id`)"
"CON-01491","sensitivity_label_assignments","fk_sensitivity_label_assignments_sensitivity_label_id","FOREIGN KEY","sensitivity_label_id","Must reference sensitivity_labels.id.","","FOREIGN KEY (`sensitivity_label_id`) REFERENCES `sensitivity_labels` (`id`)"
"CON-01492","sensitivity_label_assignments","chk_sensitivity_label_assignments_status","CHECK","status","Allowed values: draft, active, inactive, archived, deleted","","CHECK (`status` IN ('draft', 'active', 'inactive', 'archived', 'deleted'))"
"CON-01493","asset_certifications","pk_asset_certifications","PRIMARY KEY","id","Every table has a surrogate primary key.","","PRIMARY KEY (`id`)"
"CON-01494","asset_certifications","fk_asset_certifications_organization_id","FOREIGN KEY","organization_id","Must reference organizations.id.","","FOREIGN KEY (`organization_id`) REFERENCES `organizations` (`id`)"
"CON-01495","asset_certifications","fk_asset_certifications_status_changed_by","FOREIGN KEY","status_changed_by","Must reference user_profiles.id.","","FOREIGN KEY (`status_changed_by`) REFERENCES `user_profiles` (`id`)"
"CON-01496","asset_certifications","fk_asset_certifications_created_by","FOREIGN KEY","created_by","Must reference user_profiles.id.","","FOREIGN KEY (`created_by`) REFERENCES `user_profiles` (`id`)"
"CON-01497","asset_certifications","fk_asset_certifications_updated_by","FOREIGN KEY","updated_by","Must reference user_profiles.id.","","FOREIGN KEY (`updated_by`) REFERENCES `user_profiles` (`id`)"
"CON-01498","asset_certifications","fk_asset_certifications_deleted_by","FOREIGN KEY","deleted_by","Must reference user_profiles.id.","","FOREIGN KEY (`deleted_by`) REFERENCES `user_profiles` (`id`)"
"CON-01499","asset_certifications","fk_asset_certifications_certified_by","FOREIGN KEY","certified_by","Must reference user_profiles.id.","","FOREIGN KEY (`certified_by`) REFERENCES `user_profiles` (`id`)"
"CON-01500","asset_certifications","chk_asset_certifications_status","CHECK","status","Allowed values: new, validated, approved, published, locked, retired","","CHECK (`status` IN ('new', 'validated', 'approved', 'published', 'locked', 'retired'))"
"CON-01501","asset_certifications","chk_asset_certifications_metadata_json_json","JSON VALIDATION","metadata_json","JSON column must contain valid JSON.","","CHECK (JSON_VALID(`metadata_json`))"
"CON-01513","webhook_endpoints","pk_webhook_endpoints","PRIMARY KEY","id","Every table has a surrogate primary key.","","PRIMARY KEY (`id`)"
"CON-01514","webhook_endpoints","uk_webhook_endpoints_org_code","UNIQUE","organization_id, code","Business key must be unique within its intended scope.","","UNIQUE KEY `uk_webhook_endpoints_org_code` (`organization_id`, `code`)"
"CON-01515","webhook_endpoints","fk_webhook_endpoints_organization_id","FOREIGN KEY","organization_id","Must reference organizations.id.","","FOREIGN KEY (`organization_id`) REFERENCES `organizations` (`id`)"
"CON-01516","webhook_endpoints","fk_webhook_endpoints_status_changed_by","FOREIGN KEY","status_changed_by","Must reference user_profiles.id.","","FOREIGN KEY (`status_changed_by`) REFERENCES `user_profiles` (`id`)"
"CON-01517","webhook_endpoints","fk_webhook_endpoints_created_by","FOREIGN KEY","created_by","Must reference user_profiles.id.","","FOREIGN KEY (`created_by`) REFERENCES `user_profiles` (`id`)"
"CON-01518","webhook_endpoints","fk_webhook_endpoints_updated_by","FOREIGN KEY","updated_by","Must reference user_profiles.id.","","FOREIGN KEY (`updated_by`) REFERENCES `user_profiles` (`id`)"
"CON-01519","webhook_endpoints","fk_webhook_endpoints_deleted_by","FOREIGN KEY","deleted_by","Must reference user_profiles.id.","","FOREIGN KEY (`deleted_by`) REFERENCES `user_profiles` (`id`)"
"CON-01520","webhook_endpoints","chk_webhook_endpoints_status","CHECK","status","Allowed values: draft, active, inactive, archived, deleted","","CHECK (`status` IN ('draft', 'active', 'inactive', 'archived', 'deleted'))"
"CON-01521","webhook_endpoints","chk_webhook_endpoints_metadata_json_json","JSON VALIDATION","metadata_json","JSON column must contain valid JSON.","","CHECK (JSON_VALID(`metadata_json`))"
"CON-01522","webhook_endpoints","chk_webhook_endpoints_event_filter_json_json","JSON VALIDATION","event_filter_json","JSON column must contain valid JSON.","","CHECK (JSON_VALID(`event_filter_json`))"
"CON-01523","webhook_events","pk_webhook_events","PRIMARY KEY","id","Every table has a surrogate primary key.","","PRIMARY KEY (`id`)"
"CON-01524","webhook_events","fk_webhook_events_organization_id","FOREIGN KEY","organization_id","Must reference organizations.id.","","FOREIGN KEY (`organization_id`) REFERENCES `organizations` (`id`)"
"CON-01525","webhook_events","fk_webhook_events_status_changed_by","FOREIGN KEY","status_changed_by","Must reference user_profiles.id.","","FOREIGN KEY (`status_changed_by`) REFERENCES `user_profiles` (`id`)"
"CON-01526","webhook_events","fk_webhook_events_created_by","FOREIGN KEY","created_by","Must reference user_profiles.id.","","FOREIGN KEY (`created_by`) REFERENCES `user_profiles` (`id`)"
"CON-01527","webhook_events","fk_webhook_events_updated_by","FOREIGN KEY","updated_by","Must reference user_profiles.id.","","FOREIGN KEY (`updated_by`) REFERENCES `user_profiles` (`id`)"
"CON-01528","webhook_events","fk_webhook_events_deleted_by","FOREIGN KEY","deleted_by","Must reference user_profiles.id.","","FOREIGN KEY (`deleted_by`) REFERENCES `user_profiles` (`id`)"
"CON-01529","webhook_events","chk_webhook_events_status","CHECK","status","Allowed values: queued, running, success, failed, cancelled, partial","","CHECK (`status` IN ('queued', 'running', 'success', 'failed', 'cancelled', 'partial'))"
"CON-01530","webhook_events","chk_webhook_events_metadata_json_json","JSON VALIDATION","metadata_json","JSON column must contain valid JSON.","","CHECK (JSON_VALID(`metadata_json`))"
"CON-01531","webhook_events","chk_webhook_events_payload_json_json","JSON VALIDATION","payload_json","JSON column must contain valid JSON.","","CHECK (JSON_VALID(`payload_json`))"
"CON-01532","webhook_delivery_attempts","pk_webhook_delivery_attempts","PRIMARY KEY","id","Every table has a surrogate primary key.","","PRIMARY KEY (`id`)"
"CON-01533","webhook_delivery_attempts","fk_webhook_delivery_attempts_organization_id","FOREIGN KEY","organization_id","Must reference organizations.id.","","FOREIGN KEY (`organization_id`) REFERENCES `organizations` (`id`)"
"CON-01534","webhook_delivery_attempts","fk_webhook_delivery_attempts_status_changed_by","FOREIGN KEY","status_changed_by","Must reference user_profiles.id.","","FOREIGN KEY (`status_changed_by`) REFERENCES `user_profiles` (`id`)"
"CON-01535","webhook_delivery_attempts","fk_webhook_delivery_attempts_created_by","FOREIGN KEY","created_by","Must reference user_profiles.id.","","FOREIGN KEY (`created_by`) REFERENCES `user_profiles` (`id`)"
"CON-01536","webhook_delivery_attempts","fk_webhook_delivery_attempts_updated_by","FOREIGN KEY","updated_by","Must reference user_profiles.id.","","FOREIGN KEY (`updated_by`) REFERENCES `user_profiles` (`id`)"
"CON-01537","webhook_delivery_attempts","fk_webhook_delivery_attempts_webhook_endpoint_id","FOREIGN KEY","webhook_endpoint_id","Must reference webhook_endpoints.id.","","FOREIGN KEY (`webhook_endpoint_id`) REFERENCES `webhook_endpoints` (`id`)"
"CON-01538","webhook_delivery_attempts","fk_webhook_delivery_attempts_webhook_event_id","FOREIGN KEY","webhook_event_id","Must reference webhook_events.id.","","FOREIGN KEY (`webhook_event_id`) REFERENCES `webhook_events` (`id`)"
"CON-01539","webhook_delivery_attempts","chk_webhook_delivery_attempts_status","CHECK","status","Allowed values: queued, running, success, failed, cancelled, partial","","CHECK (`status` IN ('queued', 'running', 'success', 'failed', 'cancelled', 'partial'))"
