"TableName","IndexName","Columns","IndexType","Unique","Purpose","Priority","SuggestedDDL"
"api_request_logs","idx_api_request_logs_org_created","organization_id, created_at","BTREE","NO","Tenant timeline and retention filtering.","recommended","KEY `idx_api_request_logs_org_created` (`organization_id`, `created_at`)"
"api_request_logs","idx_api_request_logs_created_by","created_by","BTREE","NO","Foreign key lookup to user_profiles.","required","KEY `idx_api_request_logs_created_by` (`created_by`)"
"api_request_logs","idx_api_request_logs_organization_id","organization_id","BTREE","NO","Foreign key lookup to organizations.","required","KEY `idx_api_request_logs_organization_id` (`organization_id`)"
"api_request_logs","idx_api_request_logs_updated_by","updated_by","BTREE","NO","Foreign key lookup to user_profiles.","required","KEY `idx_api_request_logs_updated_by` (`updated_by`)"
"api_request_logs","idx_api_request_logs_user_id","user_id","BTREE","NO","Foreign key lookup to user_profiles.","required","KEY `idx_api_request_logs_user_id` (`user_id`)"
"api_request_logs","pk_api_request_logs","id","BTREE","YES","Primary lookup and relationship target.","required","UNIQUE KEY `pk_api_request_logs` (`id`)"
"asset_certifications","idx_asset_certifications_asset_table_asset_id","organization_id, asset_table, asset_id","BTREE","NO","Polymorphic entity lookup.","required","KEY `idx_asset_certifications_asset_table_asset_id` (`organization_id`, `asset_table`, `asset_id`)"
"asset_certifications","idx_asset_certifications_certified_by","certified_by","BTREE","NO","Foreign key lookup to user_profiles.","required","KEY `idx_asset_certifications_certified_by` (`certified_by`)"
"asset_certifications","idx_asset_certifications_created_by","created_by","BTREE","NO","Foreign key lookup to user_profiles.","required","KEY `idx_asset_certifications_created_by` (`created_by`)"
"asset_certifications","idx_asset_certifications_deleted_by","deleted_by","BTREE","NO","Foreign key lookup to user_profiles.","required","KEY `idx_asset_certifications_deleted_by` (`deleted_by`)"
"asset_certifications","idx_asset_certifications_organization_id","organization_id","BTREE","NO","Foreign key lookup to organizations.","required","KEY `idx_asset_certifications_organization_id` (`organization_id`)"
"asset_certifications","idx_asset_certifications_status_changed_by","status_changed_by","BTREE","NO","Foreign key lookup to user_profiles.","required","KEY `idx_asset_certifications_status_changed_by` (`status_changed_by`)"
"asset_certifications","idx_asset_certifications_updated_by","updated_by","BTREE","NO","Foreign key lookup to user_profiles.","required","KEY `idx_asset_certifications_updated_by` (`updated_by`)"
"asset_certifications","pk_asset_certifications","id","BTREE","YES","Primary lookup and relationship target.","required","UNIQUE KEY `pk_asset_certifications` (`id`)"
"audit_logs","idx_audit_logs_org_branch","organization_id, branch_id","BTREE","NO","Tenant and branch scoped filtering.","recommended","KEY `idx_audit_logs_org_branch` (`organization_id`, `branch_id`)"
"audit_logs","idx_audit_logs_org_created","organization_id, created_at","BTREE","NO","Tenant timeline and retention filtering.","recommended","KEY `idx_audit_logs_org_created` (`organization_id`, `created_at`)"
"audit_logs","idx_audit_logs_actor_user_id","actor_user_id","BTREE","NO","Foreign key lookup to user_profiles.","required","KEY `idx_audit_logs_actor_user_id` (`actor_user_id`)"
"audit_logs","idx_audit_logs_branch_id","branch_id","BTREE","NO","Foreign key lookup to branches.","required","KEY `idx_audit_logs_branch_id` (`branch_id`)"
"audit_logs","idx_audit_logs_created_by","created_by","BTREE","NO","Foreign key lookup to user_profiles.","required","KEY `idx_audit_logs_created_by` (`created_by`)"
"audit_logs","idx_audit_logs_entity_type_entity_id","organization_id, entity_type, entity_id","BTREE","NO","Polymorphic entity lookup.","required","KEY `idx_audit_logs_entity_type_entity_id` (`organization_id`, `entity_type`, `entity_id`)"
"audit_logs","idx_audit_logs_organization_id","organization_id","BTREE","NO","Foreign key lookup to organizations.","required","KEY `idx_audit_logs_organization_id` (`organization_id`)"
"audit_logs","idx_audit_logs_updated_by","updated_by","BTREE","NO","Foreign key lookup to user_profiles.","required","KEY `idx_audit_logs_updated_by` (`updated_by`)"
"audit_logs","pk_audit_logs","id","BTREE","YES","Primary lookup and relationship target.","required","UNIQUE KEY `pk_audit_logs` (`id`)"
"bi_dashboards","idx_bi_dashboards_org_branch","organization_id, branch_id","BTREE","NO","Tenant and branch scoped filtering.","recommended","KEY `idx_bi_dashboards_org_branch` (`organization_id`, `branch_id`)"
"bi_dashboards","idx_bi_dashboards_org_created","organization_id, created_at","BTREE","NO","Tenant timeline and retention filtering.","recommended","KEY `idx_bi_dashboards_org_created` (`organization_id`, `created_at`)"
"bi_dashboards","idx_bi_dashboards_org_status","organization_id, status","BTREE","NO","Tenant status filtering.","recommended","KEY `idx_bi_dashboards_org_status` (`organization_id`, `status`)"
"bi_dashboards","idx_bi_dashboards_branch_id","branch_id","BTREE","NO","Foreign key lookup to branches.","required","KEY `idx_bi_dashboards_branch_id` (`branch_id`)"
"bi_dashboards","idx_bi_dashboards_created_by","created_by","BTREE","NO","Foreign key lookup to user_profiles.","required","KEY `idx_bi_dashboards_created_by` (`created_by`)"
"bi_dashboards","idx_bi_dashboards_deleted_by","deleted_by","BTREE","NO","Foreign key lookup to user_profiles.","required","KEY `idx_bi_dashboards_deleted_by` (`deleted_by`)"
"bi_dashboards","idx_bi_dashboards_organization_id","organization_id","BTREE","NO","Foreign key lookup to organizations.","required","KEY `idx_bi_dashboards_organization_id` (`organization_id`)"
"bi_dashboards","idx_bi_dashboards_project_id","project_id","BTREE","NO","Foreign key lookup to bi_projects.","required","KEY `idx_bi_dashboards_project_id` (`project_id`)"
"bi_dashboards","idx_bi_dashboards_sheet_id","sheet_id","BTREE","NO","Foreign key lookup to bi_sheets.","required","KEY `idx_bi_dashboards_sheet_id` (`sheet_id`)"
"bi_dashboards","idx_bi_dashboards_status_changed_by","status_changed_by","BTREE","NO","Foreign key lookup to user_profiles.","required","KEY `idx_bi_dashboards_status_changed_by` (`status_changed_by`)"
"bi_dashboards","idx_bi_dashboards_updated_by","updated_by","BTREE","NO","Foreign key lookup to user_profiles.","required","KEY `idx_bi_dashboards_updated_by` (`updated_by`)"
"bi_dashboards","pk_bi_dashboards","id","BTREE","YES","Primary lookup and relationship target.","required","UNIQUE KEY `pk_bi_dashboards` (`id`)"
"bi_dashboards","uk_bi_dashboards_organization_id_project_id_name","organization_id, project_id, name","BTREE","YES","Business uniqueness rule.","required","UNIQUE KEY `uk_bi_dashboards_organization_id_project_id_name` (`organization_id`, `project_id`, `name`)"
"bi_project_members","idx_bi_project_members_branch_id","branch_id","BTREE","NO","Foreign key lookup to branches.","required","KEY `idx_bi_project_members_branch_id` (`branch_id`)"
"bi_project_members","idx_bi_project_members_created_by","created_by","BTREE","NO","Foreign key lookup to user_profiles.","required","KEY `idx_bi_project_members_created_by` (`created_by`)"
"bi_project_members","idx_bi_project_members_deleted_by","deleted_by","BTREE","NO","Foreign key lookup to user_profiles.","required","KEY `idx_bi_project_members_deleted_by` (`deleted_by`)"
"bi_project_members","idx_bi_project_members_organization_id","organization_id","BTREE","NO","Foreign key lookup to organizations.","required","KEY `idx_bi_project_members_organization_id` (`organization_id`)"
"bi_project_members","idx_bi_project_members_project_id","project_id","BTREE","NO","Foreign key lookup to bi_projects.","required","KEY `idx_bi_project_members_project_id` (`project_id`)"
"bi_project_members","idx_bi_project_members_role_id","role_id","BTREE","NO","Foreign key lookup to roles.","required","KEY `idx_bi_project_members_role_id` (`role_id`)"
"bi_project_members","idx_bi_project_members_status_changed_by","status_changed_by","BTREE","NO","Foreign key lookup to user_profiles.","required","KEY `idx_bi_project_members_status_changed_by` (`status_changed_by`)"
"bi_project_members","idx_bi_project_members_updated_by","updated_by","BTREE","NO","Foreign key lookup to user_profiles.","required","KEY `idx_bi_project_members_updated_by` (`updated_by`)"
"bi_project_members","idx_bi_project_members_user_id","user_id","BTREE","NO","Foreign key lookup to user_profiles.","required","KEY `idx_bi_project_members_user_id` (`user_id`)"
"bi_project_members","pk_bi_project_members","id","BTREE","YES","Primary lookup and relationship target.","required","UNIQUE KEY `pk_bi_project_members` (`id`)"
"bi_project_members","uk_bi_project_members_organization_id_project_id_user_id","organization_id, project_id, user_id","BTREE","YES","Business uniqueness rule.","required","UNIQUE KEY `uk_bi_project_members_organization_id_project_id_user_id` (`organization_id`, `project_id`, `user_id`)"
"bi_projects","idx_bi_projects_org_branch","organization_id, branch_id","BTREE","NO","Tenant and branch scoped filtering.","recommended","KEY `idx_bi_projects_org_branch` (`organization_id`, `branch_id`)"
"bi_projects","idx_bi_projects_org_created","organization_id, created_at","BTREE","NO","Tenant timeline and retention filtering.","recommended","KEY `idx_bi_projects_org_created` (`organization_id`, `created_at`)"
"bi_projects","idx_bi_projects_org_status","organization_id, status","BTREE","NO","Tenant status filtering.","recommended","KEY `idx_bi_projects_org_status` (`organization_id`, `status`)"
"bi_projects","idx_bi_projects_active_dashboard_id","active_dashboard_id","BTREE","NO","Foreign key lookup to bi_dashboards.","required","KEY `idx_bi_projects_active_dashboard_id` (`active_dashboard_id`)"
"bi_projects","idx_bi_projects_active_sheet_id","active_sheet_id","BTREE","NO","Foreign key lookup to bi_sheets.","required","KEY `idx_bi_projects_active_sheet_id` (`active_sheet_id`)"
"bi_projects","idx_bi_projects_branch_id","branch_id","BTREE","NO","Foreign key lookup to branches.","required","KEY `idx_bi_projects_branch_id` (`branch_id`)"
"bi_projects","idx_bi_projects_created_by","created_by","BTREE","NO","Foreign key lookup to user_profiles.","required","KEY `idx_bi_projects_created_by` (`created_by`)"
"bi_projects","idx_bi_projects_deleted_by","deleted_by","BTREE","NO","Foreign key lookup to user_profiles.","required","KEY `idx_bi_projects_deleted_by` (`deleted_by`)"
"bi_projects","idx_bi_projects_organization_id","organization_id","BTREE","NO","Foreign key lookup to organizations.","required","KEY `idx_bi_projects_organization_id` (`organization_id`)"
"bi_projects","idx_bi_projects_owner_user_id","owner_user_id","BTREE","NO","Foreign key lookup to user_profiles.","required","KEY `idx_bi_projects_owner_user_id` (`owner_user_id`)"
"bi_projects","idx_bi_projects_status_changed_by","status_changed_by","BTREE","NO","Foreign key lookup to user_profiles.","required","KEY `idx_bi_projects_status_changed_by` (`status_changed_by`)"
"bi_projects","idx_bi_projects_updated_by","updated_by","BTREE","NO","Foreign key lookup to user_profiles.","required","KEY `idx_bi_projects_updated_by` (`updated_by`)"
"bi_projects","pk_bi_projects","id","BTREE","YES","Primary lookup and relationship target.","required","UNIQUE KEY `pk_bi_projects` (`id`)"
"bi_projects","uk_bi_projects_org_code","organization_id, code","BTREE","YES","Tenant-scoped business code uniqueness.","required","UNIQUE KEY `uk_bi_projects_org_code` (`organization_id`, `code`)"
"bi_projects","uk_bi_projects_organization_id_name","organization_id, name","BTREE","YES","Business uniqueness rule.","required","UNIQUE KEY `uk_bi_projects_organization_id_name` (`organization_id`, `name`)"
"bi_sheets","idx_bi_sheets_branch_id","branch_id","BTREE","NO","Foreign key lookup to branches.","required","KEY `idx_bi_sheets_branch_id` (`branch_id`)"
"bi_sheets","idx_bi_sheets_created_by","created_by","BTREE","NO","Foreign key lookup to user_profiles.","required","KEY `idx_bi_sheets_created_by` (`created_by`)"
"bi_sheets","idx_bi_sheets_deleted_by","deleted_by","BTREE","NO","Foreign key lookup to user_profiles.","required","KEY `idx_bi_sheets_deleted_by` (`deleted_by`)"
"bi_sheets","idx_bi_sheets_organization_id","organization_id","BTREE","NO","Foreign key lookup to organizations.","required","KEY `idx_bi_sheets_organization_id` (`organization_id`)"
"bi_sheets","idx_bi_sheets_project_id","project_id","BTREE","NO","Foreign key lookup to bi_projects.","required","KEY `idx_bi_sheets_project_id` (`project_id`)"
"bi_sheets","idx_bi_sheets_status_changed_by","status_changed_by","BTREE","NO","Foreign key lookup to user_profiles.","required","KEY `idx_bi_sheets_status_changed_by` (`status_changed_by`)"
"bi_sheets","idx_bi_sheets_updated_by","updated_by","BTREE","NO","Foreign key lookup to user_profiles.","required","KEY `idx_bi_sheets_updated_by` (`updated_by`)"
"bi_sheets","pk_bi_sheets","id","BTREE","YES","Primary lookup and relationship target.","required","UNIQUE KEY `pk_bi_sheets` (`id`)"
"bi_sheets","uk_bi_sheets_organization_id_project_id_name","organization_id, project_id, name","BTREE","YES","Business uniqueness rule.","required","UNIQUE KEY `uk_bi_sheets_organization_id_project_id_name` (`organization_id`, `project_id`, `name`)"
"branches","idx_branches_created_by","created_by","BTREE","NO","Foreign key lookup to user_profiles.","required","KEY `idx_branches_created_by` (`created_by`)"
"branches","idx_branches_deleted_by","deleted_by","BTREE","NO","Foreign key lookup to user_profiles.","required","KEY `idx_branches_deleted_by` (`deleted_by`)"
"branches","idx_branches_organization_id","organization_id","BTREE","NO","Foreign key lookup to organizations.","required","KEY `idx_branches_organization_id` (`organization_id`)"
"branches","idx_branches_parent_branch_id","parent_branch_id","BTREE","NO","Foreign key lookup to branches.","required","KEY `idx_branches_parent_branch_id` (`parent_branch_id`)"
"branches","idx_branches_status_changed_by","status_changed_by","BTREE","NO","Foreign key lookup to user_profiles.","required","KEY `idx_branches_status_changed_by` (`status_changed_by`)"
"branches","idx_branches_updated_by","updated_by","BTREE","NO","Foreign key lookup to user_profiles.","required","KEY `idx_branches_updated_by` (`updated_by`)"
"branches","pk_branches","id","BTREE","YES","Primary lookup and relationship target.","required","UNIQUE KEY `pk_branches` (`id`)"
"branches","uk_branches_org_code","organization_id, code","BTREE","YES","Tenant-scoped business code uniqueness.","required","UNIQUE KEY `uk_branches_org_code` (`organization_id`, `code`)"
"chart_analytics_overlays","idx_chart_analytics_overlays_chart_id","chart_id","BTREE","NO","Foreign key lookup to charts.","required","KEY `idx_chart_analytics_overlays_chart_id` (`chart_id`)"
"chart_analytics_overlays","idx_chart_analytics_overlays_created_by","created_by","BTREE","NO","Foreign key lookup to user_profiles.","required","KEY `idx_chart_analytics_overlays_created_by` (`created_by`)"
"chart_analytics_overlays","idx_chart_analytics_overlays_deleted_by","deleted_by","BTREE","NO","Foreign key lookup to user_profiles.","required","KEY `idx_chart_analytics_overlays_deleted_by` (`deleted_by`)"
"chart_analytics_overlays","idx_chart_analytics_overlays_organization_id","organization_id","BTREE","NO","Foreign key lookup to organizations.","required","KEY `idx_chart_analytics_overlays_organization_id` (`organization_id`)"
"chart_analytics_overlays","idx_chart_analytics_overlays_status_changed_by","status_changed_by","BTREE","NO","Foreign key lookup to user_profiles.","required","KEY `idx_chart_analytics_overlays_status_changed_by` (`status_changed_by`)"
"chart_analytics_overlays","idx_chart_analytics_overlays_updated_by","updated_by","BTREE","NO","Foreign key lookup to user_profiles.","required","KEY `idx_chart_analytics_overlays_updated_by` (`updated_by`)"
"chart_analytics_overlays","pk_chart_analytics_overlays","id","BTREE","YES","Primary lookup and relationship target.","required","UNIQUE KEY `pk_chart_analytics_overlays` (`id`)"
"chart_exports","idx_chart_exports_chart_id","chart_id","BTREE","NO","Foreign key lookup to charts.","required","KEY `idx_chart_exports_chart_id` (`chart_id`)"
"chart_exports","idx_chart_exports_chart_version_id","chart_version_id","BTREE","NO","Foreign key lookup to chart_versions.","required","KEY `idx_chart_exports_chart_version_id` (`chart_version_id`)"
"chart_exports","idx_chart_exports_created_by","created_by","BTREE","NO","Foreign key lookup to user_profiles.","required","KEY `idx_chart_exports_created_by` (`created_by`)"
"chart_exports","idx_chart_exports_deleted_by","deleted_by","BTREE","NO","Foreign key lookup to user_profiles.","required","KEY `idx_chart_exports_deleted_by` (`deleted_by`)"
"chart_exports","idx_chart_exports_export_job_id","export_job_id","BTREE","NO","Foreign key lookup to export_jobs.","required","KEY `idx_chart_exports_export_job_id` (`export_job_id`)"
"chart_exports","idx_chart_exports_organization_id","organization_id","BTREE","NO","Foreign key lookup to organizations.","required","KEY `idx_chart_exports_organization_id` (`organization_id`)"
"chart_exports","idx_chart_exports_status_changed_by","status_changed_by","BTREE","NO","Foreign key lookup to user_profiles.","required","KEY `idx_chart_exports_status_changed_by` (`status_changed_by`)"
"chart_exports","idx_chart_exports_updated_by","updated_by","BTREE","NO","Foreign key lookup to user_profiles.","required","KEY `idx_chart_exports_updated_by` (`updated_by`)"
"chart_exports","pk_chart_exports","id","BTREE","YES","Primary lookup and relationship target.","required","UNIQUE KEY `pk_chart_exports` (`id`)"
"chart_presets","idx_chart_presets_chart_type_id","chart_type_id","BTREE","NO","Foreign key lookup to chart_types.","required","KEY `idx_chart_presets_chart_type_id` (`chart_type_id`)"
"chart_presets","idx_chart_presets_created_by","created_by","BTREE","NO","Foreign key lookup to user_profiles.","required","KEY `idx_chart_presets_created_by` (`created_by`)"
"chart_presets","idx_chart_presets_deleted_by","deleted_by","BTREE","NO","Foreign key lookup to user_profiles.","required","KEY `idx_chart_presets_deleted_by` (`deleted_by`)"
"chart_presets","idx_chart_presets_organization_id","organization_id","BTREE","NO","Foreign key lookup to organizations.","required","KEY `idx_chart_presets_organization_id` (`organization_id`)"
"chart_presets","idx_chart_presets_owner_user_id","owner_user_id","BTREE","NO","Foreign key lookup to user_profiles.","required","KEY `idx_chart_presets_owner_user_id` (`owner_user_id`)"
"chart_presets","idx_chart_presets_status_changed_by","status_changed_by","BTREE","NO","Foreign key lookup to user_profiles.","required","KEY `idx_chart_presets_status_changed_by` (`status_changed_by`)"
"chart_presets","idx_chart_presets_updated_by","updated_by","BTREE","NO","Foreign key lookup to user_profiles.","required","KEY `idx_chart_presets_updated_by` (`updated_by`)"
"chart_presets","pk_chart_presets","id","BTREE","YES","Primary lookup and relationship target.","required","UNIQUE KEY `pk_chart_presets` (`id`)"
"chart_presets","uk_chart_presets_org_code","organization_id, code","BTREE","YES","Tenant-scoped business code uniqueness.","required","UNIQUE KEY `uk_chart_presets_org_code` (`organization_id`, `code`)"
"chart_templates","idx_chart_templates_chart_type_id","chart_type_id","BTREE","NO","Foreign key lookup to chart_types.","required","KEY `idx_chart_templates_chart_type_id` (`chart_type_id`)"
"chart_templates","idx_chart_templates_created_by","created_by","BTREE","NO","Foreign key lookup to user_profiles.","required","KEY `idx_chart_templates_created_by` (`created_by`)"
"chart_templates","idx_chart_templates_deleted_by","deleted_by","BTREE","NO","Foreign key lookup to user_profiles.","required","KEY `idx_chart_templates_deleted_by` (`deleted_by`)"
"chart_templates","idx_chart_templates_organization_id","organization_id","BTREE","NO","Foreign key lookup to organizations.","required","KEY `idx_chart_templates_organization_id` (`organization_id`)"
"chart_templates","idx_chart_templates_status_changed_by","status_changed_by","BTREE","NO","Foreign key lookup to user_profiles.","required","KEY `idx_chart_templates_status_changed_by` (`status_changed_by`)"
"chart_templates","idx_chart_templates_updated_by","updated_by","BTREE","NO","Foreign key lookup to user_profiles.","required","KEY `idx_chart_templates_updated_by` (`updated_by`)"
"chart_templates","pk_chart_templates","id","BTREE","YES","Primary lookup and relationship target.","required","UNIQUE KEY `pk_chart_templates` (`id`)"
"chart_templates","uk_chart_templates_org_code","organization_id, code","BTREE","YES","Tenant-scoped business code uniqueness.","required","UNIQUE KEY `uk_chart_templates_org_code` (`organization_id`, `code`)"
"chart_theme_presets","idx_chart_theme_presets_created_by","created_by","BTREE","NO","Foreign key lookup to user_profiles.","required","KEY `idx_chart_theme_presets_created_by` (`created_by`)"
"chart_theme_presets","idx_chart_theme_presets_deleted_by","deleted_by","BTREE","NO","Foreign key lookup to user_profiles.","required","KEY `idx_chart_theme_presets_deleted_by` (`deleted_by`)"
"chart_theme_presets","idx_chart_theme_presets_organization_id","organization_id","BTREE","NO","Foreign key lookup to organizations.","required","KEY `idx_chart_theme_presets_organization_id` (`organization_id`)"
"chart_theme_presets","idx_chart_theme_presets_status_changed_by","status_changed_by","BTREE","NO","Foreign key lookup to user_profiles.","required","KEY `idx_chart_theme_presets_status_changed_by` (`status_changed_by`)"
"chart_theme_presets","idx_chart_theme_presets_updated_by","updated_by","BTREE","NO","Foreign key lookup to user_profiles.","required","KEY `idx_chart_theme_presets_updated_by` (`updated_by`)"
"chart_theme_presets","pk_chart_theme_presets","id","BTREE","YES","Primary lookup and relationship target.","required","UNIQUE KEY `pk_chart_theme_presets` (`id`)"
"chart_theme_presets","uk_chart_theme_presets_org_code","organization_id, code","BTREE","YES","Tenant-scoped business code uniqueness.","required","UNIQUE KEY `uk_chart_theme_presets_org_code` (`organization_id`, `code`)"
"chart_type_requirements","idx_chart_type_requirements_chart_type_id","chart_type_id","BTREE","NO","Foreign key lookup to chart_types.","required","KEY `idx_chart_type_requirements_chart_type_id` (`chart_type_id`)"
"chart_type_requirements","idx_chart_type_requirements_created_by","created_by","BTREE","NO","Foreign key lookup to user_profiles.","required","KEY `idx_chart_type_requirements_created_by` (`created_by`)"
"chart_type_requirements","idx_chart_type_requirements_deleted_by","deleted_by","BTREE","NO","Foreign key lookup to user_profiles.","required","KEY `idx_chart_type_requirements_deleted_by` (`deleted_by`)"
"chart_type_requirements","idx_chart_type_requirements_status_changed_by","status_changed_by","BTREE","NO","Foreign key lookup to user_profiles.","required","KEY `idx_chart_type_requirements_status_changed_by` (`status_changed_by`)"
"chart_type_requirements","idx_chart_type_requirements_updated_by","updated_by","BTREE","NO","Foreign key lookup to user_profiles.","required","KEY `idx_chart_type_requirements_updated_by` (`updated_by`)"
"chart_type_requirements","pk_chart_type_requirements","id","BTREE","YES","Primary lookup and relationship target.","required","UNIQUE KEY `pk_chart_type_requirements` (`id`)"
"chart_type_requirements","uk_chart_type_requirements_chart_type_id_slot_id","chart_type_id, slot_id","BTREE","YES","Business uniqueness rule.","required","UNIQUE KEY `uk_chart_type_requirements_chart_type_id_slot_id` (`chart_type_id`, `slot_id`)"
"chart_types","idx_chart_types_created_by","created_by","BTREE","NO","Foreign key lookup to user_profiles.","required","KEY `idx_chart_types_created_by` (`created_by`)"
"chart_types","idx_chart_types_deleted_by","deleted_by","BTREE","NO","Foreign key lookup to user_profiles.","required","KEY `idx_chart_types_deleted_by` (`deleted_by`)"
"chart_types","idx_chart_types_status_changed_by","status_changed_by","BTREE","NO","Foreign key lookup to user_profiles.","required","KEY `idx_chart_types_status_changed_by` (`status_changed_by`)"
"chart_types","idx_chart_types_updated_by","updated_by","BTREE","NO","Foreign key lookup to user_profiles.","required","KEY `idx_chart_types_updated_by` (`updated_by`)"
"chart_types","pk_chart_types","id","BTREE","YES","Primary lookup and relationship target.","required","UNIQUE KEY `pk_chart_types` (`id`)"
"chart_types","uk_chart_types_code","code","BTREE","YES","Global business code uniqueness.","required","UNIQUE KEY `uk_chart_types_code` (`code`)"
"chart_versions","idx_chart_versions_chart_id","chart_id","BTREE","NO","Foreign key lookup to charts.","required","KEY `idx_chart_versions_chart_id` (`chart_id`)"
"chart_versions","idx_chart_versions_created_by","created_by","BTREE","NO","Foreign key lookup to user_profiles.","required","KEY `idx_chart_versions_created_by` (`created_by`)"
"chart_versions","idx_chart_versions_organization_id","organization_id","BTREE","NO","Foreign key lookup to organizations.","required","KEY `idx_chart_versions_organization_id` (`organization_id`)"
"chart_versions","idx_chart_versions_updated_by","updated_by","BTREE","NO","Foreign key lookup to user_profiles.","required","KEY `idx_chart_versions_updated_by` (`updated_by`)"
"chart_versions","pk_chart_versions","id","BTREE","YES","Primary lookup and relationship target.","required","UNIQUE KEY `pk_chart_versions` (`id`)"
"chart_versions","uk_chart_versions_organization_id_chart_id_version_no","organization_id, chart_id, version_no","BTREE","YES","Business uniqueness rule.","required","UNIQUE KEY `uk_chart_versions_organization_id_chart_id_version_no` (`organization_id`, `chart_id`, `version_no`)"
"charts","idx_charts_org_branch","organization_id, branch_id","BTREE","NO","Tenant and branch scoped filtering.","recommended","KEY `idx_charts_org_branch` (`organization_id`, `branch_id`)"
"charts","idx_charts_org_created","organization_id, created_at","BTREE","NO","Tenant timeline and retention filtering.","recommended","KEY `idx_charts_org_created` (`organization_id`, `created_at`)"
"charts","idx_charts_org_status","organization_id, status","BTREE","NO","Tenant status filtering.","recommended","KEY `idx_charts_org_status` (`organization_id`, `status`)"
"charts","idx_charts_branch_id","branch_id","BTREE","NO","Foreign key lookup to branches.","required","KEY `idx_charts_branch_id` (`branch_id`)"
"charts","idx_charts_chart_type_id","chart_type_id","BTREE","NO","Foreign key lookup to chart_types.","required","KEY `idx_charts_chart_type_id` (`chart_type_id`)"
"charts","idx_charts_created_by","created_by","BTREE","NO","Foreign key lookup to user_profiles.","required","KEY `idx_charts_created_by` (`created_by`)"
"charts","idx_charts_dataset_id","dataset_id","BTREE","NO","Foreign key lookup to datasets.","required","KEY `idx_charts_dataset_id` (`dataset_id`)"
"charts","idx_charts_deleted_by","deleted_by","BTREE","NO","Foreign key lookup to user_profiles.","required","KEY `idx_charts_deleted_by` (`deleted_by`)"
"charts","idx_charts_organization_id","organization_id","BTREE","NO","Foreign key lookup to organizations.","required","KEY `idx_charts_organization_id` (`organization_id`)"
"charts","idx_charts_project_id","project_id","BTREE","NO","Foreign key lookup to bi_projects.","required","KEY `idx_charts_project_id` (`project_id`)"
"charts","idx_charts_sql_query_id","sql_query_id","BTREE","NO","Foreign key lookup to sql_queries.","required","KEY `idx_charts_sql_query_id` (`sql_query_id`)"
"charts","idx_charts_status_changed_by","status_changed_by","BTREE","NO","Foreign key lookup to user_profiles.","required","KEY `idx_charts_status_changed_by` (`status_changed_by`)"
"charts","idx_charts_updated_by","updated_by","BTREE","NO","Foreign key lookup to user_profiles.","required","KEY `idx_charts_updated_by` (`updated_by`)"
"charts","pk_charts","id","BTREE","YES","Primary lookup and relationship target.","required","UNIQUE KEY `pk_charts` (`id`)"
"charts","uk_charts_organization_id_project_id_name","organization_id, project_id, name","BTREE","YES","Business uniqueness rule.","required","UNIQUE KEY `uk_charts_organization_id_project_id_name` (`organization_id`, `project_id`, `name`)"
"dashboard_drilldown_paths","idx_dashboard_drilldown_paths_created_by","created_by","BTREE","NO","Foreign key lookup to user_profiles.","required","KEY `idx_dashboard_drilldown_paths_created_by` (`created_by`)"
"dashboard_drilldown_paths","idx_dashboard_drilldown_paths_deleted_by","deleted_by","BTREE","NO","Foreign key lookup to user_profiles.","required","KEY `idx_dashboard_drilldown_paths_deleted_by` (`deleted_by`)"
"dashboard_drilldown_paths","idx_dashboard_drilldown_paths_interaction_id","interaction_id","BTREE","NO","Foreign key lookup to dashboard_interactions.","required","KEY `idx_dashboard_drilldown_paths_interaction_id` (`interaction_id`)"
"dashboard_drilldown_paths","idx_dashboard_drilldown_paths_organization_id","organization_id","BTREE","NO","Foreign key lookup to organizations.","required","KEY `idx_dashboard_drilldown_paths_organization_id` (`organization_id`)"
"dashboard_drilldown_paths","idx_dashboard_drilldown_paths_source_widget_id","source_widget_id","BTREE","NO","Foreign key lookup to dashboard_widgets.","required","KEY `idx_dashboard_drilldown_paths_source_widget_id` (`source_widget_id`)"
"dashboard_drilldown_paths","idx_dashboard_drilldown_paths_status_changed_by","status_changed_by","BTREE","NO","Foreign key lookup to user_profiles.","required","KEY `idx_dashboard_drilldown_paths_status_changed_by` (`status_changed_by`)"
"dashboard_drilldown_paths","idx_dashboard_drilldown_paths_updated_by","updated_by","BTREE","NO","Foreign key lookup to user_profiles.","required","KEY `idx_dashboard_drilldown_paths_updated_by` (`updated_by`)"
"dashboard_drilldown_paths","pk_dashboard_drilldown_paths","id","BTREE","YES","Primary lookup and relationship target.","required","UNIQUE KEY `pk_dashboard_drilldown_paths` (`id`)"
"dashboard_drilldown_paths","uk_dashboard_drilldown_paths_organization_id_interaction_id_","organization_id, interaction_id, step_no","BTREE","YES","Business uniqueness rule.","required","UNIQUE KEY `uk_dashboard_drilldown_paths_organization_id_interaction_id_` (`organization_id`, `interaction_id`, `step_no`)"
"dashboard_exports","idx_dashboard_exports_created_by","created_by","BTREE","NO","Foreign key lookup to user_profiles.","required","KEY `idx_dashboard_exports_created_by` (`created_by`)"
"dashboard_exports","idx_dashboard_exports_dashboard_id","dashboard_id","BTREE","NO","Foreign key lookup to bi_dashboards.","required","KEY `idx_dashboard_exports_dashboard_id` (`dashboard_id`)"
"dashboard_exports","idx_dashboard_exports_dashboard_version_id","dashboard_version_id","BTREE","NO","Foreign key lookup to dashboard_versions.","required","KEY `idx_dashboard_exports_dashboard_version_id` (`dashboard_version_id`)"
"dashboard_exports","idx_dashboard_exports_deleted_by","deleted_by","BTREE","NO","Foreign key lookup to user_profiles.","required","KEY `idx_dashboard_exports_deleted_by` (`deleted_by`)"
"dashboard_exports","idx_dashboard_exports_export_job_id","export_job_id","BTREE","NO","Foreign key lookup to export_jobs.","required","KEY `idx_dashboard_exports_export_job_id` (`export_job_id`)"
"dashboard_exports","idx_dashboard_exports_organization_id","organization_id","BTREE","NO","Foreign key lookup to organizations.","required","KEY `idx_dashboard_exports_organization_id` (`organization_id`)"
"dashboard_exports","idx_dashboard_exports_status_changed_by","status_changed_by","BTREE","NO","Foreign key lookup to user_profiles.","required","KEY `idx_dashboard_exports_status_changed_by` (`status_changed_by`)"
"dashboard_exports","idx_dashboard_exports_updated_by","updated_by","BTREE","NO","Foreign key lookup to user_profiles.","required","KEY `idx_dashboard_exports_updated_by` (`updated_by`)"
"dashboard_exports","pk_dashboard_exports","id","BTREE","YES","Primary lookup and relationship target.","required","UNIQUE KEY `pk_dashboard_exports` (`id`)"
"dashboard_filter_presets","idx_dashboard_filter_presets_branch_id","branch_id","BTREE","NO","Foreign key lookup to branches.","required","KEY `idx_dashboard_filter_presets_branch_id` (`branch_id`)"
"dashboard_filter_presets","idx_dashboard_filter_presets_created_by","created_by","BTREE","NO","Foreign key lookup to user_profiles.","required","KEY `idx_dashboard_filter_presets_created_by` (`created_by`)"
"dashboard_filter_presets","idx_dashboard_filter_presets_dashboard_id","dashboard_id","BTREE","NO","Foreign key lookup to bi_dashboards.","required","KEY `idx_dashboard_filter_presets_dashboard_id` (`dashboard_id`)"
"dashboard_filter_presets","idx_dashboard_filter_presets_deleted_by","deleted_by","BTREE","NO","Foreign key lookup to user_profiles.","required","KEY `idx_dashboard_filter_presets_deleted_by` (`deleted_by`)"
"dashboard_filter_presets","idx_dashboard_filter_presets_organization_id","organization_id","BTREE","NO","Foreign key lookup to organizations.","required","KEY `idx_dashboard_filter_presets_organization_id` (`organization_id`)"
"dashboard_filter_presets","idx_dashboard_filter_presets_owner_user_id","owner_user_id","BTREE","NO","Foreign key lookup to user_profiles.","required","KEY `idx_dashboard_filter_presets_owner_user_id` (`owner_user_id`)"
"dashboard_filter_presets","idx_dashboard_filter_presets_status_changed_by","status_changed_by","BTREE","NO","Foreign key lookup to user_profiles.","required","KEY `idx_dashboard_filter_presets_status_changed_by` (`status_changed_by`)"
"dashboard_filter_presets","idx_dashboard_filter_presets_updated_by","updated_by","BTREE","NO","Foreign key lookup to user_profiles.","required","KEY `idx_dashboard_filter_presets_updated_by` (`updated_by`)"
"dashboard_filter_presets","pk_dashboard_filter_presets","id","BTREE","YES","Primary lookup and relationship target.","required","UNIQUE KEY `pk_dashboard_filter_presets` (`id`)"
"dashboard_filter_presets","uk_dashboard_filter_presets_organization_id_dashboard_id_nam","organization_id, dashboard_id, name, owner_user_id","BTREE","YES","Business uniqueness rule.","required","UNIQUE KEY `uk_dashboard_filter_presets_organization_id_dashboard_id_nam` (`organization_id`, `dashboard_id`, `name`, `owner_user_id`)"
"dashboard_filter_values","idx_dashboard_filter_values_created_by","created_by","BTREE","NO","Foreign key lookup to user_profiles.","required","KEY `idx_dashboard_filter_values_created_by` (`created_by`)"
"dashboard_filter_values","idx_dashboard_filter_values_deleted_by","deleted_by","BTREE","NO","Foreign key lookup to user_profiles.","required","KEY `idx_dashboard_filter_values_deleted_by` (`deleted_by`)"
"dashboard_filter_values","idx_dashboard_filter_values_organization_id","organization_id","BTREE","NO","Foreign key lookup to organizations.","required","KEY `idx_dashboard_filter_values_organization_id` (`organization_id`)"
"dashboard_filter_values","idx_dashboard_filter_values_preset_id","preset_id","BTREE","NO","Foreign key lookup to dashboard_filter_presets.","required","KEY `idx_dashboard_filter_values_preset_id` (`preset_id`)"
"dashboard_filter_values","idx_dashboard_filter_values_status_changed_by","status_changed_by","BTREE","NO","Foreign key lookup to user_profiles.","required","KEY `idx_dashboard_filter_values_status_changed_by` (`status_changed_by`)"
"dashboard_filter_values","idx_dashboard_filter_values_updated_by","updated_by","BTREE","NO","Foreign key lookup to user_profiles.","required","KEY `idx_dashboard_filter_values_updated_by` (`updated_by`)"
"dashboard_filter_values","pk_dashboard_filter_values","id","BTREE","YES","Primary lookup and relationship target.","required","UNIQUE KEY `pk_dashboard_filter_values` (`id`)"
"dashboard_filter_values","uk_dashboard_filter_values_organization_id_preset_id_filter_","organization_id, preset_id, filter_key","BTREE","YES","Business uniqueness rule.","required","UNIQUE KEY `uk_dashboard_filter_values_organization_id_preset_id_filter_` (`organization_id`, `preset_id`, `filter_key`)"
"dashboard_interactions","idx_dashboard_interactions_created_by","created_by","BTREE","NO","Foreign key lookup to user_profiles.","required","KEY `idx_dashboard_interactions_created_by` (`created_by`)"
"dashboard_interactions","idx_dashboard_interactions_dashboard_id","dashboard_id","BTREE","NO","Foreign key lookup to bi_dashboards.","required","KEY `idx_dashboard_interactions_dashboard_id` (`dashboard_id`)"
"dashboard_interactions","idx_dashboard_interactions_deleted_by","deleted_by","BTREE","NO","Foreign key lookup to user_profiles.","required","KEY `idx_dashboard_interactions_deleted_by` (`deleted_by`)"
"dashboard_interactions","idx_dashboard_interactions_organization_id","organization_id","BTREE","NO","Foreign key lookup to organizations.","required","KEY `idx_dashboard_interactions_organization_id` (`organization_id`)"
"dashboard_interactions","idx_dashboard_interactions_source_widget_id","source_widget_id","BTREE","NO","Foreign key lookup to dashboard_widgets.","required","KEY `idx_dashboard_interactions_source_widget_id` (`source_widget_id`)"
"dashboard_interactions","idx_dashboard_interactions_status_changed_by","status_changed_by","BTREE","NO","Foreign key lookup to user_profiles.","required","KEY `idx_dashboard_interactions_status_changed_by` (`status_changed_by`)"
"dashboard_interactions","idx_dashboard_interactions_updated_by","updated_by","BTREE","NO","Foreign key lookup to user_profiles.","required","KEY `idx_dashboard_interactions_updated_by` (`updated_by`)"
"dashboard_interactions","pk_dashboard_interactions","id","BTREE","YES","Primary lookup and relationship target.","required","UNIQUE KEY `pk_dashboard_interactions` (`id`)"
"dashboard_share_access_logs","idx_dashboard_share_access_logs_created_by","created_by","BTREE","NO","Foreign key lookup to user_profiles.","required","KEY `idx_dashboard_share_access_logs_created_by` (`created_by`)"
"dashboard_share_access_logs","idx_dashboard_share_access_logs_organization_id","organization_id","BTREE","NO","Foreign key lookup to organizations.","required","KEY `idx_dashboard_share_access_logs_organization_id` (`organization_id`)"
"dashboard_share_access_logs","idx_dashboard_share_access_logs_share_link_id","share_link_id","BTREE","NO","Foreign key lookup to dashboard_share_links.","required","KEY `idx_dashboard_share_access_logs_share_link_id` (`share_link_id`)"
"dashboard_share_access_logs","idx_dashboard_share_access_logs_updated_by","updated_by","BTREE","NO","Foreign key lookup to user_profiles.","required","KEY `idx_dashboard_share_access_logs_updated_by` (`updated_by`)"
"dashboard_share_access_logs","pk_dashboard_share_access_logs","id","BTREE","YES","Primary lookup and relationship target.","required","UNIQUE KEY `pk_dashboard_share_access_logs` (`id`)"
"dashboard_share_links","idx_dashboard_share_links_org_branch","organization_id, branch_id","BTREE","NO","Tenant and branch scoped filtering.","recommended","KEY `idx_dashboard_share_links_org_branch` (`organization_id`, `branch_id`)"
"dashboard_share_links","idx_dashboard_share_links_org_created","organization_id, created_at","BTREE","NO","Tenant timeline and retention filtering.","recommended","KEY `idx_dashboard_share_links_org_created` (`organization_id`, `created_at`)"
"dashboard_share_links","idx_dashboard_share_links_org_status","organization_id, status","BTREE","NO","Tenant status filtering.","recommended","KEY `idx_dashboard_share_links_org_status` (`organization_id`, `status`)"
"dashboard_share_links","idx_dashboard_share_links_branch_id","branch_id","BTREE","NO","Foreign key lookup to branches.","required","KEY `idx_dashboard_share_links_branch_id` (`branch_id`)"
"dashboard_share_links","idx_dashboard_share_links_created_by","created_by","BTREE","NO","Foreign key lookup to user_profiles.","required","KEY `idx_dashboard_share_links_created_by` (`created_by`)"
"dashboard_share_links","idx_dashboard_share_links_dashboard_id","dashboard_id","BTREE","NO","Foreign key lookup to bi_dashboards.","required","KEY `idx_dashboard_share_links_dashboard_id` (`dashboard_id`)"
"dashboard_share_links","idx_dashboard_share_links_deleted_by","deleted_by","BTREE","NO","Foreign key lookup to user_profiles.","required","KEY `idx_dashboard_share_links_deleted_by` (`deleted_by`)"
"dashboard_share_links","idx_dashboard_share_links_organization_id","organization_id","BTREE","NO","Foreign key lookup to organizations.","required","KEY `idx_dashboard_share_links_organization_id` (`organization_id`)"
"dashboard_share_links","idx_dashboard_share_links_revoked_by","revoked_by","BTREE","NO","Foreign key lookup to user_profiles.","required","KEY `idx_dashboard_share_links_revoked_by` (`revoked_by`)"
"dashboard_share_links","idx_dashboard_share_links_status_changed_by","status_changed_by","BTREE","NO","Foreign key lookup to user_profiles.","required","KEY `idx_dashboard_share_links_status_changed_by` (`status_changed_by`)"
"dashboard_share_links","idx_dashboard_share_links_updated_by","updated_by","BTREE","NO","Foreign key lookup to user_profiles.","required","KEY `idx_dashboard_share_links_updated_by` (`updated_by`)"
"dashboard_share_links","pk_dashboard_share_links","id","BTREE","YES","Primary lookup and relationship target.","required","UNIQUE KEY `pk_dashboard_share_links` (`id`)"
"dashboard_share_links","uk_dashboard_share_links_share_token_hash","share_token_hash","BTREE","YES","Business uniqueness rule.","required","UNIQUE KEY `uk_dashboard_share_links_share_token_hash` (`share_token_hash`)"
"dashboard_share_snapshots","idx_dashboard_share_snapshots_created_by","created_by","BTREE","NO","Foreign key lookup to user_profiles.","required","KEY `idx_dashboard_share_snapshots_created_by` (`created_by`)"
"dashboard_share_snapshots","idx_dashboard_share_snapshots_dashboard_version_id","dashboard_version_id","BTREE","NO","Foreign key lookup to dashboard_versions.","required","KEY `idx_dashboard_share_snapshots_dashboard_version_id` (`dashboard_version_id`)"
"dashboard_share_snapshots","idx_dashboard_share_snapshots_deleted_by","deleted_by","BTREE","NO","Foreign key lookup to user_profiles.","required","KEY `idx_dashboard_share_snapshots_deleted_by` (`deleted_by`)"
"dashboard_share_snapshots","idx_dashboard_share_snapshots_organization_id","organization_id","BTREE","NO","Foreign key lookup to organizations.","required","KEY `idx_dashboard_share_snapshots_organization_id` (`organization_id`)"
"dashboard_share_snapshots","idx_dashboard_share_snapshots_share_link_id","share_link_id","BTREE","NO","Foreign key lookup to dashboard_share_links.","required","KEY `idx_dashboard_share_snapshots_share_link_id` (`share_link_id`)"
"dashboard_share_snapshots","idx_dashboard_share_snapshots_status_changed_by","status_changed_by","BTREE","NO","Foreign key lookup to user_profiles.","required","KEY `idx_dashboard_share_snapshots_status_changed_by` (`status_changed_by`)"
"dashboard_share_snapshots","idx_dashboard_share_snapshots_updated_by","updated_by","BTREE","NO","Foreign key lookup to user_profiles.","required","KEY `idx_dashboard_share_snapshots_updated_by` (`updated_by`)"
"dashboard_share_snapshots","pk_dashboard_share_snapshots","id","BTREE","YES","Primary lookup and relationship target.","required","UNIQUE KEY `pk_dashboard_share_snapshots` (`id`)"
"dashboard_template_widgets","idx_dashboard_template_widgets_created_by","created_by","BTREE","NO","Foreign key lookup to user_profiles.","required","KEY `idx_dashboard_template_widgets_created_by` (`created_by`)"
"dashboard_template_widgets","idx_dashboard_template_widgets_deleted_by","deleted_by","BTREE","NO","Foreign key lookup to user_profiles.","required","KEY `idx_dashboard_template_widgets_deleted_by` (`deleted_by`)"
"dashboard_template_widgets","idx_dashboard_template_widgets_organization_id","organization_id","BTREE","NO","Foreign key lookup to organizations.","required","KEY `idx_dashboard_template_widgets_organization_id` (`organization_id`)"
"dashboard_template_widgets","idx_dashboard_template_widgets_status_changed_by","status_changed_by","BTREE","NO","Foreign key lookup to user_profiles.","required","KEY `idx_dashboard_template_widgets_status_changed_by` (`status_changed_by`)"
"dashboard_template_widgets","idx_dashboard_template_widgets_template_id","template_id","BTREE","NO","Foreign key lookup to dashboard_templates.","required","KEY `idx_dashboard_template_widgets_template_id` (`template_id`)"
"dashboard_template_widgets","idx_dashboard_template_widgets_updated_by","updated_by","BTREE","NO","Foreign key lookup to user_profiles.","required","KEY `idx_dashboard_template_widgets_updated_by` (`updated_by`)"
"dashboard_template_widgets","pk_dashboard_template_widgets","id","BTREE","YES","Primary lookup and relationship target.","required","UNIQUE KEY `pk_dashboard_template_widgets` (`id`)"
"dashboard_templates","idx_dashboard_templates_created_by","created_by","BTREE","NO","Foreign key lookup to user_profiles.","required","KEY `idx_dashboard_templates_created_by` (`created_by`)"
"dashboard_templates","idx_dashboard_templates_deleted_by","deleted_by","BTREE","NO","Foreign key lookup to user_profiles.","required","KEY `idx_dashboard_templates_deleted_by` (`deleted_by`)"
"dashboard_templates","idx_dashboard_templates_organization_id","organization_id","BTREE","NO","Foreign key lookup to organizations.","required","KEY `idx_dashboard_templates_organization_id` (`organization_id`)"
"dashboard_templates","idx_dashboard_templates_status_changed_by","status_changed_by","BTREE","NO","Foreign key lookup to user_profiles.","required","KEY `idx_dashboard_templates_status_changed_by` (`status_changed_by`)"
"dashboard_templates","idx_dashboard_templates_updated_by","updated_by","BTREE","NO","Foreign key lookup to user_profiles.","required","KEY `idx_dashboard_templates_updated_by` (`updated_by`)"
"dashboard_templates","pk_dashboard_templates","id","BTREE","YES","Primary lookup and relationship target.","required","UNIQUE KEY `pk_dashboard_templates` (`id`)"
"dashboard_templates","uk_dashboard_templates_org_code","organization_id, code","BTREE","YES","Tenant-scoped business code uniqueness.","required","UNIQUE KEY `uk_dashboard_templates_org_code` (`organization_id`, `code`)"
"dashboard_versions","idx_dashboard_versions_created_by","created_by","BTREE","NO","Foreign key lookup to user_profiles.","required","KEY `idx_dashboard_versions_created_by` (`created_by`)"
"dashboard_versions","idx_dashboard_versions_dashboard_id","dashboard_id","BTREE","NO","Foreign key lookup to bi_dashboards.","required","KEY `idx_dashboard_versions_dashboard_id` (`dashboard_id`)"
"dashboard_versions","idx_dashboard_versions_organization_id","organization_id","BTREE","NO","Foreign key lookup to organizations.","required","KEY `idx_dashboard_versions_organization_id` (`organization_id`)"
"dashboard_versions","idx_dashboard_versions_updated_by","updated_by","BTREE","NO","Foreign key lookup to user_profiles.","required","KEY `idx_dashboard_versions_updated_by` (`updated_by`)"
"dashboard_versions","pk_dashboard_versions","id","BTREE","YES","Primary lookup and relationship target.","required","UNIQUE KEY `pk_dashboard_versions` (`id`)"
"dashboard_versions","uk_dashboard_versions_organization_id_dashboard_id_version_n","organization_id, dashboard_id, version_no","BTREE","YES","Business uniqueness rule.","required","UNIQUE KEY `uk_dashboard_versions_organization_id_dashboard_id_version_n` (`organization_id`, `dashboard_id`, `version_no`)"
"dashboard_widgets","idx_dashboard_widgets_org_branch","organization_id, branch_id","BTREE","NO","Tenant and branch scoped filtering.","recommended","KEY `idx_dashboard_widgets_org_branch` (`organization_id`, `branch_id`)"
"dashboard_widgets","idx_dashboard_widgets_org_created","organization_id, created_at","BTREE","NO","Tenant timeline and retention filtering.","recommended","KEY `idx_dashboard_widgets_org_created` (`organization_id`, `created_at`)"
"dashboard_widgets","idx_dashboard_widgets_org_status","organization_id, status","BTREE","NO","Tenant status filtering.","recommended","KEY `idx_dashboard_widgets_org_status` (`organization_id`, `status`)"
"dashboard_widgets","idx_dashboard_widgets_branch_id","branch_id","BTREE","NO","Foreign key lookup to branches.","required","KEY `idx_dashboard_widgets_branch_id` (`branch_id`)"
"dashboard_widgets","idx_dashboard_widgets_created_by","created_by","BTREE","NO","Foreign key lookup to user_profiles.","required","KEY `idx_dashboard_widgets_created_by` (`created_by`)"
"dashboard_widgets","idx_dashboard_widgets_dashboard_id","dashboard_id","BTREE","NO","Foreign key lookup to bi_dashboards.","required","KEY `idx_dashboard_widgets_dashboard_id` (`dashboard_id`)"
"dashboard_widgets","idx_dashboard_widgets_deleted_by","deleted_by","BTREE","NO","Foreign key lookup to user_profiles.","required","KEY `idx_dashboard_widgets_deleted_by` (`deleted_by`)"
"dashboard_widgets","idx_dashboard_widgets_organization_id","organization_id","BTREE","NO","Foreign key lookup to organizations.","required","KEY `idx_dashboard_widgets_organization_id` (`organization_id`)"
"dashboard_widgets","idx_dashboard_widgets_source_chart_id","source_chart_id","BTREE","NO","Foreign key lookup to charts.","required","KEY `idx_dashboard_widgets_source_chart_id` (`source_chart_id`)"
"dashboard_widgets","idx_dashboard_widgets_status_changed_by","status_changed_by","BTREE","NO","Foreign key lookup to user_profiles.","required","KEY `idx_dashboard_widgets_status_changed_by` (`status_changed_by`)"
"dashboard_widgets","idx_dashboard_widgets_updated_by","updated_by","BTREE","NO","Foreign key lookup to user_profiles.","required","KEY `idx_dashboard_widgets_updated_by` (`updated_by`)"
"dashboard_widgets","pk_dashboard_widgets","id","BTREE","YES","Primary lookup and relationship target.","required","UNIQUE KEY `pk_dashboard_widgets` (`id`)"
"data_quality_findings","idx_data_quality_findings_created_by","created_by","BTREE","NO","Foreign key lookup to user_profiles.","required","KEY `idx_data_quality_findings_created_by` (`created_by`)"
"data_quality_findings","idx_data_quality_findings_deleted_by","deleted_by","BTREE","NO","Foreign key lookup to user_profiles.","required","KEY `idx_data_quality_findings_deleted_by` (`deleted_by`)"
"data_quality_findings","idx_data_quality_findings_organization_id","organization_id","BTREE","NO","Foreign key lookup to organizations.","required","KEY `idx_data_quality_findings_organization_id` (`organization_id`)"
"data_quality_findings","idx_data_quality_findings_rule_id","rule_id","BTREE","NO","Foreign key lookup to data_quality_rules.","required","KEY `idx_data_quality_findings_rule_id` (`rule_id`)"
"data_quality_findings","idx_data_quality_findings_status_changed_by","status_changed_by","BTREE","NO","Foreign key lookup to user_profiles.","required","KEY `idx_data_quality_findings_status_changed_by` (`status_changed_by`)"
"data_quality_findings","idx_data_quality_findings_updated_by","updated_by","BTREE","NO","Foreign key lookup to user_profiles.","required","KEY `idx_data_quality_findings_updated_by` (`updated_by`)"
"data_quality_findings","pk_data_quality_findings","id","BTREE","YES","Primary lookup and relationship target.","required","UNIQUE KEY `pk_data_quality_findings` (`id`)"
"data_quality_rule_assignments","idx_data_quality_rule_assignments_created_by","created_by","BTREE","NO","Foreign key lookup to user_profiles.","required","KEY `idx_data_quality_rule_assignments_created_by` (`created_by`)"
"data_quality_rule_assignments","idx_data_quality_rule_assignments_deleted_by","deleted_by","BTREE","NO","Foreign key lookup to user_profiles.","required","KEY `idx_data_quality_rule_assignments_deleted_by` (`deleted_by`)"
"data_quality_rule_assignments","idx_data_quality_rule_assignments_organization_id","organization_id","BTREE","NO","Foreign key lookup to organizations.","required","KEY `idx_data_quality_rule_assignments_organization_id` (`organization_id`)"
"data_quality_rule_assignments","idx_data_quality_rule_assignments_rule_id","rule_id","BTREE","NO","Foreign key lookup to data_quality_rules.","required","KEY `idx_data_quality_rule_assignments_rule_id` (`rule_id`)"
"data_quality_rule_assignments","idx_data_quality_rule_assignments_status_changed_by","status_changed_by","BTREE","NO","Foreign key lookup to user_profiles.","required","KEY `idx_data_quality_rule_assignments_status_changed_by` (`status_changed_by`)"
"data_quality_rule_assignments","idx_data_quality_rule_assignments_target_table_target_id","organization_id, target_table, target_id","BTREE","NO","Polymorphic entity lookup.","required","KEY `idx_data_quality_rule_assignments_target_table_target_id` (`organization_id`, `target_table`, `target_id`)"
"data_quality_rule_assignments","idx_data_quality_rule_assignments_updated_by","updated_by","BTREE","NO","Foreign key lookup to user_profiles.","required","KEY `idx_data_quality_rule_assignments_updated_by` (`updated_by`)"
"data_quality_rule_assignments","pk_data_quality_rule_assignments","id","BTREE","YES","Primary lookup and relationship target.","required","UNIQUE KEY `pk_data_quality_rule_assignments` (`id`)"
"data_quality_rule_assignments","uk_data_quality_rule_assignments_organization_id_rule_id_tar","organization_id, rule_id, target_table, target_id","BTREE","YES","Business uniqueness rule.","required","UNIQUE KEY `uk_data_quality_rule_assignments_organization_id_rule_id_tar` (`organization_id`, `rule_id`, `target_table`, `target_id`)"
"data_quality_rules","idx_data_quality_rules_created_by","created_by","BTREE","NO","Foreign key lookup to user_profiles.","required","KEY `idx_data_quality_rules_created_by` (`created_by`)"
"data_quality_rules","idx_data_quality_rules_deleted_by","deleted_by","BTREE","NO","Foreign key lookup to user_profiles.","required","KEY `idx_data_quality_rules_deleted_by` (`deleted_by`)"
"data_quality_rules","idx_data_quality_rules_organization_id","organization_id","BTREE","NO","Foreign key lookup to organizations.","required","KEY `idx_data_quality_rules_organization_id` (`organization_id`)"
"data_quality_rules","idx_data_quality_rules_status_changed_by","status_changed_by","BTREE","NO","Foreign key lookup to user_profiles.","required","KEY `idx_data_quality_rules_status_changed_by` (`status_changed_by`)"
"data_quality_rules","idx_data_quality_rules_updated_by","updated_by","BTREE","NO","Foreign key lookup to user_profiles.","required","KEY `idx_data_quality_rules_updated_by` (`updated_by`)"
"data_quality_rules","pk_data_quality_rules","id","BTREE","YES","Primary lookup and relationship target.","required","UNIQUE KEY `pk_data_quality_rules` (`id`)"
"data_quality_rules","uk_data_quality_rules_org_code","organization_id, code","BTREE","YES","Tenant-scoped business code uniqueness.","required","UNIQUE KEY `uk_data_quality_rules_org_code` (`organization_id`, `code`)"
"data_source_columns","idx_data_source_columns_created_by","created_by","BTREE","NO","Foreign key lookup to user_profiles.","required","KEY `idx_data_source_columns_created_by` (`created_by`)"
"data_source_columns","idx_data_source_columns_deleted_by","deleted_by","BTREE","NO","Foreign key lookup to user_profiles.","required","KEY `idx_data_source_columns_deleted_by` (`deleted_by`)"
"data_source_columns","idx_data_source_columns_organization_id","organization_id","BTREE","NO","Foreign key lookup to organizations.","required","KEY `idx_data_source_columns_organization_id` (`organization_id`)"
"data_source_columns","idx_data_source_columns_source_table_id","source_table_id","BTREE","NO","Foreign key lookup to data_source_tables.","required","KEY `idx_data_source_columns_source_table_id` (`source_table_id`)"
"data_source_columns","idx_data_source_columns_status_changed_by","status_changed_by","BTREE","NO","Foreign key lookup to user_profiles.","required","KEY `idx_data_source_columns_status_changed_by` (`status_changed_by`)"
"data_source_columns","idx_data_source_columns_updated_by","updated_by","BTREE","NO","Foreign key lookup to user_profiles.","required","KEY `idx_data_source_columns_updated_by` (`updated_by`)"
"data_source_columns","pk_data_source_columns","id","BTREE","YES","Primary lookup and relationship target.","required","UNIQUE KEY `pk_data_source_columns` (`id`)"
"data_source_columns","uk_data_source_columns_organization_id_source_table_id_colum","organization_id, source_table_id, column_name","BTREE","YES","Business uniqueness rule.","required","UNIQUE KEY `uk_data_source_columns_organization_id_source_table_id_colum` (`organization_id`, `source_table_id`, `column_name`)"
"data_source_connection_options","idx_data_source_connection_options_connection_id","connection_id","BTREE","NO","Foreign key lookup to data_source_connections.","required","KEY `idx_data_source_connection_options_connection_id` (`connection_id`)"
"data_source_connection_options","idx_data_source_connection_options_created_by","created_by","BTREE","NO","Foreign key lookup to user_profiles.","required","KEY `idx_data_source_connection_options_created_by` (`created_by`)"
"data_source_connection_options","idx_data_source_connection_options_deleted_by","deleted_by","BTREE","NO","Foreign key lookup to user_profiles.","required","KEY `idx_data_source_connection_options_deleted_by` (`deleted_by`)"
"data_source_connection_options","idx_data_source_connection_options_organization_id","organization_id","BTREE","NO","Foreign key lookup to organizations.","required","KEY `idx_data_source_connection_options_organization_id` (`organization_id`)"
"data_source_connection_options","idx_data_source_connection_options_status_changed_by","status_changed_by","BTREE","NO","Foreign key lookup to user_profiles.","required","KEY `idx_data_source_connection_options_status_changed_by` (`status_changed_by`)"
"data_source_connection_options","idx_data_source_connection_options_updated_by","updated_by","BTREE","NO","Foreign key lookup to user_profiles.","required","KEY `idx_data_source_connection_options_updated_by` (`updated_by`)"
"data_source_connection_options","pk_data_source_connection_options","id","BTREE","YES","Primary lookup and relationship target.","required","UNIQUE KEY `pk_data_source_connection_options` (`id`)"
"data_source_connection_options","uk_data_source_connection_options_organization_id_connection","organization_id, connection_id, option_group, option_key","BTREE","YES","Business uniqueness rule.","required","UNIQUE KEY `uk_data_source_connection_options_organization_id_connection` (`organization_id`, `connection_id`, `option_group`, `option_key`)"
"data_source_connections","idx_data_source_connections_org_branch","organization_id, branch_id","BTREE","NO","Tenant and branch scoped filtering.","recommended","KEY `idx_data_source_connections_org_branch` (`organization_id`, `branch_id`)"
"data_source_connections","idx_data_source_connections_org_created","organization_id, created_at","BTREE","NO","Tenant timeline and retention filtering.","recommended","KEY `idx_data_source_connections_org_created` (`organization_id`, `created_at`)"
"data_source_connections","idx_data_source_connections_org_status","organization_id, status","BTREE","NO","Tenant status filtering.","recommended","KEY `idx_data_source_connections_org_status` (`organization_id`, `status`)"
"data_source_connections","idx_data_source_connections_branch_id","branch_id","BTREE","NO","Foreign key lookup to branches.","required","KEY `idx_data_source_connections_branch_id` (`branch_id`)"
"data_source_connections","idx_data_source_connections_created_by","created_by","BTREE","NO","Foreign key lookup to user_profiles.","required","KEY `idx_data_source_connections_created_by` (`created_by`)"
"data_source_connections","idx_data_source_connections_data_source_type_id","data_source_type_id","BTREE","NO","Foreign key lookup to data_source_types.","required","KEY `idx_data_source_connections_data_source_type_id` (`data_source_type_id`)"
"data_source_connections","idx_data_source_connections_deleted_by","deleted_by","BTREE","NO","Foreign key lookup to user_profiles.","required","KEY `idx_data_source_connections_deleted_by` (`deleted_by`)"
"data_source_connections","idx_data_source_connections_organization_id","organization_id","BTREE","NO","Foreign key lookup to organizations.","required","KEY `idx_data_source_connections_organization_id` (`organization_id`)"
"data_source_connections","idx_data_source_connections_status_changed_by","status_changed_by","BTREE","NO","Foreign key lookup to user_profiles.","required","KEY `idx_data_source_connections_status_changed_by` (`status_changed_by`)"
"data_source_connections","idx_data_source_connections_updated_by","updated_by","BTREE","NO","Foreign key lookup to user_profiles.","required","KEY `idx_data_source_connections_updated_by` (`updated_by`)"
"data_source_connections","pk_data_source_connections","id","BTREE","YES","Primary lookup and relationship target.","required","UNIQUE KEY `pk_data_source_connections` (`id`)"
"data_source_connections","uk_data_source_connections_org_code","organization_id, code","BTREE","YES","Tenant-scoped business code uniqueness.","required","UNIQUE KEY `uk_data_source_connections_org_code` (`organization_id`, `code`)"
"data_source_schemas","idx_data_source_schemas_connection_id","connection_id","BTREE","NO","Foreign key lookup to data_source_connections.","required","KEY `idx_data_source_schemas_connection_id` (`connection_id`)"
"data_source_schemas","idx_data_source_schemas_created_by","created_by","BTREE","NO","Foreign key lookup to user_profiles.","required","KEY `idx_data_source_schemas_created_by` (`created_by`)"
"data_source_schemas","idx_data_source_schemas_deleted_by","deleted_by","BTREE","NO","Foreign key lookup to user_profiles.","required","KEY `idx_data_source_schemas_deleted_by` (`deleted_by`)"
"data_source_schemas","idx_data_source_schemas_organization_id","organization_id","BTREE","NO","Foreign key lookup to organizations.","required","KEY `idx_data_source_schemas_organization_id` (`organization_id`)"
"data_source_schemas","idx_data_source_schemas_status_changed_by","status_changed_by","BTREE","NO","Foreign key lookup to user_profiles.","required","KEY `idx_data_source_schemas_status_changed_by` (`status_changed_by`)"
"data_source_schemas","idx_data_source_schemas_updated_by","updated_by","BTREE","NO","Foreign key lookup to user_profiles.","required","KEY `idx_data_source_schemas_updated_by` (`updated_by`)"
"data_source_schemas","pk_data_source_schemas","id","BTREE","YES","Primary lookup and relationship target.","required","UNIQUE KEY `pk_data_source_schemas` (`id`)"
"data_source_schemas","uk_data_source_schemas_organization_id_connection_id_schema_","organization_id, connection_id, schema_name","BTREE","YES","Business uniqueness rule.","required","UNIQUE KEY `uk_data_source_schemas_organization_id_connection_id_schema_` (`organization_id`, `connection_id`, `schema_name`)"
"data_source_secret_references","idx_data_source_secret_references_connection_id","connection_id","BTREE","NO","Foreign key lookup to data_source_connections.","required","KEY `idx_data_source_secret_references_connection_id` (`connection_id`)"
"data_source_secret_references","idx_data_source_secret_references_created_by","created_by","BTREE","NO","Foreign key lookup to user_profiles.","required","KEY `idx_data_source_secret_references_created_by` (`created_by`)"
"data_source_secret_references","idx_data_source_secret_references_deleted_by","deleted_by","BTREE","NO","Foreign key lookup to user_profiles.","required","KEY `idx_data_source_secret_references_deleted_by` (`deleted_by`)"
"data_source_secret_references","idx_data_source_secret_references_organization_id","organization_id","BTREE","NO","Foreign key lookup to organizations.","required","KEY `idx_data_source_secret_references_organization_id` (`organization_id`)"
"data_source_secret_references","idx_data_source_secret_references_status_changed_by","status_changed_by","BTREE","NO","Foreign key lookup to user_profiles.","required","KEY `idx_data_source_secret_references_status_changed_by` (`status_changed_by`)"
"data_source_secret_references","idx_data_source_secret_references_updated_by","updated_by","BTREE","NO","Foreign key lookup to user_profiles.","required","KEY `idx_data_source_secret_references_updated_by` (`updated_by`)"
"data_source_secret_references","pk_data_source_secret_references","id","BTREE","YES","Primary lookup and relationship target.","required","UNIQUE KEY `pk_data_source_secret_references` (`id`)"
"data_source_secret_references","uk_data_source_secret_references_organization_id_connection_","organization_id, connection_id, secret_purpose","BTREE","YES","Business uniqueness rule.","required","UNIQUE KEY `uk_data_source_secret_references_organization_id_connection_` (`organization_id`, `connection_id`, `secret_purpose`)"
"data_source_tables","idx_data_source_tables_created_by","created_by","BTREE","NO","Foreign key lookup to user_profiles.","required","KEY `idx_data_source_tables_created_by` (`created_by`)"
"data_source_tables","idx_data_source_tables_deleted_by","deleted_by","BTREE","NO","Foreign key lookup to user_profiles.","required","KEY `idx_data_source_tables_deleted_by` (`deleted_by`)"
"data_source_tables","idx_data_source_tables_organization_id","organization_id","BTREE","NO","Foreign key lookup to organizations.","required","KEY `idx_data_source_tables_organization_id` (`organization_id`)"
"data_source_tables","idx_data_source_tables_schema_id","schema_id","BTREE","NO","Foreign key lookup to data_source_schemas.","required","KEY `idx_data_source_tables_schema_id` (`schema_id`)"
"data_source_tables","idx_data_source_tables_status_changed_by","status_changed_by","BTREE","NO","Foreign key lookup to user_profiles.","required","KEY `idx_data_source_tables_status_changed_by` (`status_changed_by`)"
"data_source_tables","idx_data_source_tables_updated_by","updated_by","BTREE","NO","Foreign key lookup to user_profiles.","required","KEY `idx_data_source_tables_updated_by` (`updated_by`)"
"data_source_tables","pk_data_source_tables","id","BTREE","YES","Primary lookup and relationship target.","required","UNIQUE KEY `pk_data_source_tables` (`id`)"
"data_source_tables","uk_data_source_tables_organization_id_schema_id_table_name_o","organization_id, schema_id, table_name, object_type","BTREE","YES","Business uniqueness rule.","required","UNIQUE KEY `uk_data_source_tables_organization_id_schema_id_table_name_o` (`organization_id`, `schema_id`, `table_name`, `object_type`)"
"data_source_test_runs","idx_data_source_test_runs_connection_id","connection_id","BTREE","NO","Foreign key lookup to data_source_connections.","required","KEY `idx_data_source_test_runs_connection_id` (`connection_id`)"
"data_source_test_runs","idx_data_source_test_runs_created_by","created_by","BTREE","NO","Foreign key lookup to user_profiles.","required","KEY `idx_data_source_test_runs_created_by` (`created_by`)"
"data_source_test_runs","idx_data_source_test_runs_organization_id","organization_id","BTREE","NO","Foreign key lookup to organizations.","required","KEY `idx_data_source_test_runs_organization_id` (`organization_id`)"
"data_source_test_runs","idx_data_source_test_runs_status_changed_by","status_changed_by","BTREE","NO","Foreign key lookup to user_profiles.","required","KEY `idx_data_source_test_runs_status_changed_by` (`status_changed_by`)"
"data_source_test_runs","idx_data_source_test_runs_updated_by","updated_by","BTREE","NO","Foreign key lookup to user_profiles.","required","KEY `idx_data_source_test_runs_updated_by` (`updated_by`)"
"data_source_test_runs","pk_data_source_test_runs","id","BTREE","YES","Primary lookup and relationship target.","required","UNIQUE KEY `pk_data_source_test_runs` (`id`)"
"data_source_types","idx_data_source_types_created_by","created_by","BTREE","NO","Foreign key lookup to user_profiles.","required","KEY `idx_data_source_types_created_by` (`created_by`)"
"data_source_types","idx_data_source_types_deleted_by","deleted_by","BTREE","NO","Foreign key lookup to user_profiles.","required","KEY `idx_data_source_types_deleted_by` (`deleted_by`)"
"data_source_types","idx_data_source_types_status_changed_by","status_changed_by","BTREE","NO","Foreign key lookup to user_profiles.","required","KEY `idx_data_source_types_status_changed_by` (`status_changed_by`)"
"data_source_types","idx_data_source_types_updated_by","updated_by","BTREE","NO","Foreign key lookup to user_profiles.","required","KEY `idx_data_source_types_updated_by` (`updated_by`)"
"data_source_types","pk_data_source_types","id","BTREE","YES","Primary lookup and relationship target.","required","UNIQUE KEY `pk_data_source_types` (`id`)"
"data_source_types","uk_data_source_types_code","code","BTREE","YES","Global business code uniqueness.","required","UNIQUE KEY `uk_data_source_types_code` (`code`)"
"dataset_fields","idx_dataset_fields_created_by","created_by","BTREE","NO","Foreign key lookup to user_profiles.","required","KEY `idx_dataset_fields_created_by` (`created_by`)"
"dataset_fields","idx_dataset_fields_dataset_id","dataset_id","BTREE","NO","Foreign key lookup to datasets.","required","KEY `idx_dataset_fields_dataset_id` (`dataset_id`)"
"dataset_fields","idx_dataset_fields_deleted_by","deleted_by","BTREE","NO","Foreign key lookup to user_profiles.","required","KEY `idx_dataset_fields_deleted_by` (`deleted_by`)"
"dataset_fields","idx_dataset_fields_organization_id","organization_id","BTREE","NO","Foreign key lookup to organizations.","required","KEY `idx_dataset_fields_organization_id` (`organization_id`)"
"dataset_fields","idx_dataset_fields_status_changed_by","status_changed_by","BTREE","NO","Foreign key lookup to user_profiles.","required","KEY `idx_dataset_fields_status_changed_by` (`status_changed_by`)"
"dataset_fields","idx_dataset_fields_updated_by","updated_by","BTREE","NO","Foreign key lookup to user_profiles.","required","KEY `idx_dataset_fields_updated_by` (`updated_by`)"
"dataset_fields","pk_dataset_fields","id","BTREE","YES","Primary lookup and relationship target.","required","UNIQUE KEY `pk_dataset_fields` (`id`)"
"dataset_fields","uk_dataset_fields_organization_id_dataset_id_field_name","organization_id, dataset_id, field_name","BTREE","YES","Business uniqueness rule.","required","UNIQUE KEY `uk_dataset_fields_organization_id_dataset_id_field_name` (`organization_id`, `dataset_id`, `field_name`)"
"dataset_lineage","idx_dataset_lineage_created_by","created_by","BTREE","NO","Foreign key lookup to user_profiles.","required","KEY `idx_dataset_lineage_created_by` (`created_by`)"
"dataset_lineage","idx_dataset_lineage_deleted_by","deleted_by","BTREE","NO","Foreign key lookup to user_profiles.","required","KEY `idx_dataset_lineage_deleted_by` (`deleted_by`)"
"dataset_lineage","idx_dataset_lineage_organization_id","organization_id","BTREE","NO","Foreign key lookup to organizations.","required","KEY `idx_dataset_lineage_organization_id` (`organization_id`)"
"dataset_lineage","idx_dataset_lineage_source_entity_type_source_entity_id","organization_id, source_entity_type, source_entity_id","BTREE","NO","Polymorphic entity lookup.","required","KEY `idx_dataset_lineage_source_entity_type_source_entity_id` (`organization_id`, `source_entity_type`, `source_entity_id`)"
"dataset_lineage","idx_dataset_lineage_status_changed_by","status_changed_by","BTREE","NO","Foreign key lookup to user_profiles.","required","KEY `idx_dataset_lineage_status_changed_by` (`status_changed_by`)"
"dataset_lineage","idx_dataset_lineage_target_entity_type_target_entity_id","organization_id, target_entity_type, target_entity_id","BTREE","NO","Polymorphic entity lookup.","required","KEY `idx_dataset_lineage_target_entity_type_target_entity_id` (`organization_id`, `target_entity_type`, `target_entity_id`)"
"dataset_lineage","idx_dataset_lineage_updated_by","updated_by","BTREE","NO","Foreign key lookup to user_profiles.","required","KEY `idx_dataset_lineage_updated_by` (`updated_by`)"
"dataset_lineage","pk_dataset_lineage","id","BTREE","YES","Primary lookup and relationship target.","required","UNIQUE KEY `pk_dataset_lineage` (`id`)"
"dataset_refresh_jobs","idx_dataset_refresh_jobs_connection_id","connection_id","BTREE","NO","Foreign key lookup to data_source_connections.","required","KEY `idx_dataset_refresh_jobs_connection_id` (`connection_id`)"
"dataset_refresh_jobs","idx_dataset_refresh_jobs_created_by","created_by","BTREE","NO","Foreign key lookup to user_profiles.","required","KEY `idx_dataset_refresh_jobs_created_by` (`created_by`)"
"dataset_refresh_jobs","idx_dataset_refresh_jobs_dataset_id","dataset_id","BTREE","NO","Foreign key lookup to datasets.","required","KEY `idx_dataset_refresh_jobs_dataset_id` (`dataset_id`)"
"dataset_refresh_jobs","idx_dataset_refresh_jobs_deleted_by","deleted_by","BTREE","NO","Foreign key lookup to user_profiles.","required","KEY `idx_dataset_refresh_jobs_deleted_by` (`deleted_by`)"
"dataset_refresh_jobs","idx_dataset_refresh_jobs_organization_id","organization_id","BTREE","NO","Foreign key lookup to organizations.","required","KEY `idx_dataset_refresh_jobs_organization_id` (`organization_id`)"
"dataset_refresh_jobs","idx_dataset_refresh_jobs_status_changed_by","status_changed_by","BTREE","NO","Foreign key lookup to user_profiles.","required","KEY `idx_dataset_refresh_jobs_status_changed_by` (`status_changed_by`)"
"dataset_refresh_jobs","idx_dataset_refresh_jobs_updated_by","updated_by","BTREE","NO","Foreign key lookup to user_profiles.","required","KEY `idx_dataset_refresh_jobs_updated_by` (`updated_by`)"
"dataset_refresh_jobs","pk_dataset_refresh_jobs","id","BTREE","YES","Primary lookup and relationship target.","required","UNIQUE KEY `pk_dataset_refresh_jobs` (`id`)"
"dataset_rows","idx_dataset_rows_created_by","created_by","BTREE","NO","Foreign key lookup to user_profiles.","required","KEY `idx_dataset_rows_created_by` (`created_by`)"
"dataset_rows","idx_dataset_rows_dataset_id","dataset_id","BTREE","NO","Foreign key lookup to datasets.","required","KEY `idx_dataset_rows_dataset_id` (`dataset_id`)"
"dataset_rows","idx_dataset_rows_dataset_version_id","dataset_version_id","BTREE","NO","Foreign key lookup to dataset_versions.","required","KEY `idx_dataset_rows_dataset_version_id` (`dataset_version_id`)"
"dataset_rows","idx_dataset_rows_organization_id","organization_id","BTREE","NO","Foreign key lookup to organizations.","required","KEY `idx_dataset_rows_organization_id` (`organization_id`)"
"dataset_rows","idx_dataset_rows_status_changed_by","status_changed_by","BTREE","NO","Foreign key lookup to user_profiles.","required","KEY `idx_dataset_rows_status_changed_by` (`status_changed_by`)"
"dataset_rows","idx_dataset_rows_updated_by","updated_by","BTREE","NO","Foreign key lookup to user_profiles.","required","KEY `idx_dataset_rows_updated_by` (`updated_by`)"
"dataset_rows","pk_dataset_rows","id","BTREE","YES","Primary lookup and relationship target.","required","UNIQUE KEY `pk_dataset_rows` (`id`)"
"dataset_rows","uk_dataset_rows_organization_id_dataset_id_dataset_version_i","organization_id, dataset_id, dataset_version_id, row_number","BTREE","YES","Business uniqueness rule.","required","UNIQUE KEY `uk_dataset_rows_organization_id_dataset_id_dataset_version_i` (`organization_id`, `dataset_id`, `dataset_version_id`, `row_number`)"
"dataset_statistics","idx_dataset_statistics_created_by","created_by","BTREE","NO","Foreign key lookup to user_profiles.","required","KEY `idx_dataset_statistics_created_by` (`created_by`)"
"dataset_statistics","idx_dataset_statistics_dataset_field_id","dataset_field_id","BTREE","NO","Foreign key lookup to dataset_fields.","required","KEY `idx_dataset_statistics_dataset_field_id` (`dataset_field_id`)"
"dataset_statistics","idx_dataset_statistics_dataset_id","dataset_id","BTREE","NO","Foreign key lookup to datasets.","required","KEY `idx_dataset_statistics_dataset_id` (`dataset_id`)"
"dataset_statistics","idx_dataset_statistics_deleted_by","deleted_by","BTREE","NO","Foreign key lookup to user_profiles.","required","KEY `idx_dataset_statistics_deleted_by` (`deleted_by`)"
"dataset_statistics","idx_dataset_statistics_organization_id","organization_id","BTREE","NO","Foreign key lookup to organizations.","required","KEY `idx_dataset_statistics_organization_id` (`organization_id`)"
"dataset_statistics","idx_dataset_statistics_status_changed_by","status_changed_by","BTREE","NO","Foreign key lookup to user_profiles.","required","KEY `idx_dataset_statistics_status_changed_by` (`status_changed_by`)"
"dataset_statistics","idx_dataset_statistics_updated_by","updated_by","BTREE","NO","Foreign key lookup to user_profiles.","required","KEY `idx_dataset_statistics_updated_by` (`updated_by`)"
"dataset_statistics","pk_dataset_statistics","id","BTREE","YES","Primary lookup and relationship target.","required","UNIQUE KEY `pk_dataset_statistics` (`id`)"
"dataset_statistics","uk_dataset_statistics_organization_id_dataset_id_dataset_fie","organization_id, dataset_id, dataset_field_id","BTREE","YES","Business uniqueness rule.","required","UNIQUE KEY `uk_dataset_statistics_organization_id_dataset_id_dataset_fie` (`organization_id`, `dataset_id`, `dataset_field_id`)"
"dataset_validation_results","idx_dataset_validation_results_created_by","created_by","BTREE","NO","Foreign key lookup to user_profiles.","required","KEY `idx_dataset_validation_results_created_by` (`created_by`)"
"dataset_validation_results","idx_dataset_validation_results_dataset_field_id","dataset_field_id","BTREE","NO","Foreign key lookup to dataset_fields.","required","KEY `idx_dataset_validation_results_dataset_field_id` (`dataset_field_id`)"
"dataset_validation_results","idx_dataset_validation_results_dataset_id","dataset_id","BTREE","NO","Foreign key lookup to datasets.","required","KEY `idx_dataset_validation_results_dataset_id` (`dataset_id`)"
"dataset_validation_results","idx_dataset_validation_results_deleted_by","deleted_by","BTREE","NO","Foreign key lookup to user_profiles.","required","KEY `idx_dataset_validation_results_deleted_by` (`deleted_by`)"
"dataset_validation_results","idx_dataset_validation_results_organization_id","organization_id","BTREE","NO","Foreign key lookup to organizations.","required","KEY `idx_dataset_validation_results_organization_id` (`organization_id`)"
"dataset_validation_results","idx_dataset_validation_results_status_changed_by","status_changed_by","BTREE","NO","Foreign key lookup to user_profiles.","required","KEY `idx_dataset_validation_results_status_changed_by` (`status_changed_by`)"
"dataset_validation_results","idx_dataset_validation_results_updated_by","updated_by","BTREE","NO","Foreign key lookup to user_profiles.","required","KEY `idx_dataset_validation_results_updated_by` (`updated_by`)"
"dataset_validation_results","pk_dataset_validation_results","id","BTREE","YES","Primary lookup and relationship target.","required","UNIQUE KEY `pk_dataset_validation_results` (`id`)"
"dataset_versions","idx_dataset_versions_created_by","created_by","BTREE","NO","Foreign key lookup to user_profiles.","required","KEY `idx_dataset_versions_created_by` (`created_by`)"
"dataset_versions","idx_dataset_versions_dataset_id","dataset_id","BTREE","NO","Foreign key lookup to datasets.","required","KEY `idx_dataset_versions_dataset_id` (`dataset_id`)"
"dataset_versions","idx_dataset_versions_deleted_by","deleted_by","BTREE","NO","Foreign key lookup to user_profiles.","required","KEY `idx_dataset_versions_deleted_by` (`deleted_by`)"
"dataset_versions","idx_dataset_versions_organization_id","organization_id","BTREE","NO","Foreign key lookup to organizations.","required","KEY `idx_dataset_versions_organization_id` (`organization_id`)"
"dataset_versions","idx_dataset_versions_source_file_id","source_file_id","BTREE","NO","Foreign key lookup to files.","required","KEY `idx_dataset_versions_source_file_id` (`source_file_id`)"
"dataset_versions","idx_dataset_versions_status_changed_by","status_changed_by","BTREE","NO","Foreign key lookup to user_profiles.","required","KEY `idx_dataset_versions_status_changed_by` (`status_changed_by`)"
"dataset_versions","idx_dataset_versions_updated_by","updated_by","BTREE","NO","Foreign key lookup to user_profiles.","required","KEY `idx_dataset_versions_updated_by` (`updated_by`)"
"dataset_versions","pk_dataset_versions","id","BTREE","YES","Primary lookup and relationship target.","required","UNIQUE KEY `pk_dataset_versions` (`id`)"
"dataset_versions","uk_dataset_versions_organization_id_dataset_id_version_no","organization_id, dataset_id, version_no","BTREE","YES","Business uniqueness rule.","required","UNIQUE KEY `uk_dataset_versions_organization_id_dataset_id_version_no` (`organization_id`, `dataset_id`, `version_no`)"
"datasets","idx_datasets_org_branch","organization_id, branch_id","BTREE","NO","Tenant and branch scoped filtering.","recommended","KEY `idx_datasets_org_branch` (`organization_id`, `branch_id`)"
"datasets","idx_datasets_org_created","organization_id, created_at","BTREE","NO","Tenant timeline and retention filtering.","recommended","KEY `idx_datasets_org_created` (`organization_id`, `created_at`)"
"datasets","idx_datasets_org_status","organization_id, status","BTREE","NO","Tenant status filtering.","recommended","KEY `idx_datasets_org_status` (`organization_id`, `status`)"
"datasets","idx_datasets_branch_id","branch_id","BTREE","NO","Foreign key lookup to branches.","required","KEY `idx_datasets_branch_id` (`branch_id`)"
"datasets","idx_datasets_connection_id","connection_id","BTREE","NO","Foreign key lookup to data_source_connections.","required","KEY `idx_datasets_connection_id` (`connection_id`)"
"datasets","idx_datasets_created_by","created_by","BTREE","NO","Foreign key lookup to user_profiles.","required","KEY `idx_datasets_created_by` (`created_by`)"
"datasets","idx_datasets_deleted_by","deleted_by","BTREE","NO","Foreign key lookup to user_profiles.","required","KEY `idx_datasets_deleted_by` (`deleted_by`)"
"datasets","idx_datasets_organization_id","organization_id","BTREE","NO","Foreign key lookup to organizations.","required","KEY `idx_datasets_organization_id` (`organization_id`)"
"datasets","idx_datasets_project_id","project_id","BTREE","NO","Foreign key lookup to bi_projects.","required","KEY `idx_datasets_project_id` (`project_id`)"
"datasets","idx_datasets_status_changed_by","status_changed_by","BTREE","NO","Foreign key lookup to user_profiles.","required","KEY `idx_datasets_status_changed_by` (`status_changed_by`)"
"datasets","idx_datasets_updated_by","updated_by","BTREE","NO","Foreign key lookup to user_profiles.","required","KEY `idx_datasets_updated_by` (`updated_by`)"
"datasets","pk_datasets","id","BTREE","YES","Primary lookup and relationship target.","required","UNIQUE KEY `pk_datasets` (`id`)"
"datasets","uk_datasets_organization_id_project_id_name","organization_id, project_id, name","BTREE","YES","Business uniqueness rule.","required","UNIQUE KEY `uk_datasets_organization_id_project_id_name` (`organization_id`, `project_id`, `name`)"
"departments","idx_departments_branch_id","branch_id","BTREE","NO","Foreign key lookup to branches.","required","KEY `idx_departments_branch_id` (`branch_id`)"
"departments","idx_departments_created_by","created_by","BTREE","NO","Foreign key lookup to user_profiles.","required","KEY `idx_departments_created_by` (`created_by`)"
"departments","idx_departments_deleted_by","deleted_by","BTREE","NO","Foreign key lookup to user_profiles.","required","KEY `idx_departments_deleted_by` (`deleted_by`)"
"departments","idx_departments_organization_id","organization_id","BTREE","NO","Foreign key lookup to organizations.","required","KEY `idx_departments_organization_id` (`organization_id`)"
"departments","idx_departments_parent_department_id","parent_department_id","BTREE","NO","Foreign key lookup to departments.","required","KEY `idx_departments_parent_department_id` (`parent_department_id`)"
"departments","idx_departments_status_changed_by","status_changed_by","BTREE","NO","Foreign key lookup to user_profiles.","required","KEY `idx_departments_status_changed_by` (`status_changed_by`)"
"departments","idx_departments_updated_by","updated_by","BTREE","NO","Foreign key lookup to user_profiles.","required","KEY `idx_departments_updated_by` (`updated_by`)"
"departments","pk_departments","id","BTREE","YES","Primary lookup and relationship target.","required","UNIQUE KEY `pk_departments` (`id`)"
"departments","uk_departments_org_code","organization_id, code","BTREE","YES","Tenant-scoped business code uniqueness.","required","UNIQUE KEY `uk_departments_org_code` (`organization_id`, `code`)"
"embed_settings","idx_embed_settings_created_by","created_by","BTREE","NO","Foreign key lookup to user_profiles.","required","KEY `idx_embed_settings_created_by` (`created_by`)"
"embed_settings","idx_embed_settings_deleted_by","deleted_by","BTREE","NO","Foreign key lookup to user_profiles.","required","KEY `idx_embed_settings_deleted_by` (`deleted_by`)"
"embed_settings","idx_embed_settings_organization_id","organization_id","BTREE","NO","Foreign key lookup to organizations.","required","KEY `idx_embed_settings_organization_id` (`organization_id`)"
"embed_settings","idx_embed_settings_share_link_id","share_link_id","BTREE","NO","Foreign key lookup to dashboard_share_links.","required","KEY `idx_embed_settings_share_link_id` (`share_link_id`)"
"embed_settings","idx_embed_settings_status_changed_by","status_changed_by","BTREE","NO","Foreign key lookup to user_profiles.","required","KEY `idx_embed_settings_status_changed_by` (`status_changed_by`)"
"embed_settings","idx_embed_settings_updated_by","updated_by","BTREE","NO","Foreign key lookup to user_profiles.","required","KEY `idx_embed_settings_updated_by` (`updated_by`)"
"embed_settings","pk_embed_settings","id","BTREE","YES","Primary lookup and relationship target.","required","UNIQUE KEY `pk_embed_settings` (`id`)"
"embed_settings","uk_embed_settings_organization_id_share_link_id","organization_id, share_link_id","BTREE","YES","Business uniqueness rule.","required","UNIQUE KEY `uk_embed_settings_organization_id_share_link_id` (`organization_id`, `share_link_id`)"
"error_logs","idx_error_logs_created_by","created_by","BTREE","NO","Foreign key lookup to user_profiles.","required","KEY `idx_error_logs_created_by` (`created_by`)"
"error_logs","idx_error_logs_organization_id","organization_id","BTREE","NO","Foreign key lookup to organizations.","required","KEY `idx_error_logs_organization_id` (`organization_id`)"
"error_logs","idx_error_logs_status_changed_by","status_changed_by","BTREE","NO","Foreign key lookup to user_profiles.","required","KEY `idx_error_logs_status_changed_by` (`status_changed_by`)"
"error_logs","idx_error_logs_updated_by","updated_by","BTREE","NO","Foreign key lookup to user_profiles.","required","KEY `idx_error_logs_updated_by` (`updated_by`)"
"error_logs","pk_error_logs","id","BTREE","YES","Primary lookup and relationship target.","required","UNIQUE KEY `pk_error_logs` (`id`)"
"export_files","idx_export_files_created_by","created_by","BTREE","NO","Foreign key lookup to user_profiles.","required","KEY `idx_export_files_created_by` (`created_by`)"
"export_files","idx_export_files_deleted_by","deleted_by","BTREE","NO","Foreign key lookup to user_profiles.","required","KEY `idx_export_files_deleted_by` (`deleted_by`)"
"export_files","idx_export_files_export_job_id","export_job_id","BTREE","NO","Foreign key lookup to export_jobs.","required","KEY `idx_export_files_export_job_id` (`export_job_id`)"
"export_files","idx_export_files_file_id","file_id","BTREE","NO","Foreign key lookup to files.","required","KEY `idx_export_files_file_id` (`file_id`)"
"export_files","idx_export_files_organization_id","organization_id","BTREE","NO","Foreign key lookup to organizations.","required","KEY `idx_export_files_organization_id` (`organization_id`)"
"export_files","idx_export_files_status_changed_by","status_changed_by","BTREE","NO","Foreign key lookup to user_profiles.","required","KEY `idx_export_files_status_changed_by` (`status_changed_by`)"
"export_files","idx_export_files_updated_by","updated_by","BTREE","NO","Foreign key lookup to user_profiles.","required","KEY `idx_export_files_updated_by` (`updated_by`)"
"export_files","pk_export_files","id","BTREE","YES","Primary lookup and relationship target.","required","UNIQUE KEY `pk_export_files` (`id`)"
"export_files","uk_export_files_organization_id_export_job_id_file_id","organization_id, export_job_id, file_id","BTREE","YES","Business uniqueness rule.","required","UNIQUE KEY `uk_export_files_organization_id_export_job_id_file_id` (`organization_id`, `export_job_id`, `file_id`)"
"export_jobs","idx_export_jobs_org_branch","organization_id, branch_id","BTREE","NO","Tenant and branch scoped filtering.","recommended","KEY `idx_export_jobs_org_branch` (`organization_id`, `branch_id`)"
"export_jobs","idx_export_jobs_org_created","organization_id, created_at","BTREE","NO","Tenant timeline and retention filtering.","recommended","KEY `idx_export_jobs_org_created` (`organization_id`, `created_at`)"
"export_jobs","idx_export_jobs_org_status","organization_id, status","BTREE","NO","Tenant status filtering.","recommended","KEY `idx_export_jobs_org_status` (`organization_id`, `status`)"
"export_jobs","idx_export_jobs_branch_id","branch_id","BTREE","NO","Foreign key lookup to branches.","required","KEY `idx_export_jobs_branch_id` (`branch_id`)"
"export_jobs","idx_export_jobs_created_by","created_by","BTREE","NO","Foreign key lookup to user_profiles.","required","KEY `idx_export_jobs_created_by` (`created_by`)"
"export_jobs","idx_export_jobs_deleted_by","deleted_by","BTREE","NO","Foreign key lookup to user_profiles.","required","KEY `idx_export_jobs_deleted_by` (`deleted_by`)"
"export_jobs","idx_export_jobs_organization_id","organization_id","BTREE","NO","Foreign key lookup to organizations.","required","KEY `idx_export_jobs_organization_id` (`organization_id`)"
"export_jobs","idx_export_jobs_project_id","project_id","BTREE","NO","Foreign key lookup to bi_projects.","required","KEY `idx_export_jobs_project_id` (`project_id`)"
"export_jobs","idx_export_jobs_status_changed_by","status_changed_by","BTREE","NO","Foreign key lookup to user_profiles.","required","KEY `idx_export_jobs_status_changed_by` (`status_changed_by`)"
"export_jobs","idx_export_jobs_updated_by","updated_by","BTREE","NO","Foreign key lookup to user_profiles.","required","KEY `idx_export_jobs_updated_by` (`updated_by`)"
"export_jobs","pk_export_jobs","id","BTREE","YES","Primary lookup and relationship target.","required","UNIQUE KEY `pk_export_jobs` (`id`)"
"file_versions","idx_file_versions_created_by","created_by","BTREE","NO","Foreign key lookup to user_profiles.","required","KEY `idx_file_versions_created_by` (`created_by`)"
"file_versions","idx_file_versions_deleted_by","deleted_by","BTREE","NO","Foreign key lookup to user_profiles.","required","KEY `idx_file_versions_deleted_by` (`deleted_by`)"
"file_versions","idx_file_versions_file_id","file_id","BTREE","NO","Foreign key lookup to files.","required","KEY `idx_file_versions_file_id` (`file_id`)"
"file_versions","idx_file_versions_organization_id","organization_id","BTREE","NO","Foreign key lookup to organizations.","required","KEY `idx_file_versions_organization_id` (`organization_id`)"
"file_versions","idx_file_versions_status_changed_by","status_changed_by","BTREE","NO","Foreign key lookup to user_profiles.","required","KEY `idx_file_versions_status_changed_by` (`status_changed_by`)"
"file_versions","idx_file_versions_updated_by","updated_by","BTREE","NO","Foreign key lookup to user_profiles.","required","KEY `idx_file_versions_updated_by` (`updated_by`)"
"file_versions","pk_file_versions","id","BTREE","YES","Primary lookup and relationship target.","required","UNIQUE KEY `pk_file_versions` (`id`)"
"file_versions","uk_file_versions_organization_id_file_id_version_no","organization_id, file_id, version_no","BTREE","YES","Business uniqueness rule.","required","UNIQUE KEY `uk_file_versions_organization_id_file_id_version_no` (`organization_id`, `file_id`, `version_no`)"
"files","idx_files_org_branch","organization_id, branch_id","BTREE","NO","Tenant and branch scoped filtering.","recommended","KEY `idx_files_org_branch` (`organization_id`, `branch_id`)"
"files","idx_files_org_created","organization_id, created_at","BTREE","NO","Tenant timeline and retention filtering.","recommended","KEY `idx_files_org_created` (`organization_id`, `created_at`)"
"files","idx_files_org_status","organization_id, status","BTREE","NO","Tenant status filtering.","recommended","KEY `idx_files_org_status` (`organization_id`, `status`)"
"files","idx_files_branch_id","branch_id","BTREE","NO","Foreign key lookup to branches.","required","KEY `idx_files_branch_id` (`branch_id`)"
"files","idx_files_created_by","created_by","BTREE","NO","Foreign key lookup to user_profiles.","required","KEY `idx_files_created_by` (`created_by`)"
"files","idx_files_deleted_by","deleted_by","BTREE","NO","Foreign key lookup to user_profiles.","required","KEY `idx_files_deleted_by` (`deleted_by`)"
"files","idx_files_organization_id","organization_id","BTREE","NO","Foreign key lookup to organizations.","required","KEY `idx_files_organization_id` (`organization_id`)"
"files","idx_files_status_changed_by","status_changed_by","BTREE","NO","Foreign key lookup to user_profiles.","required","KEY `idx_files_status_changed_by` (`status_changed_by`)"
"files","idx_files_updated_by","updated_by","BTREE","NO","Foreign key lookup to user_profiles.","required","KEY `idx_files_updated_by` (`updated_by`)"
"files","idx_files_uploaded_by","uploaded_by","BTREE","NO","Foreign key lookup to user_profiles.","required","KEY `idx_files_uploaded_by` (`uploaded_by`)"
"files","pk_files","id","BTREE","YES","Primary lookup and relationship target.","required","UNIQUE KEY `pk_files` (`id`)"
"files","uk_files_organization_id_storage_provider_storage_key","organization_id, storage_provider, storage_key","BTREE","YES","Business uniqueness rule.","required","UNIQUE KEY `uk_files_organization_id_storage_provider_storage_key` (`organization_id`, `storage_provider`, `storage_key`)"
"import_errors","idx_import_errors_created_by","created_by","BTREE","NO","Foreign key lookup to user_profiles.","required","KEY `idx_import_errors_created_by` (`created_by`)"
"import_errors","idx_import_errors_import_job_id","import_job_id","BTREE","NO","Foreign key lookup to import_jobs.","required","KEY `idx_import_errors_import_job_id` (`import_job_id`)"
"import_errors","idx_import_errors_import_job_row_id","import_job_row_id","BTREE","NO","Foreign key lookup to import_job_rows.","required","KEY `idx_import_errors_import_job_row_id` (`import_job_row_id`)"
"import_errors","idx_import_errors_organization_id","organization_id","BTREE","NO","Foreign key lookup to organizations.","required","KEY `idx_import_errors_organization_id` (`organization_id`)"
"import_errors","idx_import_errors_status_changed_by","status_changed_by","BTREE","NO","Foreign key lookup to user_profiles.","required","KEY `idx_import_errors_status_changed_by` (`status_changed_by`)"
"import_errors","idx_import_errors_updated_by","updated_by","BTREE","NO","Foreign key lookup to user_profiles.","required","KEY `idx_import_errors_updated_by` (`updated_by`)"
"import_errors","pk_import_errors","id","BTREE","YES","Primary lookup and relationship target.","required","UNIQUE KEY `pk_import_errors` (`id`)"
"import_job_rows","idx_import_job_rows_created_by","created_by","BTREE","NO","Foreign key lookup to user_profiles.","required","KEY `idx_import_job_rows_created_by` (`created_by`)"
"import_job_rows","idx_import_job_rows_import_job_id","import_job_id","BTREE","NO","Foreign key lookup to import_jobs.","required","KEY `idx_import_job_rows_import_job_id` (`import_job_id`)"
"import_job_rows","idx_import_job_rows_organization_id","organization_id","BTREE","NO","Foreign key lookup to organizations.","required","KEY `idx_import_job_rows_organization_id` (`organization_id`)"
"import_job_rows","idx_import_job_rows_status_changed_by","status_changed_by","BTREE","NO","Foreign key lookup to user_profiles.","required","KEY `idx_import_job_rows_status_changed_by` (`status_changed_by`)"
"import_job_rows","idx_import_job_rows_updated_by","updated_by","BTREE","NO","Foreign key lookup to user_profiles.","required","KEY `idx_import_job_rows_updated_by` (`updated_by`)"
"import_job_rows","pk_import_job_rows","id","BTREE","YES","Primary lookup and relationship target.","required","UNIQUE KEY `pk_import_job_rows` (`id`)"
"import_job_rows","uk_import_job_rows_organization_id_import_job_id_row_number","organization_id, import_job_id, row_number","BTREE","YES","Business uniqueness rule.","required","UNIQUE KEY `uk_import_job_rows_organization_id_import_job_id_row_number` (`organization_id`, `import_job_id`, `row_number`)"
"import_jobs","idx_import_jobs_branch_id","branch_id","BTREE","NO","Foreign key lookup to branches.","required","KEY `idx_import_jobs_branch_id` (`branch_id`)"
"import_jobs","idx_import_jobs_created_by","created_by","BTREE","NO","Foreign key lookup to user_profiles.","required","KEY `idx_import_jobs_created_by` (`created_by`)"
"import_jobs","idx_import_jobs_dataset_id","dataset_id","BTREE","NO","Foreign key lookup to datasets.","required","KEY `idx_import_jobs_dataset_id` (`dataset_id`)"
"import_jobs","idx_import_jobs_deleted_by","deleted_by","BTREE","NO","Foreign key lookup to user_profiles.","required","KEY `idx_import_jobs_deleted_by` (`deleted_by`)"
"import_jobs","idx_import_jobs_organization_id","organization_id","BTREE","NO","Foreign key lookup to organizations.","required","KEY `idx_import_jobs_organization_id` (`organization_id`)"
"import_jobs","idx_import_jobs_project_id","project_id","BTREE","NO","Foreign key lookup to bi_projects.","required","KEY `idx_import_jobs_project_id` (`project_id`)"
"import_jobs","idx_import_jobs_source_file_id","source_file_id","BTREE","NO","Foreign key lookup to files.","required","KEY `idx_import_jobs_source_file_id` (`source_file_id`)"
"import_jobs","idx_import_jobs_status_changed_by","status_changed_by","BTREE","NO","Foreign key lookup to user_profiles.","required","KEY `idx_import_jobs_status_changed_by` (`status_changed_by`)"
"import_jobs","idx_import_jobs_updated_by","updated_by","BTREE","NO","Foreign key lookup to user_profiles.","required","KEY `idx_import_jobs_updated_by` (`updated_by`)"
"import_jobs","pk_import_jobs","id","BTREE","YES","Primary lookup and relationship target.","required","UNIQUE KEY `pk_import_jobs` (`id`)"
"organizations","idx_organizations_created_by","created_by","BTREE","NO","Foreign key lookup to user_profiles.","required","KEY `idx_organizations_created_by` (`created_by`)"
"organizations","idx_organizations_deleted_by","deleted_by","BTREE","NO","Foreign key lookup to user_profiles.","required","KEY `idx_organizations_deleted_by` (`deleted_by`)"
"organizations","idx_organizations_status_changed_by","status_changed_by","BTREE","NO","Foreign key lookup to user_profiles.","required","KEY `idx_organizations_status_changed_by` (`status_changed_by`)"
"organizations","idx_organizations_updated_by","updated_by","BTREE","NO","Foreign key lookup to user_profiles.","required","KEY `idx_organizations_updated_by` (`updated_by`)"
"organizations","pk_organizations","id","BTREE","YES","Primary lookup and relationship target.","required","UNIQUE KEY `pk_organizations` (`id`)"
"organizations","uk_organizations_code","code","BTREE","YES","Global business code uniqueness.","required","UNIQUE KEY `uk_organizations_code` (`code`)"
"organizations","uk_organizations_legal_name","legal_name","BTREE","YES","Business uniqueness rule.","required","UNIQUE KEY `uk_organizations_legal_name` (`legal_name`)"
"permissions","idx_permissions_created_by","created_by","BTREE","NO","Foreign key lookup to user_profiles.","required","KEY `idx_permissions_created_by` (`created_by`)"
"permissions","idx_permissions_deleted_by","deleted_by","BTREE","NO","Foreign key lookup to user_profiles.","required","KEY `idx_permissions_deleted_by` (`deleted_by`)"
"permissions","idx_permissions_status_changed_by","status_changed_by","BTREE","NO","Foreign key lookup to user_profiles.","required","KEY `idx_permissions_status_changed_by` (`status_changed_by`)"
"permissions","idx_permissions_updated_by","updated_by","BTREE","NO","Foreign key lookup to user_profiles.","required","KEY `idx_permissions_updated_by` (`updated_by`)"
"permissions","pk_permissions","id","BTREE","YES","Primary lookup and relationship target.","required","UNIQUE KEY `pk_permissions` (`id`)"
"permissions","uk_permissions_code","code","BTREE","YES","Global business code uniqueness.","required","UNIQUE KEY `uk_permissions_code` (`code`)"
"permissions","uk_permissions_module_key_action_key_resource_key","module_key, action_key, resource_key","BTREE","YES","Business uniqueness rule.","required","UNIQUE KEY `uk_permissions_module_key_action_key_resource_key` (`module_key`, `action_key`, `resource_key`)"
"positions","idx_positions_created_by","created_by","BTREE","NO","Foreign key lookup to user_profiles.","required","KEY `idx_positions_created_by` (`created_by`)"
"positions","idx_positions_deleted_by","deleted_by","BTREE","NO","Foreign key lookup to user_profiles.","required","KEY `idx_positions_deleted_by` (`deleted_by`)"
"positions","idx_positions_department_id","department_id","BTREE","NO","Foreign key lookup to departments.","required","KEY `idx_positions_department_id` (`department_id`)"
"positions","idx_positions_organization_id","organization_id","BTREE","NO","Foreign key lookup to organizations.","required","KEY `idx_positions_organization_id` (`organization_id`)"
"positions","idx_positions_status_changed_by","status_changed_by","BTREE","NO","Foreign key lookup to user_profiles.","required","KEY `idx_positions_status_changed_by` (`status_changed_by`)"
"positions","idx_positions_updated_by","updated_by","BTREE","NO","Foreign key lookup to user_profiles.","required","KEY `idx_positions_updated_by` (`updated_by`)"
"positions","pk_positions","id","BTREE","YES","Primary lookup and relationship target.","required","UNIQUE KEY `pk_positions` (`id`)"
"positions","uk_positions_org_code","organization_id, code","BTREE","YES","Tenant-scoped business code uniqueness.","required","UNIQUE KEY `uk_positions_org_code` (`organization_id`, `code`)"
"report_definitions","idx_report_definitions_org_branch","organization_id, branch_id","BTREE","NO","Tenant and branch scoped filtering.","recommended","KEY `idx_report_definitions_org_branch` (`organization_id`, `branch_id`)"
"report_definitions","idx_report_definitions_org_created","organization_id, created_at","BTREE","NO","Tenant timeline and retention filtering.","recommended","KEY `idx_report_definitions_org_created` (`organization_id`, `created_at`)"
"report_definitions","idx_report_definitions_org_status","organization_id, status","BTREE","NO","Tenant status filtering.","recommended","KEY `idx_report_definitions_org_status` (`organization_id`, `status`)"
"report_definitions","idx_report_definitions_branch_id","branch_id","BTREE","NO","Foreign key lookup to branches.","required","KEY `idx_report_definitions_branch_id` (`branch_id`)"
"report_definitions","idx_report_definitions_created_by","created_by","BTREE","NO","Foreign key lookup to user_profiles.","required","KEY `idx_report_definitions_created_by` (`created_by`)"
"report_definitions","idx_report_definitions_dashboard_id","dashboard_id","BTREE","NO","Foreign key lookup to bi_dashboards.","required","KEY `idx_report_definitions_dashboard_id` (`dashboard_id`)"
"report_definitions","idx_report_definitions_deleted_by","deleted_by","BTREE","NO","Foreign key lookup to user_profiles.","required","KEY `idx_report_definitions_deleted_by` (`deleted_by`)"
"report_definitions","idx_report_definitions_organization_id","organization_id","BTREE","NO","Foreign key lookup to organizations.","required","KEY `idx_report_definitions_organization_id` (`organization_id`)"
"report_definitions","idx_report_definitions_project_id","project_id","BTREE","NO","Foreign key lookup to bi_projects.","required","KEY `idx_report_definitions_project_id` (`project_id`)"
"report_definitions","idx_report_definitions_sql_query_id","sql_query_id","BTREE","NO","Foreign key lookup to sql_queries.","required","KEY `idx_report_definitions_sql_query_id` (`sql_query_id`)"
"report_definitions","idx_report_definitions_status_changed_by","status_changed_by","BTREE","NO","Foreign key lookup to user_profiles.","required","KEY `idx_report_definitions_status_changed_by` (`status_changed_by`)"
"report_definitions","idx_report_definitions_updated_by","updated_by","BTREE","NO","Foreign key lookup to user_profiles.","required","KEY `idx_report_definitions_updated_by` (`updated_by`)"
"report_definitions","pk_report_definitions","id","BTREE","YES","Primary lookup and relationship target.","required","UNIQUE KEY `pk_report_definitions` (`id`)"
"report_definitions","uk_report_definitions_org_code","organization_id, code","BTREE","YES","Tenant-scoped business code uniqueness.","required","UNIQUE KEY `uk_report_definitions_org_code` (`organization_id`, `code`)"
"report_definitions","uk_report_definitions_organization_id_project_id_code","organization_id, project_id, code","BTREE","YES","Business uniqueness rule.","required","UNIQUE KEY `uk_report_definitions_organization_id_project_id_code` (`organization_id`, `project_id`, `code`)"
"report_exports","idx_report_exports_created_by","created_by","BTREE","NO","Foreign key lookup to user_profiles.","required","KEY `idx_report_exports_created_by` (`created_by`)"
"report_exports","idx_report_exports_deleted_by","deleted_by","BTREE","NO","Foreign key lookup to user_profiles.","required","KEY `idx_report_exports_deleted_by` (`deleted_by`)"
"report_exports","idx_report_exports_export_file_id","export_file_id","BTREE","NO","Foreign key lookup to export_files.","required","KEY `idx_report_exports_export_file_id` (`export_file_id`)"
"report_exports","idx_report_exports_file_id","file_id","BTREE","NO","Foreign key lookup to files.","required","KEY `idx_report_exports_file_id` (`file_id`)"
"report_exports","idx_report_exports_organization_id","organization_id","BTREE","NO","Foreign key lookup to organizations.","required","KEY `idx_report_exports_organization_id` (`organization_id`)"
"report_exports","idx_report_exports_report_run_id","report_run_id","BTREE","NO","Foreign key lookup to report_runs.","required","KEY `idx_report_exports_report_run_id` (`report_run_id`)"
"report_exports","idx_report_exports_status_changed_by","status_changed_by","BTREE","NO","Foreign key lookup to user_profiles.","required","KEY `idx_report_exports_status_changed_by` (`status_changed_by`)"
"report_exports","idx_report_exports_updated_by","updated_by","BTREE","NO","Foreign key lookup to user_profiles.","required","KEY `idx_report_exports_updated_by` (`updated_by`)"
"report_exports","pk_report_exports","id","BTREE","YES","Primary lookup and relationship target.","required","UNIQUE KEY `pk_report_exports` (`id`)"
"report_parameters","idx_report_parameters_created_by","created_by","BTREE","NO","Foreign key lookup to user_profiles.","required","KEY `idx_report_parameters_created_by` (`created_by`)"
"report_parameters","idx_report_parameters_deleted_by","deleted_by","BTREE","NO","Foreign key lookup to user_profiles.","required","KEY `idx_report_parameters_deleted_by` (`deleted_by`)"
"report_parameters","idx_report_parameters_organization_id","organization_id","BTREE","NO","Foreign key lookup to organizations.","required","KEY `idx_report_parameters_organization_id` (`organization_id`)"
"report_parameters","idx_report_parameters_report_definition_id","report_definition_id","BTREE","NO","Foreign key lookup to report_definitions.","required","KEY `idx_report_parameters_report_definition_id` (`report_definition_id`)"
"report_parameters","idx_report_parameters_status_changed_by","status_changed_by","BTREE","NO","Foreign key lookup to user_profiles.","required","KEY `idx_report_parameters_status_changed_by` (`status_changed_by`)"
"report_parameters","idx_report_parameters_updated_by","updated_by","BTREE","NO","Foreign key lookup to user_profiles.","required","KEY `idx_report_parameters_updated_by` (`updated_by`)"
"report_parameters","pk_report_parameters","id","BTREE","YES","Primary lookup and relationship target.","required","UNIQUE KEY `pk_report_parameters` (`id`)"
"report_parameters","uk_report_parameters_organization_id_report_definition_id_pa","organization_id, report_definition_id, parameter_key","BTREE","YES","Business uniqueness rule.","required","UNIQUE KEY `uk_report_parameters_organization_id_report_definition_id_pa` (`organization_id`, `report_definition_id`, `parameter_key`)"
"report_runs","idx_report_runs_created_by","created_by","BTREE","NO","Foreign key lookup to user_profiles.","required","KEY `idx_report_runs_created_by` (`created_by`)"
"report_runs","idx_report_runs_deleted_by","deleted_by","BTREE","NO","Foreign key lookup to user_profiles.","required","KEY `idx_report_runs_deleted_by` (`deleted_by`)"
"report_runs","idx_report_runs_organization_id","organization_id","BTREE","NO","Foreign key lookup to organizations.","required","KEY `idx_report_runs_organization_id` (`organization_id`)"
"report_runs","idx_report_runs_report_definition_id","report_definition_id","BTREE","NO","Foreign key lookup to report_definitions.","required","KEY `idx_report_runs_report_definition_id` (`report_definition_id`)"
"report_runs","idx_report_runs_status_changed_by","status_changed_by","BTREE","NO","Foreign key lookup to user_profiles.","required","KEY `idx_report_runs_status_changed_by` (`status_changed_by`)"
"report_runs","idx_report_runs_updated_by","updated_by","BTREE","NO","Foreign key lookup to user_profiles.","required","KEY `idx_report_runs_updated_by` (`updated_by`)"
"report_runs","pk_report_runs","id","BTREE","YES","Primary lookup and relationship target.","required","UNIQUE KEY `pk_report_runs` (`id`)"
"retention_policies","idx_retention_policies_created_by","created_by","BTREE","NO","Foreign key lookup to user_profiles.","required","KEY `idx_retention_policies_created_by` (`created_by`)"
"retention_policies","idx_retention_policies_deleted_by","deleted_by","BTREE","NO","Foreign key lookup to user_profiles.","required","KEY `idx_retention_policies_deleted_by` (`deleted_by`)"
"retention_policies","idx_retention_policies_organization_id","organization_id","BTREE","NO","Foreign key lookup to organizations.","required","KEY `idx_retention_policies_organization_id` (`organization_id`)"
"retention_policies","idx_retention_policies_status_changed_by","status_changed_by","BTREE","NO","Foreign key lookup to user_profiles.","required","KEY `idx_retention_policies_status_changed_by` (`status_changed_by`)"
"retention_policies","idx_retention_policies_updated_by","updated_by","BTREE","NO","Foreign key lookup to user_profiles.","required","KEY `idx_retention_policies_updated_by` (`updated_by`)"
"retention_policies","pk_retention_policies","id","BTREE","YES","Primary lookup and relationship target.","required","UNIQUE KEY `pk_retention_policies` (`id`)"
"retention_policies","uk_retention_policies_org_code","organization_id, code","BTREE","YES","Tenant-scoped business code uniqueness.","required","UNIQUE KEY `uk_retention_policies_org_code` (`organization_id`, `code`)"
"role_permissions","idx_role_permissions_created_by","created_by","BTREE","NO","Foreign key lookup to user_profiles.","required","KEY `idx_role_permissions_created_by` (`created_by`)"
"role_permissions","idx_role_permissions_organization_id","organization_id","BTREE","NO","Foreign key lookup to organizations.","required","KEY `idx_role_permissions_organization_id` (`organization_id`)"
"role_permissions","idx_role_permissions_permission_id","permission_id","BTREE","NO","Foreign key lookup to permissions.","required","KEY `idx_role_permissions_permission_id` (`permission_id`)"
"role_permissions","idx_role_permissions_role_id","role_id","BTREE","NO","Foreign key lookup to roles.","required","KEY `idx_role_permissions_role_id` (`role_id`)"
"role_permissions","idx_role_permissions_status_changed_by","status_changed_by","BTREE","NO","Foreign key lookup to user_profiles.","required","KEY `idx_role_permissions_status_changed_by` (`status_changed_by`)"
"role_permissions","idx_role_permissions_updated_by","updated_by","BTREE","NO","Foreign key lookup to user_profiles.","required","KEY `idx_role_permissions_updated_by` (`updated_by`)"
"role_permissions","pk_role_permissions","id","BTREE","YES","Primary lookup and relationship target.","required","UNIQUE KEY `pk_role_permissions` (`id`)"
"role_permissions","uk_role_permissions_organization_id_role_id_permission_id","organization_id, role_id, permission_id","BTREE","YES","Business uniqueness rule.","required","UNIQUE KEY `uk_role_permissions_organization_id_role_id_permission_id` (`organization_id`, `role_id`, `permission_id`)"
"roles","idx_roles_created_by","created_by","BTREE","NO","Foreign key lookup to user_profiles.","required","KEY `idx_roles_created_by` (`created_by`)"
"roles","idx_roles_deleted_by","deleted_by","BTREE","NO","Foreign key lookup to user_profiles.","required","KEY `idx_roles_deleted_by` (`deleted_by`)"
"roles","idx_roles_organization_id","organization_id","BTREE","NO","Foreign key lookup to organizations.","required","KEY `idx_roles_organization_id` (`organization_id`)"
"roles","idx_roles_status_changed_by","status_changed_by","BTREE","NO","Foreign key lookup to user_profiles.","required","KEY `idx_roles_status_changed_by` (`status_changed_by`)"
"roles","idx_roles_updated_by","updated_by","BTREE","NO","Foreign key lookup to user_profiles.","required","KEY `idx_roles_updated_by` (`updated_by`)"
"roles","pk_roles","id","BTREE","YES","Primary lookup and relationship target.","required","UNIQUE KEY `pk_roles` (`id`)"
"roles","uk_roles_org_code","organization_id, code","BTREE","YES","Tenant-scoped business code uniqueness.","required","UNIQUE KEY `uk_roles_org_code` (`organization_id`, `code`)"
"saved_views","idx_saved_views_branch_id","branch_id","BTREE","NO","Foreign key lookup to branches.","required","KEY `idx_saved_views_branch_id` (`branch_id`)"
"saved_views","idx_saved_views_created_by","created_by","BTREE","NO","Foreign key lookup to user_profiles.","required","KEY `idx_saved_views_created_by` (`created_by`)"
"saved_views","idx_saved_views_dashboard_id","dashboard_id","BTREE","NO","Foreign key lookup to bi_dashboards.","required","KEY `idx_saved_views_dashboard_id` (`dashboard_id`)"
"saved_views","idx_saved_views_deleted_by","deleted_by","BTREE","NO","Foreign key lookup to user_profiles.","required","KEY `idx_saved_views_deleted_by` (`deleted_by`)"
"saved_views","idx_saved_views_organization_id","organization_id","BTREE","NO","Foreign key lookup to organizations.","required","KEY `idx_saved_views_organization_id` (`organization_id`)"
"saved_views","idx_saved_views_owner_user_id","owner_user_id","BTREE","NO","Foreign key lookup to user_profiles.","required","KEY `idx_saved_views_owner_user_id` (`owner_user_id`)"
"saved_views","idx_saved_views_project_id","project_id","BTREE","NO","Foreign key lookup to bi_projects.","required","KEY `idx_saved_views_project_id` (`project_id`)"
"saved_views","idx_saved_views_status_changed_by","status_changed_by","BTREE","NO","Foreign key lookup to user_profiles.","required","KEY `idx_saved_views_status_changed_by` (`status_changed_by`)"
"saved_views","idx_saved_views_updated_by","updated_by","BTREE","NO","Foreign key lookup to user_profiles.","required","KEY `idx_saved_views_updated_by` (`updated_by`)"
"saved_views","pk_saved_views","id","BTREE","YES","Primary lookup and relationship target.","required","UNIQUE KEY `pk_saved_views` (`id`)"
"saved_views","uk_saved_views_organization_id_owner_user_id_view_name","organization_id, owner_user_id, view_name","BTREE","YES","Business uniqueness rule.","required","UNIQUE KEY `uk_saved_views_organization_id_owner_user_id_view_name` (`organization_id`, `owner_user_id`, `view_name`)"
"sensitivity_label_assignments","idx_sensitivity_label_assignments_created_by","created_by","BTREE","NO","Foreign key lookup to user_profiles.","required","KEY `idx_sensitivity_label_assignments_created_by` (`created_by`)"
"sensitivity_label_assignments","idx_sensitivity_label_assignments_deleted_by","deleted_by","BTREE","NO","Foreign key lookup to user_profiles.","required","KEY `idx_sensitivity_label_assignments_deleted_by` (`deleted_by`)"
"sensitivity_label_assignments","idx_sensitivity_label_assignments_organization_id","organization_id","BTREE","NO","Foreign key lookup to organizations.","required","KEY `idx_sensitivity_label_assignments_organization_id` (`organization_id`)"
"sensitivity_label_assignments","idx_sensitivity_label_assignments_sensitivity_label_id","sensitivity_label_id","BTREE","NO","Foreign key lookup to sensitivity_labels.","required","KEY `idx_sensitivity_label_assignments_sensitivity_label_id` (`sensitivity_label_id`)"
"sensitivity_label_assignments","idx_sensitivity_label_assignments_status_changed_by","status_changed_by","BTREE","NO","Foreign key lookup to user_profiles.","required","KEY `idx_sensitivity_label_assignments_status_changed_by` (`status_changed_by`)"
"sensitivity_label_assignments","idx_sensitivity_label_assignments_target_table_target_id","organization_id, target_table, target_id","BTREE","NO","Polymorphic entity lookup.","required","KEY `idx_sensitivity_label_assignments_target_table_target_id` (`organization_id`, `target_table`, `target_id`)"
"sensitivity_label_assignments","idx_sensitivity_label_assignments_updated_by","updated_by","BTREE","NO","Foreign key lookup to user_profiles.","required","KEY `idx_sensitivity_label_assignments_updated_by` (`updated_by`)"
"sensitivity_label_assignments","pk_sensitivity_label_assignments","id","BTREE","YES","Primary lookup and relationship target.","required","UNIQUE KEY `pk_sensitivity_label_assignments` (`id`)"
"sensitivity_label_assignments","uk_sensitivity_label_assignments_organization_id_sensitivity","organization_id, sensitivity_label_id, target_table, target_id","BTREE","YES","Business uniqueness rule.","required","UNIQUE KEY `uk_sensitivity_label_assignments_organization_id_sensitivity` (`organization_id`, `sensitivity_label_id`, `target_table`, `target_id`)"
"sensitivity_labels","idx_sensitivity_labels_created_by","created_by","BTREE","NO","Foreign key lookup to user_profiles.","required","KEY `idx_sensitivity_labels_created_by` (`created_by`)"
"sensitivity_labels","idx_sensitivity_labels_deleted_by","deleted_by","BTREE","NO","Foreign key lookup to user_profiles.","required","KEY `idx_sensitivity_labels_deleted_by` (`deleted_by`)"
"sensitivity_labels","idx_sensitivity_labels_organization_id","organization_id","BTREE","NO","Foreign key lookup to organizations.","required","KEY `idx_sensitivity_labels_organization_id` (`organization_id`)"
"sensitivity_labels","idx_sensitivity_labels_status_changed_by","status_changed_by","BTREE","NO","Foreign key lookup to user_profiles.","required","KEY `idx_sensitivity_labels_status_changed_by` (`status_changed_by`)"
"sensitivity_labels","idx_sensitivity_labels_updated_by","updated_by","BTREE","NO","Foreign key lookup to user_profiles.","required","KEY `idx_sensitivity_labels_updated_by` (`updated_by`)"
"sensitivity_labels","pk_sensitivity_labels","id","BTREE","YES","Primary lookup and relationship target.","required","UNIQUE KEY `pk_sensitivity_labels` (`id`)"
"sensitivity_labels","uk_sensitivity_labels_org_code","organization_id, code","BTREE","YES","Tenant-scoped business code uniqueness.","required","UNIQUE KEY `uk_sensitivity_labels_org_code` (`organization_id`, `code`)"
"sql_queries","idx_sql_queries_org_branch","organization_id, branch_id","BTREE","NO","Tenant and branch scoped filtering.","recommended","KEY `idx_sql_queries_org_branch` (`organization_id`, `branch_id`)"
"sql_queries","idx_sql_queries_org_created","organization_id, created_at","BTREE","NO","Tenant timeline and retention filtering.","recommended","KEY `idx_sql_queries_org_created` (`organization_id`, `created_at`)"
"sql_queries","idx_sql_queries_org_status","organization_id, status","BTREE","NO","Tenant status filtering.","recommended","KEY `idx_sql_queries_org_status` (`organization_id`, `status`)"
"sql_queries","idx_sql_queries_branch_id","branch_id","BTREE","NO","Foreign key lookup to branches.","required","KEY `idx_sql_queries_branch_id` (`branch_id`)"
"sql_queries","idx_sql_queries_connection_id","connection_id","BTREE","NO","Foreign key lookup to data_source_connections.","required","KEY `idx_sql_queries_connection_id` (`connection_id`)"
"sql_queries","idx_sql_queries_created_by","created_by","BTREE","NO","Foreign key lookup to user_profiles.","required","KEY `idx_sql_queries_created_by` (`created_by`)"
"sql_queries","idx_sql_queries_dataset_id","dataset_id","BTREE","NO","Foreign key lookup to datasets.","required","KEY `idx_sql_queries_dataset_id` (`dataset_id`)"
"sql_queries","idx_sql_queries_deleted_by","deleted_by","BTREE","NO","Foreign key lookup to user_profiles.","required","KEY `idx_sql_queries_deleted_by` (`deleted_by`)"
"sql_queries","idx_sql_queries_organization_id","organization_id","BTREE","NO","Foreign key lookup to organizations.","required","KEY `idx_sql_queries_organization_id` (`organization_id`)"
"sql_queries","idx_sql_queries_project_id","project_id","BTREE","NO","Foreign key lookup to bi_projects.","required","KEY `idx_sql_queries_project_id` (`project_id`)"
"sql_queries","idx_sql_queries_status_changed_by","status_changed_by","BTREE","NO","Foreign key lookup to user_profiles.","required","KEY `idx_sql_queries_status_changed_by` (`status_changed_by`)"
"sql_queries","idx_sql_queries_updated_by","updated_by","BTREE","NO","Foreign key lookup to user_profiles.","required","KEY `idx_sql_queries_updated_by` (`updated_by`)"
"sql_queries","pk_sql_queries","id","BTREE","YES","Primary lookup and relationship target.","required","UNIQUE KEY `pk_sql_queries` (`id`)"
"sql_query_result_columns","idx_sql_query_result_columns_created_by","created_by","BTREE","NO","Foreign key lookup to user_profiles.","required","KEY `idx_sql_query_result_columns_created_by` (`created_by`)"
"sql_query_result_columns","idx_sql_query_result_columns_organization_id","organization_id","BTREE","NO","Foreign key lookup to organizations.","required","KEY `idx_sql_query_result_columns_organization_id` (`organization_id`)"
"sql_query_result_columns","idx_sql_query_result_columns_query_result_id","query_result_id","BTREE","NO","Foreign key lookup to sql_query_results.","required","KEY `idx_sql_query_result_columns_query_result_id` (`query_result_id`)"
"sql_query_result_columns","idx_sql_query_result_columns_status_changed_by","status_changed_by","BTREE","NO","Foreign key lookup to user_profiles.","required","KEY `idx_sql_query_result_columns_status_changed_by` (`status_changed_by`)"
"sql_query_result_columns","idx_sql_query_result_columns_updated_by","updated_by","BTREE","NO","Foreign key lookup to user_profiles.","required","KEY `idx_sql_query_result_columns_updated_by` (`updated_by`)"
"sql_query_result_columns","pk_sql_query_result_columns","id","BTREE","YES","Primary lookup and relationship target.","required","UNIQUE KEY `pk_sql_query_result_columns` (`id`)"
"sql_query_result_columns","uk_sql_query_result_columns_organization_id_query_result_id_","organization_id, query_result_id, column_name","BTREE","YES","Business uniqueness rule.","required","UNIQUE KEY `uk_sql_query_result_columns_organization_id_query_result_id_` (`organization_id`, `query_result_id`, `column_name`)"
"sql_query_result_rows","idx_sql_query_result_rows_created_by","created_by","BTREE","NO","Foreign key lookup to user_profiles.","required","KEY `idx_sql_query_result_rows_created_by` (`created_by`)"
"sql_query_result_rows","idx_sql_query_result_rows_organization_id","organization_id","BTREE","NO","Foreign key lookup to organizations.","required","KEY `idx_sql_query_result_rows_organization_id` (`organization_id`)"
"sql_query_result_rows","idx_sql_query_result_rows_query_result_id","query_result_id","BTREE","NO","Foreign key lookup to sql_query_results.","required","KEY `idx_sql_query_result_rows_query_result_id` (`query_result_id`)"
"sql_query_result_rows","idx_sql_query_result_rows_status_changed_by","status_changed_by","BTREE","NO","Foreign key lookup to user_profiles.","required","KEY `idx_sql_query_result_rows_status_changed_by` (`status_changed_by`)"
"sql_query_result_rows","idx_sql_query_result_rows_updated_by","updated_by","BTREE","NO","Foreign key lookup to user_profiles.","required","KEY `idx_sql_query_result_rows_updated_by` (`updated_by`)"
"sql_query_result_rows","pk_sql_query_result_rows","id","BTREE","YES","Primary lookup and relationship target.","required","UNIQUE KEY `pk_sql_query_result_rows` (`id`)"
"sql_query_result_rows","uk_sql_query_result_rows_organization_id_query_result_id_row","organization_id, query_result_id, row_number","BTREE","YES","Business uniqueness rule.","required","UNIQUE KEY `uk_sql_query_result_rows_organization_id_query_result_id_row` (`organization_id`, `query_result_id`, `row_number`)"
"sql_query_results","idx_sql_query_results_created_by","created_by","BTREE","NO","Foreign key lookup to user_profiles.","required","KEY `idx_sql_query_results_created_by` (`created_by`)"
"sql_query_results","idx_sql_query_results_organization_id","organization_id","BTREE","NO","Foreign key lookup to organizations.","required","KEY `idx_sql_query_results_organization_id` (`organization_id`)"
"sql_query_results","idx_sql_query_results_query_run_id","query_run_id","BTREE","NO","Foreign key lookup to sql_query_runs.","required","KEY `idx_sql_query_results_query_run_id` (`query_run_id`)"
"sql_query_results","idx_sql_query_results_updated_by","updated_by","BTREE","NO","Foreign key lookup to user_profiles.","required","KEY `idx_sql_query_results_updated_by` (`updated_by`)"
"sql_query_results","pk_sql_query_results","id","BTREE","YES","Primary lookup and relationship target.","required","UNIQUE KEY `pk_sql_query_results` (`id`)"
"sql_query_runs","idx_sql_query_runs_connection_id","connection_id","BTREE","NO","Foreign key lookup to data_source_connections.","required","KEY `idx_sql_query_runs_connection_id` (`connection_id`)"
"sql_query_runs","idx_sql_query_runs_created_by","created_by","BTREE","NO","Foreign key lookup to user_profiles.","required","KEY `idx_sql_query_runs_created_by` (`created_by`)"
"sql_query_runs","idx_sql_query_runs_organization_id","organization_id","BTREE","NO","Foreign key lookup to organizations.","required","KEY `idx_sql_query_runs_organization_id` (`organization_id`)"
"sql_query_runs","idx_sql_query_runs_sql_query_id","sql_query_id","BTREE","NO","Foreign key lookup to sql_queries.","required","KEY `idx_sql_query_runs_sql_query_id` (`sql_query_id`)"
"sql_query_runs","idx_sql_query_runs_status_changed_by","status_changed_by","BTREE","NO","Foreign key lookup to user_profiles.","required","KEY `idx_sql_query_runs_status_changed_by` (`status_changed_by`)"
"sql_query_runs","idx_sql_query_runs_updated_by","updated_by","BTREE","NO","Foreign key lookup to user_profiles.","required","KEY `idx_sql_query_runs_updated_by` (`updated_by`)"
"sql_query_runs","pk_sql_query_runs","id","BTREE","YES","Primary lookup and relationship target.","required","UNIQUE KEY `pk_sql_query_runs` (`id`)"
"sql_query_saved_parameters","idx_sql_query_saved_parameters_created_by","created_by","BTREE","NO","Foreign key lookup to user_profiles.","required","KEY `idx_sql_query_saved_parameters_created_by` (`created_by`)"
"sql_query_saved_parameters","idx_sql_query_saved_parameters_deleted_by","deleted_by","BTREE","NO","Foreign key lookup to user_profiles.","required","KEY `idx_sql_query_saved_parameters_deleted_by` (`deleted_by`)"
"sql_query_saved_parameters","idx_sql_query_saved_parameters_organization_id","organization_id","BTREE","NO","Foreign key lookup to organizations.","required","KEY `idx_sql_query_saved_parameters_organization_id` (`organization_id`)"
"sql_query_saved_parameters","idx_sql_query_saved_parameters_sql_query_id","sql_query_id","BTREE","NO","Foreign key lookup to sql_queries.","required","KEY `idx_sql_query_saved_parameters_sql_query_id` (`sql_query_id`)"
"sql_query_saved_parameters","idx_sql_query_saved_parameters_status_changed_by","status_changed_by","BTREE","NO","Foreign key lookup to user_profiles.","required","KEY `idx_sql_query_saved_parameters_status_changed_by` (`status_changed_by`)"
"sql_query_saved_parameters","idx_sql_query_saved_parameters_updated_by","updated_by","BTREE","NO","Foreign key lookup to user_profiles.","required","KEY `idx_sql_query_saved_parameters_updated_by` (`updated_by`)"
"sql_query_saved_parameters","pk_sql_query_saved_parameters","id","BTREE","YES","Primary lookup and relationship target.","required","UNIQUE KEY `pk_sql_query_saved_parameters` (`id`)"
"sql_query_saved_parameters","uk_sql_query_saved_parameters_organization_id_sql_query_id_p","organization_id, sql_query_id, parameter_name","BTREE","YES","Business uniqueness rule.","required","UNIQUE KEY `uk_sql_query_saved_parameters_organization_id_sql_query_id_p` (`organization_id`, `sql_query_id`, `parameter_name`)"
"sql_query_versions","idx_sql_query_versions_created_by","created_by","BTREE","NO","Foreign key lookup to user_profiles.","required","KEY `idx_sql_query_versions_created_by` (`created_by`)"
"sql_query_versions","idx_sql_query_versions_organization_id","organization_id","BTREE","NO","Foreign key lookup to organizations.","required","KEY `idx_sql_query_versions_organization_id` (`organization_id`)"
"sql_query_versions","idx_sql_query_versions_sql_query_id","sql_query_id","BTREE","NO","Foreign key lookup to sql_queries.","required","KEY `idx_sql_query_versions_sql_query_id` (`sql_query_id`)"
"sql_query_versions","idx_sql_query_versions_updated_by","updated_by","BTREE","NO","Foreign key lookup to user_profiles.","required","KEY `idx_sql_query_versions_updated_by` (`updated_by`)"
"sql_query_versions","pk_sql_query_versions","id","BTREE","YES","Primary lookup and relationship target.","required","UNIQUE KEY `pk_sql_query_versions` (`id`)"
"sql_query_versions","uk_sql_query_versions_organization_id_sql_query_id_version_n","organization_id, sql_query_id, version_no","BTREE","YES","Business uniqueness rule.","required","UNIQUE KEY `uk_sql_query_versions_organization_id_sql_query_id_version_n` (`organization_id`, `sql_query_id`, `version_no`)"
"system_settings","idx_system_settings_created_by","created_by","BTREE","NO","Foreign key lookup to user_profiles.","required","KEY `idx_system_settings_created_by` (`created_by`)"
"system_settings","idx_system_settings_deleted_by","deleted_by","BTREE","NO","Foreign key lookup to user_profiles.","required","KEY `idx_system_settings_deleted_by` (`deleted_by`)"
"system_settings","idx_system_settings_organization_id","organization_id","BTREE","NO","Foreign key lookup to organizations.","required","KEY `idx_system_settings_organization_id` (`organization_id`)"
"system_settings","idx_system_settings_status_changed_by","status_changed_by","BTREE","NO","Foreign key lookup to user_profiles.","required","KEY `idx_system_settings_status_changed_by` (`status_changed_by`)"
"system_settings","idx_system_settings_updated_by","updated_by","BTREE","NO","Foreign key lookup to user_profiles.","required","KEY `idx_system_settings_updated_by` (`updated_by`)"
"system_settings","pk_system_settings","id","BTREE","YES","Primary lookup and relationship target.","required","UNIQUE KEY `pk_system_settings` (`id`)"
"system_settings","uk_system_settings_organization_id_setting_scope_setting_key","organization_id, setting_scope, setting_key","BTREE","YES","Business uniqueness rule.","required","UNIQUE KEY `uk_system_settings_organization_id_setting_scope_setting_key` (`organization_id`, `setting_scope`, `setting_key`)"
"teams","idx_teams_created_by","created_by","BTREE","NO","Foreign key lookup to user_profiles.","required","KEY `idx_teams_created_by` (`created_by`)"
"teams","idx_teams_deleted_by","deleted_by","BTREE","NO","Foreign key lookup to user_profiles.","required","KEY `idx_teams_deleted_by` (`deleted_by`)"
"teams","idx_teams_department_id","department_id","BTREE","NO","Foreign key lookup to departments.","required","KEY `idx_teams_department_id` (`department_id`)"
"teams","idx_teams_organization_id","organization_id","BTREE","NO","Foreign key lookup to organizations.","required","KEY `idx_teams_organization_id` (`organization_id`)"
"teams","idx_teams_status_changed_by","status_changed_by","BTREE","NO","Foreign key lookup to user_profiles.","required","KEY `idx_teams_status_changed_by` (`status_changed_by`)"
"teams","idx_teams_team_lead_user_id","team_lead_user_id","BTREE","NO","Foreign key lookup to user_profiles.","required","KEY `idx_teams_team_lead_user_id` (`team_lead_user_id`)"
"teams","idx_teams_updated_by","updated_by","BTREE","NO","Foreign key lookup to user_profiles.","required","KEY `idx_teams_updated_by` (`updated_by`)"
"teams","pk_teams","id","BTREE","YES","Primary lookup and relationship target.","required","UNIQUE KEY `pk_teams` (`id`)"
"teams","uk_teams_org_code","organization_id, code","BTREE","YES","Tenant-scoped business code uniqueness.","required","UNIQUE KEY `uk_teams_org_code` (`organization_id`, `code`)"
"user_preferences","idx_user_preferences_created_by","created_by","BTREE","NO","Foreign key lookup to user_profiles.","required","KEY `idx_user_preferences_created_by` (`created_by`)"
"user_preferences","idx_user_preferences_deleted_by","deleted_by","BTREE","NO","Foreign key lookup to user_profiles.","required","KEY `idx_user_preferences_deleted_by` (`deleted_by`)"
"user_preferences","idx_user_preferences_organization_id","organization_id","BTREE","NO","Foreign key lookup to organizations.","required","KEY `idx_user_preferences_organization_id` (`organization_id`)"
"user_preferences","idx_user_preferences_status_changed_by","status_changed_by","BTREE","NO","Foreign key lookup to user_profiles.","required","KEY `idx_user_preferences_status_changed_by` (`status_changed_by`)"
"user_preferences","idx_user_preferences_updated_by","updated_by","BTREE","NO","Foreign key lookup to user_profiles.","required","KEY `idx_user_preferences_updated_by` (`updated_by`)"
"user_preferences","idx_user_preferences_user_id","user_id","BTREE","NO","Foreign key lookup to user_profiles.","required","KEY `idx_user_preferences_user_id` (`user_id`)"
"user_preferences","pk_user_preferences","id","BTREE","YES","Primary lookup and relationship target.","required","UNIQUE KEY `pk_user_preferences` (`id`)"
"user_preferences","uk_user_preferences_organization_id_user_id","organization_id, user_id","BTREE","YES","Business uniqueness rule.","required","UNIQUE KEY `uk_user_preferences_organization_id_user_id` (`organization_id`, `user_id`)"
"user_profiles","idx_user_profiles_created_by","created_by","BTREE","NO","Foreign key lookup to user_profiles.","required","KEY `idx_user_profiles_created_by` (`created_by`)"
"user_profiles","idx_user_profiles_deleted_by","deleted_by","BTREE","NO","Foreign key lookup to user_profiles.","required","KEY `idx_user_profiles_deleted_by` (`deleted_by`)"
"user_profiles","idx_user_profiles_department_id","department_id","BTREE","NO","Foreign key lookup to departments.","required","KEY `idx_user_profiles_department_id` (`department_id`)"
"user_profiles","idx_user_profiles_home_project_id","home_project_id","BTREE","NO","Foreign key lookup to bi_projects.","required","KEY `idx_user_profiles_home_project_id` (`home_project_id`)"
"user_profiles","idx_user_profiles_organization_id","organization_id","BTREE","NO","Foreign key lookup to organizations.","required","KEY `idx_user_profiles_organization_id` (`organization_id`)"
"user_profiles","idx_user_profiles_position_id","position_id","BTREE","NO","Foreign key lookup to positions.","required","KEY `idx_user_profiles_position_id` (`position_id`)"
"user_profiles","idx_user_profiles_status_changed_by","status_changed_by","BTREE","NO","Foreign key lookup to user_profiles.","required","KEY `idx_user_profiles_status_changed_by` (`status_changed_by`)"
"user_profiles","idx_user_profiles_updated_by","updated_by","BTREE","NO","Foreign key lookup to user_profiles.","required","KEY `idx_user_profiles_updated_by` (`updated_by`)"
"user_profiles","pk_user_profiles","id","BTREE","YES","Primary lookup and relationship target.","required","UNIQUE KEY `pk_user_profiles` (`id`)"
"user_profiles","uk_user_profiles_organization_id_email","organization_id, email","BTREE","YES","Business uniqueness rule.","required","UNIQUE KEY `uk_user_profiles_organization_id_email` (`organization_id`, `email`)"
"user_profiles","uk_user_profiles_organization_id_external_user_id","organization_id, external_user_id","BTREE","YES","Business uniqueness rule.","required","UNIQUE KEY `uk_user_profiles_organization_id_external_user_id` (`organization_id`, `external_user_id`)"
"user_roles","idx_user_roles_created_by","created_by","BTREE","NO","Foreign key lookup to user_profiles.","required","KEY `idx_user_roles_created_by` (`created_by`)"
"user_roles","idx_user_roles_deleted_by","deleted_by","BTREE","NO","Foreign key lookup to user_profiles.","required","KEY `idx_user_roles_deleted_by` (`deleted_by`)"
"user_roles","idx_user_roles_organization_id","organization_id","BTREE","NO","Foreign key lookup to organizations.","required","KEY `idx_user_roles_organization_id` (`organization_id`)"
"user_roles","idx_user_roles_role_id","role_id","BTREE","NO","Foreign key lookup to roles.","required","KEY `idx_user_roles_role_id` (`role_id`)"
"user_roles","idx_user_roles_status_changed_by","status_changed_by","BTREE","NO","Foreign key lookup to user_profiles.","required","KEY `idx_user_roles_status_changed_by` (`status_changed_by`)"
"user_roles","idx_user_roles_updated_by","updated_by","BTREE","NO","Foreign key lookup to user_profiles.","required","KEY `idx_user_roles_updated_by` (`updated_by`)"
"user_roles","idx_user_roles_user_id","user_id","BTREE","NO","Foreign key lookup to user_profiles.","required","KEY `idx_user_roles_user_id` (`user_id`)"
"user_roles","pk_user_roles","id","BTREE","YES","Primary lookup and relationship target.","required","UNIQUE KEY `pk_user_roles` (`id`)"
"user_roles","uk_user_roles_organization_id_user_id_role_id_effective_from","organization_id, user_id, role_id, effective_from","BTREE","YES","Business uniqueness rule.","required","UNIQUE KEY `uk_user_roles_organization_id_user_id_role_id_effective_from` (`organization_id`, `user_id`, `role_id`, `effective_from`)"
"webhook_delivery_attempts","idx_webhook_delivery_attempts_created_by","created_by","BTREE","NO","Foreign key lookup to user_profiles.","required","KEY `idx_webhook_delivery_attempts_created_by` (`created_by`)"
"webhook_delivery_attempts","idx_webhook_delivery_attempts_organization_id","organization_id","BTREE","NO","Foreign key lookup to organizations.","required","KEY `idx_webhook_delivery_attempts_organization_id` (`organization_id`)"
"webhook_delivery_attempts","idx_webhook_delivery_attempts_status_changed_by","status_changed_by","BTREE","NO","Foreign key lookup to user_profiles.","required","KEY `idx_webhook_delivery_attempts_status_changed_by` (`status_changed_by`)"
"webhook_delivery_attempts","idx_webhook_delivery_attempts_updated_by","updated_by","BTREE","NO","Foreign key lookup to user_profiles.","required","KEY `idx_webhook_delivery_attempts_updated_by` (`updated_by`)"
"webhook_delivery_attempts","idx_webhook_delivery_attempts_webhook_endpoint_id","webhook_endpoint_id","BTREE","NO","Foreign key lookup to webhook_endpoints.","required","KEY `idx_webhook_delivery_attempts_webhook_endpoint_id` (`webhook_endpoint_id`)"
"webhook_delivery_attempts","idx_webhook_delivery_attempts_webhook_event_id","webhook_event_id","BTREE","NO","Foreign key lookup to webhook_events.","required","KEY `idx_webhook_delivery_attempts_webhook_event_id` (`webhook_event_id`)"
"webhook_delivery_attempts","pk_webhook_delivery_attempts","id","BTREE","YES","Primary lookup and relationship target.","required","UNIQUE KEY `pk_webhook_delivery_attempts` (`id`)"
"webhook_endpoints","idx_webhook_endpoints_created_by","created_by","BTREE","NO","Foreign key lookup to user_profiles.","required","KEY `idx_webhook_endpoints_created_by` (`created_by`)"
"webhook_endpoints","idx_webhook_endpoints_deleted_by","deleted_by","BTREE","NO","Foreign key lookup to user_profiles.","required","KEY `idx_webhook_endpoints_deleted_by` (`deleted_by`)"
"webhook_endpoints","idx_webhook_endpoints_organization_id","organization_id","BTREE","NO","Foreign key lookup to organizations.","required","KEY `idx_webhook_endpoints_organization_id` (`organization_id`)"
"webhook_endpoints","idx_webhook_endpoints_status_changed_by","status_changed_by","BTREE","NO","Foreign key lookup to user_profiles.","required","KEY `idx_webhook_endpoints_status_changed_by` (`status_changed_by`)"
"webhook_endpoints","idx_webhook_endpoints_updated_by","updated_by","BTREE","NO","Foreign key lookup to user_profiles.","required","KEY `idx_webhook_endpoints_updated_by` (`updated_by`)"
"webhook_endpoints","pk_webhook_endpoints","id","BTREE","YES","Primary lookup and relationship target.","required","UNIQUE KEY `pk_webhook_endpoints` (`id`)"
"webhook_endpoints","uk_webhook_endpoints_org_code","organization_id, code","BTREE","YES","Tenant-scoped business code uniqueness.","required","UNIQUE KEY `uk_webhook_endpoints_org_code` (`organization_id`, `code`)"
"webhook_events","idx_webhook_events_org_created","organization_id, created_at","BTREE","NO","Tenant timeline and retention filtering.","recommended","KEY `idx_webhook_events_org_created` (`organization_id`, `created_at`)"
"webhook_events","idx_webhook_events_org_status","organization_id, status","BTREE","NO","Tenant status filtering.","recommended","KEY `idx_webhook_events_org_status` (`organization_id`, `status`)"
"webhook_events","idx_webhook_events_created_by","created_by","BTREE","NO","Foreign key lookup to user_profiles.","required","KEY `idx_webhook_events_created_by` (`created_by`)"
"webhook_events","idx_webhook_events_deleted_by","deleted_by","BTREE","NO","Foreign key lookup to user_profiles.","required","KEY `idx_webhook_events_deleted_by` (`deleted_by`)"
"webhook_events","idx_webhook_events_organization_id","organization_id","BTREE","NO","Foreign key lookup to organizations.","required","KEY `idx_webhook_events_organization_id` (`organization_id`)"
"webhook_events","idx_webhook_events_reference_table_reference_id","organization_id, reference_table, reference_id","BTREE","NO","Polymorphic entity lookup.","required","KEY `idx_webhook_events_reference_table_reference_id` (`organization_id`, `reference_table`, `reference_id`)"
"webhook_events","idx_webhook_events_status_changed_by","status_changed_by","BTREE","NO","Foreign key lookup to user_profiles.","required","KEY `idx_webhook_events_status_changed_by` (`status_changed_by`)"
"webhook_events","idx_webhook_events_updated_by","updated_by","BTREE","NO","Foreign key lookup to user_profiles.","required","KEY `idx_webhook_events_updated_by` (`updated_by`)"
"webhook_events","pk_webhook_events","id","BTREE","YES","Primary lookup and relationship target.","required","UNIQUE KEY `pk_webhook_events` (`id`)"
"workspace_contexts","idx_workspace_contexts_active_dashboard_id","active_dashboard_id","BTREE","NO","Foreign key lookup to bi_dashboards.","required","KEY `idx_workspace_contexts_active_dashboard_id` (`active_dashboard_id`)"
"workspace_contexts","idx_workspace_contexts_active_project_id","active_project_id","BTREE","NO","Foreign key lookup to bi_projects.","required","KEY `idx_workspace_contexts_active_project_id` (`active_project_id`)"
"workspace_contexts","idx_workspace_contexts_active_sheet_id","active_sheet_id","BTREE","NO","Foreign key lookup to bi_sheets.","required","KEY `idx_workspace_contexts_active_sheet_id` (`active_sheet_id`)"
"workspace_contexts","idx_workspace_contexts_created_by","created_by","BTREE","NO","Foreign key lookup to user_profiles.","required","KEY `idx_workspace_contexts_created_by` (`created_by`)"
"workspace_contexts","idx_workspace_contexts_deleted_by","deleted_by","BTREE","NO","Foreign key lookup to user_profiles.","required","KEY `idx_workspace_contexts_deleted_by` (`deleted_by`)"
"workspace_contexts","idx_workspace_contexts_organization_id","organization_id","BTREE","NO","Foreign key lookup to organizations.","required","KEY `idx_workspace_contexts_organization_id` (`organization_id`)"
"workspace_contexts","idx_workspace_contexts_updated_by","updated_by","BTREE","NO","Foreign key lookup to user_profiles.","required","KEY `idx_workspace_contexts_updated_by` (`updated_by`)"
"workspace_contexts","idx_workspace_contexts_user_id","user_id","BTREE","NO","Foreign key lookup to user_profiles.","required","KEY `idx_workspace_contexts_user_id` (`user_id`)"
"workspace_contexts","pk_workspace_contexts","id","BTREE","YES","Primary lookup and relationship target.","required","UNIQUE KEY `pk_workspace_contexts` (`id`)"
"workspace_contexts","uk_workspace_sessions_organization_id_user_id","organization_id, user_id","BTREE","YES","Business uniqueness rule.","required","UNIQUE KEY `uk_workspace_sessions_organization_id_user_id` (`organization_id`, `user_id`)"
